date,data_vencimento,taxa_indicativa,taxa_compra,taxa_venda,pu,vencimento_iso,vertice_ano,titulo_nome
2026-01-30,20260815,10.2621,10.274,10.2477,4622.589679,2026-08-15,2026,NTN-B 2026
2026-01-30,20270515,8.42,8.4292,8.405,4527.382621,2027-05-15,2027,NTN-B 2027
2026-01-30,20280815,7.8601,7.875,7.85,4536.526724,2028-08-15,2028,NTN-B 2028
2026-01-30,20290515,7.6769,7.6882,7.6636,4447.483095,2029-05-15,2029,NTN-B 2029
2026-01-30,20300815,7.6696,7.681,7.6589,4448.948172,2030-08-15,2030,NTN-B 2030
2026-01-30,20310515,7.626,7.6393,7.6094,4353.525257,2031-05-15,2031,NTN-B 2031
2026-01-30,20320815,7.6213,7.6321,7.606,4362.132012,2032-08-15,2032,NTN-B 2032
2026-01-30,20330515,7.63,7.6392,7.6161,4261.753553,2033-05-15,2033,NTN-B 2033
2026-01-30,20350515,7.48,7.4942,7.468,4228.708943,2035-05-15,2035,NTN-B 2035
2026-01-30,20370515,7.4663,7.4806,7.4522,4172.884448,2037-05-15,2037,NTN-B 2037
2026-01-30,20400815,7.3741,7.383,7.3554,4191.576813,2040-08-15,2040,NTN-B 2040
2026-01-30,20450515,7.2193,7.2301,7.2026,4105.738901,2045-05-15,2045,NTN-B 2045
2026-01-30,20500815,7.1214,7.135,7.0985,4159.179775,2050-08-15,2050,NTN-B 2050
2026-01-30,20550515,7.078,7.0921,7.0632,4077.553387,2055-05-15,2055,NTN-B 2055
2026-01-30,20600815,7.0905,7.102,7.077,4110.988379,2060-08-15,2060,NTN-B 2060
2026-02-02,20260815,10.267,10.2894,10.2529,4624.967757,2026-08-15,2026,NTN-B 2026
2026-02-02,20270515,8.3819,8.3953,8.3717,4531.459782,2027-05-15,2027,NTN-B 2027
2026-02-02,20280815,7.841,7.8542,7.8286,4540.421518,2028-08-15,2028,NTN-B 2028
2026-02-02,20290515,7.6901,7.7046,7.6807,4447.846004,2029-05-15,2029,NTN-B 2029
2026-02-02,20300815,7.6914,7.7029,7.6798,4447.432598,2030-08-15,2030,NTN-B 2030
2026-02-02,20310515,7.6591,7.6721,7.6444,4349.450644,2031-05-15,2031,NTN-B 2031
2026-02-02,20320815,7.6529,7.6694,7.6404,4357.309963,2032-08-15,2032,NTN-B 2032
2026-02-02,20330515,7.66,7.6753,7.6467,4256.709768,2033-05-15,2033,NTN-B 2033
2026-02-02,20350515,7.51,7.5221,7.4957,4222.291373,2035-05-15,2035,NTN-B 2035
2026-02-02,20370515,7.497,7.5121,7.484,4165.14021,2037-05-15,2037,NTN-B 2037
2026-02-02,20400815,7.4086,7.4218,7.3952,4180.918561,2040-08-15,2040,NTN-B 2040
2026-02-02,20450515,7.253,7.2701,7.2403,4093.3223,2045-05-15,2045,NTN-B 2045
2026-02-02,20500815,7.1577,7.1736,7.1389,4144.019727,2050-08-15,2050,NTN-B 2050
2026-02-02,20550515,7.115,7.1332,7.0994,4060.993905,2055-05-15,2055,NTN-B 2055
2026-02-02,20600815,7.1301,7.1416,7.1167,4092.518454,2060-08-15,2060,NTN-B 2060
2026-02-03,20260815,10.2237,10.24,10.2069,4628.389304,2026-08-15,2026,NTN-B 2026
2026-02-03,20270515,8.31,8.3273,8.2975,4537.256254,2027-05-15,2027,NTN-B 2027
2026-02-03,20280815,7.7918,7.8039,7.7783,4547.230033,2028-08-15,2028,NTN-B 2028
2026-02-03,20290515,7.65,7.6664,7.635,4454.71416,2029-05-15,2029,NTN-B 2029
2026-02-03,20300815,7.65,7.6628,7.6346,4456.032665,2030-08-15,2030,NTN-B 2030
2026-02-03,20310515,7.6088,7.6306,7.5974,4360.489284,2031-05-15,2031,NTN-B 2031
2026-02-03,20320815,7.6149,7.6318,7.6002,4367.352861,2032-08-15,2032,NTN-B 2032
2026-02-03,20330515,7.6327,7.647,7.6175,4264.895368,2033-05-15,2033,NTN-B 2033
2026-02-03,20350515,7.5051,7.5176,7.4949,4225.482632,2035-05-15,2035,NTN-B 2035
2026-02-03,20370515,7.4974,7.5137,7.4845,4166.834423,2037-05-15,2037,NTN-B 2037
2026-02-03,20400815,7.4082,7.4215,7.396,4182.877001,2040-08-15,2040,NTN-B 2040
2026-02-03,20450515,7.2736,7.2879,7.2602,4086.451553,2045-05-15,2045,NTN-B 2045
2026-02-03,20500815,7.1839,7.1968,7.1646,4133.632903,2050-08-15,2050,NTN-B 2050
2026-02-03,20550515,7.1354,7.1529,7.1177,4052.689554,2055-05-15,2055,NTN-B 2055
2026-02-03,20600815,7.15,7.1651,7.1358,4084.1591,2060-08-15,2060,NTN-B 2060
2026-02-04,20260815,10.1917,10.204,10.179,4631.554464,2026-08-15,2026,NTN-B 2026
2026-02-04,20270515,8.2937,8.3075,8.2815,4540.201,2027-05-15,2027,NTN-B 2027
2026-02-04,20280815,7.8161,7.83,7.806,4546.913977,2028-08-15,2028,NTN-B 2028
2026-02-04,20290515,7.687,7.6982,7.6748,4452.174158,2029-05-15,2029,NTN-B 2029
2026-02-04,20300815,7.6902,7.7031,7.6765,4451.572242,2030-08-15,2030,NTN-B 2030
2026-02-04,20310515,7.6504,7.6648,7.6388,4354.875046,2031-05-15,2031,NTN-B 2031
2026-02-04,20320815,7.6518,7.6632,7.6365,4361.404232,2032-08-15,2032,NTN-B 2032
2026-02-04,20330515,7.66,7.674,7.6503,4260.479836,2033-05-15,2033,NTN-B 2033
2026-02-04,20350515,7.5323,7.545,7.5197,4219.857365,2035-05-15,2035,NTN-B 2035
2026-02-04,20370515,7.5298,7.5446,7.515,4158.599725,2037-05-15,2037,NTN-B 2037
2026-02-04,20400815,7.4123,7.4265,7.3987,4183.20938,2040-08-15,2040,NTN-B 2040
2026-02-04,20450515,7.3025,7.3163,7.2927,4076.146355,2045-05-15,2045,NTN-B 2045
2026-02-04,20500815,7.2123,7.2263,7.1981,4122.291755,2050-08-15,2050,NTN-B 2050
2026-02-04,20550515,7.1617,7.177,7.149,4041.547643,2055-05-15,2055,NTN-B 2055
2026-02-04,20600815,7.1702,7.1817,7.1578,4075.696066,2060-08-15,2060,NTN-B 2060
2026-02-05,20260815,10.2496,10.264,10.2331,4632.804158,2026-08-15,2026,NTN-B 2026
2026-02-05,20270515,8.2811,8.2945,8.2695,4542.958113,2027-05-15,2027,NTN-B 2027
2026-02-05,20280815,7.8,7.8155,7.7875,4550.508472,2028-08-15,2028,NTN-B 2028
2026-02-05,20290515,7.67,7.6834,7.6535,4456.218607,2029-05-15,2029,NTN-B 2029
2026-02-05,20300815,7.67,7.6852,7.6546,4456.774659,2030-08-15,2030,NTN-B 2030
2026-02-05,20310515,7.6478,7.6641,7.6318,4357.27353,2031-05-15,2031,NTN-B 2031
2026-02-05,20320815,7.6496,7.6615,7.6331,4363.803694,2032-08-15,2032,NTN-B 2032
2026-02-05,20330515,7.6498,7.6631,7.6361,4264.716158,2033-05-15,2033,NTN-B 2033
2026-02-05,20350515,7.5395,7.5514,7.5226,4219.726501,2035-05-15,2035,NTN-B 2035
2026-02-05,20370515,7.5272,7.5424,7.5132,4161.226161,2037-05-15,2037,NTN-B 2037
2026-02-05,20400815,7.4159,7.4323,7.4035,4183.725585,2040-08-15,2040,NTN-B 2040
2026-02-05,20450515,7.3026,7.3175,7.2903,4077.859729,2045-05-15,2045,NTN-B 2045
2026-02-05,20500815,7.2229,7.236,7.2065,4119.177605,2050-08-15,2050,NTN-B 2050
2026-02-05,20550515,7.1673,7.184,7.1574,4040.530722,2055-05-15,2055,NTN-B 2055
2026-02-05,20600815,7.19,7.2026,7.1775,4067.473966,2060-08-15,2060,NTN-B 2060
2026-02-06,20260815,10.25,10.2723,10.2272,4635.285892,2026-08-15,2026,NTN-B 2026
2026-02-06,20270515,8.273,8.2885,8.258,4545.486142,2027-05-15,2027,NTN-B 2027
2026-02-06,20280815,7.8168,7.8314,7.806,4550.923398,2028-08-15,2028,NTN-B 2028
2026-02-06,20290515,7.7,7.7134,7.6857,4454.546544,2029-05-15,2029,NTN-B 2029
2026-02-06,20300815,7.7152,7.7288,7.6992,4451.53606,2030-08-15,2030,NTN-B 2030
2026-02-06,20310515,7.6878,7.7044,7.6662,4351.974068,2031-05-15,2031,NTN-B 2031
2026-02-06,20320815,7.6825,7.6978,7.6664,4358.730422,2032-08-15,2032,NTN-B 2032
2026-02-06,20330515,7.6859,7.7019,7.6674,4258.29516,2033-05-15,2033,NTN-B 2033
2026-02-06,20350515,7.5841,7.6014,7.5692,4209.369049,2035-05-15,2035,NTN-B 2035
2026-02-06,20370515,7.5671,7.5884,7.5556,4150.708275,2037-05-15,2037,NTN-B 2037
2026-02-06,20400815,7.4327,7.45,7.4178,4179.489421,2040-08-15,2040,NTN-B 2040
2026-02-06,20450515,7.329,7.3458,7.3143,4068.643859,2045-05-15,2045,NTN-B 2045
2026-02-06,20500815,7.2496,7.2665,7.2348,4108.699383,2050-08-15,2050,NTN-B 2050
2026-02-06,20550515,7.1915,7.2104,7.1751,4030.481953,2055-05-15,2055,NTN-B 2055
2026-02-06,20600815,7.2148,7.2302,7.1991,4056.794962,2060-08-15,2060,NTN-B 2060
2026-02-09,20260815,10.2893,10.3103,10.2741,4636.950027,2026-08-15,2026,NTN-B 2026
2026-02-09,20270515,8.31,8.3221,8.2963,4545.730192,2027-05-15,2027,NTN-B 2027
2026-02-09,20280815,7.8637,7.8769,7.8498,4548.442332,2028-08-15,2028,NTN-B 2028
2026-02-09,20290515,7.7399,7.7526,7.7245,4451.683297,2029-05-15,2029,NTN-B 2029
2026-02-09,20300815,7.74,7.7533,7.7256,4449.56415,2030-08-15,2030,NTN-B 2030
2026-02-09,20310515,7.7132,7.7292,7.6992,4349.325302,2031-05-15,2031,NTN-B 2031
2026-02-09,20320815,7.6922,7.7036,7.6778,4358.601739,2032-08-15,2032,NTN-B 2032
2026-02-09,20330515,7.6897,7.7033,7.6756,4259.309841,2033-05-15,2033,NTN-B 2033
2026-02-09,20350515,7.59,7.6021,7.5756,4209.60873,2035-05-15,2035,NTN-B 2035
2026-02-09,20370515,7.5685,7.5819,7.5517,4152.097576,2037-05-15,2037,NTN-B 2037
2026-02-09,20400815,7.4229,7.4348,7.4078,4184.831724,2040-08-15,2040,NTN-B 2040
2026-02-09,20450515,7.307,7.3236,7.2964,4079.531747,2045-05-15,2045,NTN-B 2045
2026-02-09,20500815,7.2402,7.2593,7.2275,4114.757386,2050-08-15,2050,NTN-B 2050
2026-02-09,20550515,7.1802,7.1928,7.1654,4037.68205,2055-05-15,2055,NTN-B 2055
2026-02-09,20600815,7.1997,7.2147,7.183,4066.072178,2060-08-15,2060,NTN-B 2060
2026-02-10,20260815,10.27,10.2833,10.2553,4639.850856,2026-08-15,2026,NTN-B 2026
2026-02-10,20270515,8.3139,8.3255,8.2984,4547.656484,2027-05-15,2027,NTN-B 2027
2026-02-10,20280815,7.8802,7.8934,7.8667,4548.902416,2028-08-15,2028,NTN-B 2028
2026-02-10,20290515,7.7358,7.748,7.7234,4454.165607,2029-05-15,2029,NTN-B 2029
2026-02-10,20300815,7.7411,7.7542,7.7286,4451.374903,2030-08-15,2030,NTN-B 2030
2026-02-10,20310515,7.7197,7.7331,7.7051,4350.091204,2031-05-15,2031,NTN-B 2031
2026-02-10,20320815,7.6961,7.7073,7.6835,4359.709247,2032-08-15,2032,NTN-B 2032
2026-02-10,20330515,7.6801,7.6953,7.6673,4263.404678,2033-05-15,2033,NTN-B 2033
2026-02-10,20350515,7.5623,7.5765,7.551,4219.033867,2035-05-15,2035,NTN-B 2035
2026-02-10,20370515,7.5455,7.5618,7.5326,4161.026766,2037-05-15,2037,NTN-B 2037
2026-02-10,20400815,7.4,7.415,7.3867,4194.906002,2040-08-15,2040,NTN-B 2040
2026-02-10,20450515,7.3,7.3128,7.2856,4084.197356,2045-05-15,2045,NTN-B 2045
2026-02-10,20500815,7.2403,7.2548,7.2265,4116.467455,2050-08-15,2050,NTN-B 2050
2026-02-10,20550515,7.1792,7.1928,7.1636,4039.886312,2055-05-15,2055,NTN-B 2055
2026-02-10,20600815,7.2074,7.2209,7.195,4063.949811,2060-08-15,2060,NTN-B 2060
2026-02-11,20260815,10.24,10.2537,10.2277,4642.964381,2026-08-15,2026,NTN-B 2026
2026-02-11,20270515,8.28,8.2933,8.2657,4551.478123,2027-05-15,2027,NTN-B 2027
2026-02-11,20280815,7.8506,7.8619,7.8378,4553.800226,2028-08-15,2028,NTN-B 2028
2026-02-11,20290515,7.72,7.7326,7.7065,4458.060611,2029-05-15,2029,NTN-B 2029
2026-02-11,20300815,7.729,7.7419,7.7156,4455.283284,2030-08-15,2030,NTN-B 2030
2026-02-11,20310515,7.7038,7.721,7.6911,4354.885668,2031-05-15,2031,NTN-B 2031
2026-02-11,20320815,7.6814,7.6944,7.6667,4364.767251,2032-08-15,2032,NTN-B 2032
2026-02-11,20330515,7.669,7.6832,7.6555,4267.850491,2033-05-15,2033,NTN-B 2033
2026-02-11,20350515,7.5513,7.5648,7.5378,4223.896071,2035-05-15,2035,NTN-B 2035
2026-02-11,20370515,7.5285,7.5445,7.5148,4168.115019,2037-05-15,2037,NTN-B 2037
2026-02-11,20400815,7.3994,7.4129,7.3863,4196.941283,2040-08-15,2040,NTN-B 2040
2026-02-11,20450515,7.2836,7.3006,7.2678,4092.786919,2045-05-15,2045,NTN-B 2045
2026-02-11,20500815,7.22,7.2334,7.2022,4127.540294,2050-08-15,2050,NTN-B 2050
2026-02-11,20550515,7.16,7.1747,7.143,4050.956879,2055-05-15,2055,NTN-B 2055
2026-02-11,20600815,7.1978,7.2117,7.1826,4070.485534,2060-08-15,2060,NTN-B 2060
2026-02-12,20260815,10.2059,10.22,10.1933,4646.152317,2026-08-15,2026,NTN-B 2026
2026-02-12,20270515,8.2452,8.2543,8.2332,4555.342194,2027-05-15,2027,NTN-B 2027
2026-02-12,20280815,7.8262,7.8376,7.8134,4558.188921,2028-08-15,2028,NTN-B 2028
2026-02-12,20290515,7.68,7.693,7.6671,4464.886189,2029-05-15,2029,NTN-B 2029
2026-02-12,20300815,7.6948,7.7073,7.6856,4462.706304,2030-08-15,2030,NTN-B 2030
2026-02-12,20310515,7.6812,7.6924,7.666,4360.890985,2031-05-15,2031,NTN-B 2031
2026-02-12,20320815,7.66,7.6715,7.65,4371.247735,2032-08-15,2032,NTN-B 2032
2026-02-12,20330515,7.64,7.6539,7.6325,4276.418164,2033-05-15,2033,NTN-B 2033
2026-02-12,20350515,7.53,7.543,7.5158,4231.587967,2035-05-15,2035,NTN-B 2035
2026-02-12,20370515,7.5091,7.5145,7.4923,4175.954925,2037-05-15,2037,NTN-B 2037
2026-02-12,20400815,7.38,7.3907,7.3636,4205.774272,2040-08-15,2040,NTN-B 2040
2026-02-12,20450515,7.2531,7.267,7.2368,4107.306961,2045-05-15,2045,NTN-B 2045
2026-02-12,20500815,7.1876,7.2036,7.1702,4144.240826,2050-08-15,2050,NTN-B 2050
2026-02-12,20550515,7.1388,7.1532,7.1242,4063.047029,2055-05-15,2055,NTN-B 2055
2026-02-12,20600815,7.1767,7.1915,7.1614,4082.813154,2060-08-15,2060,NTN-B 2060
2026-02-13,20260815,10.1462,10.1661,10.1337,4649.856259,2026-08-15,2026,NTN-B 2026
2026-02-13,20270515,8.17,8.1873,8.1594,4561.221948,2027-05-15,2027,NTN-B 2027
2026-02-13,20280815,7.7805,7.8,7.7708,4564.625652,2028-08-15,2028,NTN-B 2028
2026-02-13,20290515,7.6472,7.6708,7.6375,4470.839788,2029-05-15,2029,NTN-B 2029
2026-02-13,20300815,7.6737,7.6884,7.6645,4468.04783,2030-08-15,2030,NTN-B 2030
2026-02-13,20310515,7.6557,7.67,7.643,4367.422358,2031-05-15,2031,NTN-B 2031
2026-02-13,20320815,7.6296,7.6497,7.6184,4379.652697,2032-08-15,2032,NTN-B 2032
2026-02-13,20330515,7.6181,7.6319,7.6059,4283.35545,2033-05-15,2033,NTN-B 2033
2026-02-13,20350515,7.5027,7.5217,7.493,4240.93793,2035-05-15,2035,NTN-B 2035
2026-02-13,20370515,7.481,7.4947,7.4683,4186.515451,2037-05-15,2037,NTN-B 2037
2026-02-13,20400815,7.3506,7.3687,7.3358,4218.252698,2040-08-15,2040,NTN-B 2040
2026-02-13,20450515,7.2118,7.2352,7.204,4126.444661,2045-05-15,2045,NTN-B 2045
2026-02-13,20500815,7.1473,7.1633,7.1369,4164.704143,2050-08-15,2050,NTN-B 2050
2026-02-13,20550515,7.0962,7.118,7.0827,4085.742792,2055-05-15,2055,NTN-B 2055
2026-02-13,20600815,7.1389,7.1602,7.1316,4103.658238,2060-08-15,2060,NTN-B 2060
2026-02-18,20260815,10.0763,10.0912,10.0588,4517.74685,2026-08-15,2026,NTN-B 2026
2026-02-18,20270515,8.1101,8.1237,8.0984,4566.31671,2027-05-15,2027,NTN-B 2027
2026-02-18,20280815,7.7255,7.7366,7.7094,4435.949096,2028-08-15,2028,NTN-B 2028
2026-02-18,20290515,7.61,7.6242,7.595,4477.324103,2029-05-15,2029,NTN-B 2029
2026-02-18,20300815,7.64,7.6521,7.6274,4339.402813,2030-08-15,2030,NTN-B 2030
2026-02-18,20310515,7.6276,7.6403,7.6119,4374.424819,2031-05-15,2031,NTN-B 2031
2026-02-18,20320815,7.6039,7.6144,7.587,4251.063447,2032-08-15,2032,NTN-B 2032
2026-02-18,20330515,7.6001,7.6126,7.5836,4289.397662,2033-05-15,2033,NTN-B 2033
2026-02-18,20350515,7.4869,7.5015,7.4668,4247.1394,2035-05-15,2035,NTN-B 2035
2026-02-18,20370515,7.4674,7.4807,7.4541,4192.579962,2037-05-15,2037,NTN-B 2037
2026-02-18,20400815,7.3343,7.35,7.3207,4090.002699,2040-08-15,2040,NTN-B 2040
2026-02-18,20450515,7.1846,7.1957,7.1694,4139.708831,2045-05-15,2045,NTN-B 2045
2026-02-18,20500815,7.12,7.136,7.1057,4043.222351,2050-08-15,2050,NTN-B 2050
2026-02-18,20550515,7.0719,7.0885,7.0546,4099.516098,2055-05-15,2055,NTN-B 2055
2026-02-18,20600815,7.1112,7.125,7.0967,3983.501388,2060-08-15,2060,NTN-B 2060
2026-02-19,20260815,10.067,10.0825,10.0495,4520.783489,2026-08-15,2026,NTN-B 2026
2026-02-19,20270515,8.1161,8.1307,8.1001,4568.569418,2027-05-15,2027,NTN-B 2027
2026-02-19,20280815,7.7398,7.7532,7.724,4436.995914,2028-08-15,2028,NTN-B 2028
2026-02-19,20290515,7.64,7.6555,7.6262,4476.112734,2029-05-15,2029,NTN-B 2029
2026-02-19,20300815,7.6813,7.6956,7.6678,4335.175305,2030-08-15,2030,NTN-B 2030
2026-02-19,20310515,7.6697,7.6856,7.6503,4369.202936,2031-05-15,2031,NTN-B 2031
2026-02-19,20320815,7.64,7.6543,7.6253,4245.672745,2032-08-15,2032,NTN-B 2032
2026-02-19,20330515,7.63,7.6448,7.6136,4284.821775,2033-05-15,2033,NTN-B 2033
2026-02-19,20350515,7.5208,7.5361,7.507,4240.095803,2035-05-15,2035,NTN-B 2035
2026-02-19,20370515,7.4952,7.5135,7.48,4186.171557,2037-05-15,2037,NTN-B 2037
2026-02-19,20400815,7.35,7.3633,7.3356,4086.463008,2040-08-15,2040,NTN-B 2040
2026-02-19,20450515,7.1955,7.2122,7.183,4137.262878,2045-05-15,2045,NTN-B 2045
2026-02-19,20500815,7.14,7.1559,7.1196,4035.985239,2050-08-15,2050,NTN-B 2050
2026-02-19,20550515,7.0958,7.1126,7.077,4089.79905,2055-05-15,2055,NTN-B 2055
2026-02-19,20600815,7.1369,7.1523,7.1188,3972.490003,2060-08-15,2060,NTN-B 2060
2026-02-20,20260815,10.04,10.0546,10.0196,4524.17116,2026-08-15,2026,NTN-B 2026
2026-02-20,20270515,8.119,8.1325,8.1057,4570.984056,2027-05-15,2027,NTN-B 2027
2026-02-20,20280815,7.77,7.7835,7.7557,4436.519523,2028-08-15,2028,NTN-B 2028
2026-02-20,20290515,7.6531,7.6654,7.6377,4476.953236,2029-05-15,2029,NTN-B 2029
2026-02-20,20300815,7.68,7.6914,7.67,4337.738835,2030-08-15,2030,NTN-B 2030
2026-02-20,20310515,7.66,7.6703,7.6425,4373.321423,2031-05-15,2031,NTN-B 2031
2026-02-20,20320815,7.6336,7.6461,7.614,4249.336977,2032-08-15,2032,NTN-B 2032
2026-02-20,20330515,7.6081,7.6214,7.5951,4292.187048,2033-05-15,2033,NTN-B 2033
2026-02-20,20350515,7.4733,7.4858,7.4605,4255.440006,2035-05-15,2035,NTN-B 2035
2026-02-20,20370515,7.4443,7.4582,7.429,4204.277666,2037-05-15,2037,NTN-B 2037
2026-02-20,20400815,7.2923,7.3082,7.2786,4109.676126,2040-08-15,2040,NTN-B 2040
2026-02-20,20450515,7.1366,7.1521,7.1256,4164.483713,2045-05-15,2045,NTN-B 2045
2026-02-20,20500815,7.0887,7.0985,7.0755,4062.145226,2050-08-15,2050,NTN-B 2050
2026-02-20,20550515,7.0539,7.0741,7.036,4112.750653,2055-05-15,2055,NTN-B 2055
2026-02-20,20600815,7.097,7.1124,7.0815,3994.929069,2060-08-15,2060,NTN-B 2060
2026-02-23,20260815,10.0189,10.0341,9.9982,4527.431335,2026-08-15,2026,NTN-B 2026
2026-02-23,20270515,8.1108,8.1255,8.0992,4573.947459,2027-05-15,2027,NTN-B 2027
2026-02-23,20280815,7.7589,7.7674,7.7427,4440.006433,2028-08-15,2028,NTN-B 2028
2026-02-23,20290515,7.65,7.6628,7.6362,4479.755069,2029-05-15,2029,NTN-B 2029
2026-02-23,20300815,7.6791,7.6915,7.6646,4340.234318,2030-08-15,2030,NTN-B 2030
2026-02-23,20310515,7.66,7.6746,7.647,4375.692275,2031-05-15,2031,NTN-B 2031
2026-02-23,20320815,7.6303,7.6454,7.6191,4252.339836,2032-08-15,2032,NTN-B 2032
2026-02-23,20330515,7.61,7.625,7.5968,4294.072681,2033-05-15,2033,NTN-B 2033
2026-02-23,20350515,7.4638,7.4753,7.449,4260.341125,2035-05-15,2035,NTN-B 2035
2026-02-23,20370515,7.4273,7.4448,7.4161,4211.840791,2037-05-15,2037,NTN-B 2037
2026-02-23,20400815,7.2652,7.2768,7.2501,4121.787158,2040-08-15,2040,NTN-B 2040
2026-02-23,20450515,7.13,7.1433,7.1164,4169.481838,2045-05-15,2045,NTN-B 2045
2026-02-23,20500815,7.0997,7.1116,7.0853,4059.08891,2050-08-15,2050,NTN-B 2050
2026-02-23,20550515,7.0627,7.0774,7.0464,4110.503407,2055-05-15,2055,NTN-B 2055
2026-02-23,20600815,7.1075,7.1205,7.0959,3991.635005,2060-08-15,2060,NTN-B 2060
2026-02-24,20260815,10.0222,10.0342,10.0048,4530.213947,2026-08-15,2026,NTN-B 2026
2026-02-24,20270515,8.0857,8.0948,8.0731,4577.74554,2027-05-15,2027,NTN-B 2027
2026-02-24,20280815,7.731,7.7451,7.7183,4445.101911,2028-08-15,2028,NTN-B 2028
2026-02-24,20290515,7.6011,7.616,7.5894,4488.09309,2029-05-15,2029,NTN-B 2029
2026-02-24,20300815,7.63,7.6425,7.6159,4350.40251,2030-08-15,2030,NTN-B 2030
2026-02-24,20310515,7.5986,7.6142,7.5855,4389.134174,2031-05-15,2031,NTN-B 2031
2026-02-24,20320815,7.5675,7.5815,7.5544,4268.025774,2032-08-15,2032,NTN-B 2032
2026-02-24,20330515,7.5423,7.554,7.5281,4312.048447,2033-05-15,2033,NTN-B 2033
2026-02-24,20350515,7.39,7.4026,7.3776,4283.042295,2035-05-15,2035,NTN-B 2035
2026-02-24,20370515,7.37,7.3823,7.356,4232.07546,2037-05-15,2037,NTN-B 2037
2026-02-24,20400815,7.2208,7.2354,7.208,4140.318579,2040-08-15,2040,NTN-B 2040
2026-02-24,20450515,7.1086,7.1225,7.0947,4180.832332,2045-05-15,2045,NTN-B 2045
2026-02-24,20500815,7.0695,7.082,7.0558,4075.445,2050-08-15,2050,NTN-B 2050
2026-02-24,20550515,7.0417,7.056,7.0276,4123.128554,2055-05-15,2055,NTN-B 2055
2026-02-24,20600815,7.0757,7.0859,7.0649,4010.046464,2060-08-15,2060,NTN-B 2060
2026-02-25,20260815,10.0415,10.0566,10.0265,4532.684457,2026-08-15,2026,NTN-B 2026
2026-02-25,20270515,8.1,8.1126,8.0878,4579.592275,2027-05-15,2027,NTN-B 2027
2026-02-25,20280815,7.7664,7.7806,7.7526,4444.142725,2028-08-15,2028,NTN-B 2028
2026-02-25,20290515,7.6172,7.6316,7.6022,4488.572499,2029-05-15,2029,NTN-B 2029
2026-02-25,20300815,7.619,7.6325,7.6046,4354.509364,2030-08-15,2030,NTN-B 2030
2026-02-25,20310515,7.5724,7.587,7.5591,4396.240003,2031-05-15,2031,NTN-B 2031
2026-02-25,20320815,7.5231,7.5361,7.5121,4279.822573,2032-08-15,2032,NTN-B 2032
2026-02-25,20330515,7.5,7.5126,7.4861,4324.183256,2033-05-15,2033,NTN-B 2033
2026-02-25,20350515,7.3534,7.3659,7.3395,4295.496896,2035-05-15,2035,NTN-B 2035
2026-02-25,20370515,7.3309,7.3466,7.3169,4246.663756,2037-05-15,2037,NTN-B 2037
2026-02-25,20400815,7.1912,7.2052,7.1776,4153.456115,2040-08-15,2040,NTN-B 2040
2026-02-25,20450515,7.0752,7.0934,7.065,4197.388438,2045-05-15,2045,NTN-B 2045
2026-02-25,20500815,7.0301,7.0445,7.0172,4096.263029,2050-08-15,2050,NTN-B 2050
2026-02-25,20550515,7.0102,7.0243,6.9905,4141.088922,2055-05-15,2055,NTN-B 2055
2026-02-25,20600815,7.0372,7.0515,7.0246,4032.059565,2060-08-15,2060,NTN-B 2060
2026-02-26,20260815,10.09,10.1037,10.0791,4534.603054,2026-08-15,2026,NTN-B 2026
2026-02-26,20270515,8.1012,8.1129,8.0905,4582.093865,2027-05-15,2027,NTN-B 2027
2026-02-26,20280815,7.7502,7.763,7.7378,4448.117071,2028-08-15,2028,NTN-B 2028
2026-02-26,20290515,7.568,7.5806,7.5557,4496.939357,2029-05-15,2029,NTN-B 2029
2026-02-26,20300815,7.55,7.5657,7.5424,4367.869211,2030-08-15,2030,NTN-B 2030
2026-02-26,20310515,7.4817,7.4993,7.4681,4415.042126,2031-05-15,2031,NTN-B 2031
2026-02-26,20320815,7.4396,7.45,7.4277,4300.051522,2032-08-15,2032,NTN-B 2032
2026-02-26,20330515,7.4242,7.4372,7.4128,4344.169877,2033-05-15,2033,NTN-B 2033
2026-02-26,20350515,7.28,7.296,7.27,4318.282133,2035-05-15,2035,NTN-B 2035
2026-02-26,20370515,7.2597,7.2726,7.2417,4271.500828,2037-05-15,2037,NTN-B 2037
2026-02-26,20400815,7.112,7.123,7.0987,4185.148454,2040-08-15,2040,NTN-B 2040
2026-02-26,20450515,6.9909,7.0064,6.9762,4236.182186,2045-05-15,2045,NTN-B 2045
2026-02-26,20500815,6.9499,6.9667,6.9386,4136.869815,2050-08-15,2050,NTN-B 2050
2026-02-26,20550515,6.93,6.9484,6.9133,4183.969016,2055-05-15,2055,NTN-B 2055
2026-02-26,20600815,6.9517,6.9664,6.9414,4079.017456,2060-08-15,2060,NTN-B 2060
2026-02-27,20260815,9.875,9.8916,9.8621,4541.586881,2026-08-15,2026,NTN-B 2026
2026-02-27,20270515,8.087,8.0992,8.0738,4585.347576,2027-05-15,2027,NTN-B 2027
2026-02-27,20280815,7.7498,7.764,7.7393,4450.581594,2028-08-15,2028,NTN-B 2028
2026-02-27,20290515,7.559,7.574,7.5478,4500.452934,2029-05-15,2029,NTN-B 2029
2026-02-27,20300815,7.55,7.5678,7.5361,4370.221547,2030-08-15,2030,NTN-B 2030
2026-02-27,20310515,7.5077,7.5207,7.4915,4412.69191,2031-05-15,2031,NTN-B 2031
2026-02-27,20320815,7.4648,7.4782,7.4536,4296.930678,2032-08-15,2032,NTN-B 2032
2026-02-27,20330515,7.4589,7.4725,7.4423,4338.391817,2033-05-15,2033,NTN-B 2033
2026-02-27,20350515,7.3427,7.3593,7.329,4303.041322,2035-05-15,2035,NTN-B 2035
2026-02-27,20370515,7.3057,7.3251,7.2942,4259.142377,2037-05-15,2037,NTN-B 2037
2026-02-27,20400815,7.1467,7.1615,7.1366,4174.367551,2040-08-15,2040,NTN-B 2040
2026-02-27,20450515,7.0372,7.0502,7.0123,4218.206588,2045-05-15,2045,NTN-B 2045
2026-02-27,20500815,6.9857,7.0014,6.9736,4121.758864,2050-08-15,2050,NTN-B 2050
2026-02-27,20550515,6.9598,6.9805,6.9391,4170.911304,2055-05-15,2055,NTN-B 2055
2026-02-27,20600815,6.9792,6.9985,6.9586,4066.597162,2060-08-15,2060,NTN-B 2060
2026-03-02,20260815,10.0293,10.0442,10.0128,4545.295766,2026-08-15,2026,NTN-B 2026
2026-03-02,20270515,8.0996,8.112,8.085,4591.147871,2027-05-15,2027,NTN-B 2027
2026-03-02,20280815,7.76,7.7734,7.7427,4455.778285,2028-08-15,2028,NTN-B 2028
2026-03-02,20290515,7.55,7.5659,7.5368,4507.747694,2029-05-15,2029,NTN-B 2029
2026-03-02,20300815,7.56,7.5712,7.545,4374.652491,2030-08-15,2030,NTN-B 2030
2026-03-02,20310515,7.5264,7.5409,7.5058,4415.379162,2031-05-15,2031,NTN-B 2031
2026-03-02,20320815,7.4814,7.4937,7.4657,4299.274934,2032-08-15,2032,NTN-B 2032
2026-03-02,20330515,7.4619,7.481,7.4464,4343.659993,2033-05-15,2033,NTN-B 2033
2026-03-02,20350515,7.3452,7.3581,7.3279,4308.247903,2035-05-15,2035,NTN-B 2035
2026-03-02,20370515,7.3112,7.3283,7.2971,4263.235429,2037-05-15,2037,NTN-B 2037
2026-03-02,20400815,7.1512,7.1668,7.1383,4178.382046,2040-08-15,2040,NTN-B 2040
2026-03-02,20450515,7.0492,7.0654,7.0354,4218.735036,2045-05-15,2045,NTN-B 2045
2026-03-02,20500815,6.98,6.9959,6.9659,4130.098705,2050-08-15,2050,NTN-B 2050
2026-03-02,20550515,6.9586,6.9769,6.9434,4177.182575,2055-05-15,2055,NTN-B 2055
2026-03-02,20600815,6.9791,6.9933,6.9586,4072.173458,2060-08-15,2060,NTN-B 2060
2026-03-03,20260815,10.0769,10.0922,10.0599,4547.737705,2026-08-15,2026,NTN-B 2026
2026-03-03,20270515,8.16,8.1728,8.1464,4591.247805,2027-05-15,2027,NTN-B 2027
2026-03-03,20280815,7.879,7.8909,7.8648,4447.384806,2028-08-15,2028,NTN-B 2028
2026-03-03,20290515,7.67,7.6857,7.6578,4496.188296,2029-05-15,2029,NTN-B 2029
2026-03-03,20300815,7.6748,7.6924,7.6633,4359.197013,2030-08-15,2030,NTN-B 2030
2026-03-03,20310515,7.6127,7.6284,7.5982,4402.619429,2031-05-15,2031,NTN-B 2031
2026-03-03,20320815,7.58,7.5923,7.5676,4280.917599,2032-08-15,2032,NTN-B 2032
2026-03-03,20330515,7.5472,7.5632,7.5328,4326.615203,2033-05-15,2033,NTN-B 2033
2026-03-03,20350515,7.4218,7.441,7.4082,4289.695305,2035-05-15,2035,NTN-B 2035
2026-03-03,20370515,7.3824,7.399,7.3659,4243.448517,2037-05-15,2037,NTN-B 2037
2026-03-03,20400815,7.2225,7.2384,7.2091,4154.522327,2040-08-15,2040,NTN-B 2040
2026-03-03,20450515,7.1155,7.1319,7.1043,4192.757496,2045-05-15,2045,NTN-B 2045
2026-03-03,20500815,7.0442,7.0616,7.0315,4101.939161,2050-08-15,2050,NTN-B 2050
2026-03-03,20550515,7.0207,7.0369,7.0076,4148.310554,2055-05-15,2055,NTN-B 2055
2026-03-03,20600815,7.0366,7.0518,7.0251,4044.574869,2060-08-15,2060,NTN-B 2060
2026-03-04,20260815,10.1249,10.1362,10.1087,4550.185419,2026-08-15,2026,NTN-B 2026
2026-03-04,20270515,8.1527,8.1653,8.1392,4594.661968,2027-05-15,2027,NTN-B 2027
2026-03-04,20280815,7.8625,7.8755,7.8477,4451.860578,2028-08-15,2028,NTN-B 2028
2026-03-04,20290515,7.6617,7.6781,7.6466,4500.099674,2029-05-15,2029,NTN-B 2029
2026-03-04,20300815,7.67,7.685,7.656,4362.787449,2030-08-15,2030,NTN-B 2030
2026-03-04,20310515,7.62,7.6352,7.6052,4404.147776,2031-05-15,2031,NTN-B 2031
2026-03-04,20320815,7.59,7.6033,7.5748,4281.544113,2032-08-15,2032,NTN-B 2032
2026-03-04,20330515,7.5602,7.5771,7.55,4326.385374,2033-05-15,2033,NTN-B 2033
2026-03-04,20350515,7.4483,7.46,7.4332,4285.098913,2035-05-15,2035,NTN-B 2035
2026-03-04,20370515,7.3953,7.4101,7.3809,4242.090451,2037-05-15,2037,NTN-B 2037
2026-03-04,20400815,7.25,7.2635,7.2353,4146.988012,2040-08-15,2040,NTN-B 2040
2026-03-04,20450515,7.1286,7.1444,7.1144,4189.765643,2045-05-15,2045,NTN-B 2045
2026-03-04,20500815,7.0626,7.0774,7.0516,4095.757344,2050-08-15,2050,NTN-B 2050
2026-03-04,20550515,7.0438,7.057,7.0301,4139.292101,2055-05-15,2055,NTN-B 2055
2026-03-04,20600815,7.0555,7.0676,7.0433,4037.27396,2060-08-15,2060,NTN-B 2060
2026-03-05,20260815,10.1003,10.1167,10.0775,4553.996686,2026-08-15,2026,NTN-B 2026
2026-03-05,20270515,8.1926,8.207,8.1783,4595.787318,2027-05-15,2027,NTN-B 2027
2026-03-05,20280815,7.926,7.9403,7.9084,4448.778873,2028-08-15,2028,NTN-B 2028
2026-03-05,20290515,7.7466,7.7636,7.7283,4492.837072,2029-05-15,2029,NTN-B 2029
2026-03-05,20300815,7.7926,7.802,7.7762,4346.221179,2030-08-15,2030,NTN-B 2030
2026-03-05,20310515,7.769,7.7808,7.748,4380.262371,2031-05-15,2031,NTN-B 2031
2026-03-05,20320815,7.7447,7.756,7.7273,4251.486816,2032-08-15,2032,NTN-B 2032
2026-03-05,20330515,7.739,7.75,7.7188,4288.035724,2033-05-15,2033,NTN-B 2033
2026-03-05,20350515,7.6362,7.6489,7.6219,4236.315833,2035-05-15,2035,NTN-B 2035
2026-03-05,20370515,7.5551,7.5721,7.5438,4194.95008,2037-05-15,2037,NTN-B 2037
2026-03-05,20400815,7.3905,7.4135,7.3707,4098.248339,2040-08-15,2040,NTN-B 2040
2026-03-05,20450515,7.2376,7.259,7.2201,4146.042709,2045-05-15,2045,NTN-B 2045
2026-03-05,20500815,7.1712,7.186,7.1522,4047.281224,2050-08-15,2050,NTN-B 2050
2026-03-05,20550515,7.1517,7.17,7.132,4088.342171,2055-05-15,2055,NTN-B 2055
2026-03-05,20600815,7.16,7.1733,7.145,3986.186265,2060-08-15,2060,NTN-B 2060
2026-03-06,20260815,9.9139,9.93,9.8996,4560.780676,2026-08-15,2026,NTN-B 2026
2026-03-06,20270515,8.1732,8.1924,8.1619,4599.791085,2027-05-15,2027,NTN-B 2027
2026-03-06,20280815,7.95,7.9656,7.9346,4449.441161,2028-08-15,2028,NTN-B 2028
2026-03-06,20290515,7.8175,7.8317,7.7996,4487.291976,2029-05-15,2029,NTN-B 2029
2026-03-06,20300815,7.8635,7.8801,7.8485,4337.898371,2030-08-15,2030,NTN-B 2030
2026-03-06,20310515,7.8447,7.8605,7.8255,4369.623203,2031-05-15,2031,NTN-B 2031
2026-03-06,20320815,7.8275,7.8426,7.807,4236.819647,2032-08-15,2032,NTN-B 2032
2026-03-06,20330515,7.811,7.8319,7.7922,4274.407128,2033-05-15,2033,NTN-B 2033
2026-03-06,20350515,7.7003,7.7186,7.6852,4221.666386,2035-05-15,2035,NTN-B 2035
2026-03-06,20370515,7.6061,7.6265,7.587,4181.907553,2037-05-15,2037,NTN-B 2037
2026-03-06,20400815,7.4573,7.4779,7.442,4076.74484,2040-08-15,2040,NTN-B 2040
2026-03-06,20450515,7.3002,7.3243,7.2859,4122.380182,2045-05-15,2045,NTN-B 2045
2026-03-06,20500815,7.2269,7.2451,7.2158,4024.027197,2050-08-15,2050,NTN-B 2050
2026-03-06,20550515,7.2044,7.2313,7.1867,4065.171999,2055-05-15,2055,NTN-B 2055
2026-03-06,20600815,7.2078,7.2225,7.1921,3964.569124,2060-08-15,2060,NTN-B 2060
2026-03-09,20260815,9.8415,9.8693,9.8106,4565.433754,2026-08-15,2026,NTN-B 2026
2026-03-09,20270515,8.1916,8.2089,8.1736,4601.971607,2027-05-15,2027,NTN-B 2027
2026-03-09,20280815,7.9791,7.9953,7.954,4449.631963,2028-08-15,2028,NTN-B 2028
2026-03-09,20290515,7.8129,7.8325,7.7906,4490.772864,2029-05-15,2029,NTN-B 2029
2026-03-09,20300815,7.8382,7.857,7.823,4344.718507,2030-08-15,2030,NTN-B 2030
2026-03-09,20310515,7.8014,7.826,7.7858,4380.193406,2031-05-15,2031,NTN-B 2031
2026-03-09,20320815,7.77,7.7878,7.7514,4251.682394,2032-08-15,2032,NTN-B 2032
2026-03-09,20330515,7.746,7.7646,7.7275,4292.019148,2033-05-15,2033,NTN-B 2033
2026-03-09,20350515,7.6294,7.6485,7.6145,4243.645546,2035-05-15,2035,NTN-B 2035
2026-03-09,20370515,7.5429,7.5663,7.5203,4204.131425,2037-05-15,2037,NTN-B 2037
2026-03-09,20400815,7.3937,7.4112,7.3788,4102.314397,2040-08-15,2040,NTN-B 2040
2026-03-09,20450515,7.2516,7.2761,7.2351,4145.382478,2045-05-15,2045,NTN-B 2045
2026-03-09,20500815,7.1754,7.2016,7.1578,4050.423807,2050-08-15,2050,NTN-B 2050
2026-03-09,20550515,7.1543,7.18,7.1293,4092.207101,2055-05-15,2055,NTN-B 2055
2026-03-09,20600815,7.1585,7.1783,7.1479,3991.966017,2060-08-15,2060,NTN-B 2060
2026-03-10,20260815,9.9434,9.9597,9.926,4566.908816,2026-08-15,2026,NTN-B 2026
2026-03-10,20270515,8.1791,8.1922,8.164,4605.641758,2027-05-15,2027,NTN-B 2027
2026-03-10,20280815,7.9262,7.9421,7.9114,4457.538417,2028-08-15,2028,NTN-B 2028
2026-03-10,20290515,7.7704,7.7909,7.7548,4498.772495,2029-05-15,2029,NTN-B 2029
2026-03-10,20300815,7.8056,7.8238,7.7894,4352.684857,2030-08-15,2030,NTN-B 2030
2026-03-10,20310515,7.775,7.7897,7.7589,4387.760869,2031-05-15,2031,NTN-B 2031
2026-03-10,20320815,7.7308,7.7461,7.7151,4262.722537,2032-08-15,2032,NTN-B 2032
2026-03-10,20330515,7.72,7.7376,7.7092,4300.75738,2033-05-15,2033,NTN-B 2033
2026-03-10,20350515,7.5877,7.6018,7.574,4257.761872,2035-05-15,2035,NTN-B 2035
2026-03-10,20370515,7.4831,7.4984,7.469,4225.422778,2037-05-15,2037,NTN-B 2037
2026-03-10,20400815,7.3318,7.3463,7.313,4127.457746,2040-08-15,2040,NTN-B 2040
2026-03-10,20450515,7.19,7.2106,7.1785,4174.068574,2045-05-15,2045,NTN-B 2045
2026-03-10,20500815,7.114,7.1303,7.0973,4081.711451,2050-08-15,2050,NTN-B 2050
2026-03-10,20550515,7.0941,7.1158,7.074,4124.517408,2055-05-15,2055,NTN-B 2055
2026-03-10,20600815,7.0891,7.1128,7.0702,4029.992016,2060-08-15,2060,NTN-B 2060
2026-03-11,20260815,9.9635,9.9806,9.9443,4569.882788,2026-08-15,2026,NTN-B 2026
2026-03-11,20270515,8.2257,8.2425,8.212,4606.478923,2027-05-15,2027,NTN-B 2027
2026-03-11,20280815,8.0,8.0166,7.987,4453.536401,2028-08-15,2028,NTN-B 2028
2026-03-11,20290515,7.8602,7.8753,7.8442,4491.015875,2029-05-15,2029,NTN-B 2029
2026-03-11,20300815,7.8709,7.8893,7.8583,4345.269559,2030-08-15,2030,NTN-B 2030
2026-03-11,20310515,7.8345,7.8526,7.8207,4380.020394,2031-05-15,2031,NTN-B 2031
2026-03-11,20320815,7.7802,7.796,7.767,4255.076482,2032-08-15,2032,NTN-B 2032
2026-03-11,20330515,7.756,7.7693,7.7378,4295.321593,2033-05-15,2033,NTN-B 2033
2026-03-11,20350515,7.62,7.6336,7.604,4251.695745,2035-05-15,2035,NTN-B 2035
2026-03-11,20370515,7.4835,7.5062,7.467,4228.007459,2037-05-15,2037,NTN-B 2037
2026-03-11,20400815,7.3199,7.3386,7.3071,4134.42902,2040-08-15,2040,NTN-B 2040
2026-03-11,20450515,7.1829,7.1998,7.1697,4179.719801,2045-05-15,2045,NTN-B 2045
2026-03-11,20500815,7.1058,7.12,7.0925,4088.134655,2050-08-15,2050,NTN-B 2050
2026-03-11,20550515,7.0832,7.1004,7.0662,4132.528222,2055-05-15,2055,NTN-B 2055
2026-03-11,20600815,7.089,7.1049,7.0765,4032.567543,2060-08-15,2060,NTN-B 2060
2026-03-12,20260815,9.933,9.9518,9.9107,4576.19126,2026-08-15,2026,NTN-B 2026
2026-03-12,20270515,8.2883,8.3024,8.2732,4609.014794,2027-05-15,2027,NTN-B 2027
2026-03-12,20280815,8.1,8.1151,8.0864,4449.479736,2028-08-15,2028,NTN-B 2028
2026-03-12,20290515,7.9739,7.9921,7.9571,4482.858738,2029-05-15,2029,NTN-B 2029
2026-03-12,20300815,7.9847,7.9975,7.9661,4332.613884,2030-08-15,2030,NTN-B 2030
2026-03-12,20310515,7.9264,7.9412,7.9093,4368.895207,2031-05-15,2031,NTN-B 2031
2026-03-12,20320815,7.8713,7.8852,7.8568,4240.97554,2032-08-15,2032,NTN-B 2032
2026-03-12,20330515,7.8451,7.8567,7.8289,4280.103636,2033-05-15,2033,NTN-B 2033
2026-03-12,20350515,7.6926,7.7085,7.6774,4236.962283,2035-05-15,2035,NTN-B 2035
2026-03-12,20370515,7.591,7.6071,7.5766,4199.593169,2037-05-15,2037,NTN-B 2037
2026-03-12,20400815,7.4289,7.4432,7.415,4099.599659,2040-08-15,2040,NTN-B 2040
2026-03-12,20450515,7.2874,7.3032,7.2758,4140.398789,2045-05-15,2045,NTN-B 2045
2026-03-12,20500815,7.2071,7.2248,7.1898,4045.49707,2050-08-15,2050,NTN-B 2050
2026-03-12,20550515,7.172,7.1909,7.1545,4093.415448,2055-05-15,2055,NTN-B 2055
2026-03-12,20600815,7.184,7.1968,7.1698,3988.691202,2060-08-15,2060,NTN-B 2060
2026-03-13,20260815,9.95,9.9703,9.935,4579.38652,2026-08-15,2026,NTN-B 2026
2026-03-13,20270515,8.53,8.5513,8.512,4600.794221,2027-05-15,2027,NTN-B 2027
2026-03-13,20280815,8.4303,8.4557,8.4128,4421.901227,2028-08-15,2028,NTN-B 2028
2026-03-13,20290515,8.299,8.318,8.2796,4447.763656,2029-05-15,2029,NTN-B 2029
2026-03-13,20300815,8.3086,8.326,8.2935,4285.480963,2030-08-15,2030,NTN-B 2030
2026-03-13,20310515,8.2233,8.2439,8.2032,4319.78978,2031-05-15,2031,NTN-B 2031
2026-03-13,20320815,8.0911,8.1103,8.0767,4198.1970010000005,2032-08-15,2032,NTN-B 2032
2026-03-13,20330515,8.073,8.0919,8.0585,4231.737122,2033-05-15,2033,NTN-B 2033
2026-03-13,20350515,7.8641,7.8788,7.8516,4193.72375,2035-05-15,2035,NTN-B 2035
2026-03-13,20370515,7.7668,7.7865,7.745,4148.639307,2037-05-15,2037,NTN-B 2037
2026-03-13,20400815,7.6144,7.6323,7.6021,4036.071751,2040-08-15,2040,NTN-B 2040
2026-03-13,20450515,7.4996,7.5166,7.4863,4055.562345,2045-05-15,2045,NTN-B 2045
2026-03-13,20500815,7.4256,7.442,7.4076,3948.847988,2050-08-15,2050,NTN-B 2050
2026-03-13,20550515,7.3936,7.4119,7.375,3989.885203,2055-05-15,2055,NTN-B 2055
2026-03-13,20600815,7.4038,7.4225,7.3853,3882.758714,2060-08-15,2060,NTN-B 2060
2026-03-16,20260815,9.9376,9.9816,9.9122,4583.102408,2026-08-15,2026,NTN-B 2026
2026-03-16,20270515,8.3912,8.404,8.3769,4610.62866,2027-05-15,2027,NTN-B 2027
2026-03-16,20280815,8.1993,8.2169,8.1808,4446.434707,2028-08-15,2028,NTN-B 2028
2026-03-16,20290515,8.0099,8.03,7.998,4484.814881,2029-05-15,2029,NTN-B 2029
2026-03-16,20300815,8.0028,8.0169,7.9894,4335.796963,2030-08-15,2030,NTN-B 2030
2026-03-16,20310515,7.9161,7.9337,7.8954,4376.752801,2031-05-15,2031,NTN-B 2031
2026-03-16,20320815,7.8106,7.8255,7.7939,4259.55082,2032-08-15,2032,NTN-B 2032
2026-03-16,20330515,7.7804,7.793,7.766,4300.710488,2033-05-15,2033,NTN-B 2033
2026-03-16,20350515,7.5816,7.5938,7.5654,4272.966509,2035-05-15,2035,NTN-B 2035
2026-03-16,20370515,7.499,7.5185,7.475,4233.831239,2037-05-15,2037,NTN-B 2037
2026-03-16,20400815,7.3757,7.3943,7.3578,4124.402575,2040-08-15,2040,NTN-B 2040
2026-03-16,20450515,7.271,7.2843,7.2568,4152.813632,2045-05-15,2045,NTN-B 2045
2026-03-16,20500815,7.1743,7.195,7.156,4066.121226,2050-08-15,2050,NTN-B 2050
2026-03-16,20550515,7.1522,7.174,7.132,4108.568726,2055-05-15,2055,NTN-B 2055
2026-03-16,20600815,7.1522,7.1749,7.1271,4010.128327,2060-08-15,2060,NTN-B 2060
2026-03-17,20260815,9.4379,9.4736,9.41,4594.19469,2026-08-15,2026,NTN-B 2026
2026-03-17,20270515,8.3417,8.3625,8.33,4615.099464,2027-05-15,2027,NTN-B 2027
2026-03-17,20280815,8.2299,8.2441,8.218,4445.623462,2028-08-15,2028,NTN-B 2028
2026-03-17,20290515,8.05,8.0726,8.0265,4482.104887,2029-05-15,2029,NTN-B 2029
2026-03-17,20300815,8.02,8.0357,7.9986,4335.062599,2030-08-15,2030,NTN-B 2030
2026-03-17,20310515,7.9145,7.9339,7.8966,4378.984863,2031-05-15,2031,NTN-B 2031
2026-03-17,20320815,7.808,7.8258,7.794,4261.974654,2032-08-15,2032,NTN-B 2032
2026-03-17,20330515,7.7615,7.7792,7.7457,4306.916211,2033-05-15,2033,NTN-B 2033
2026-03-17,20350515,7.5522,7.5711,7.5368,4282.865528,2035-05-15,2035,NTN-B 2035
2026-03-17,20370515,7.466,7.481,7.4498,4245.953221,2037-05-15,2037,NTN-B 2037
2026-03-17,20400815,7.3363,7.3496,7.3206,4140.530521,2040-08-15,2040,NTN-B 2040
2026-03-17,20450515,7.248,7.2603,7.2328,4164.25225,2045-05-15,2045,NTN-B 2045
2026-03-17,20500815,7.1613,7.1779,7.1452,4073.891921,2050-08-15,2050,NTN-B 2050
2026-03-17,20550515,7.1375,7.1577,7.1191,4117.52693,2055-05-15,2055,NTN-B 2055
2026-03-17,20600815,7.1471,7.1696,7.1281,4014.402272,2060-08-15,2060,NTN-B 2060
2026-03-18,20260815,9.5385,9.5626,9.5264,4594.748124,2026-08-15,2026,NTN-B 2026
2026-03-18,20270515,8.3495,8.3648,8.3342,4616.856037,2027-05-15,2027,NTN-B 2027
2026-03-18,20280815,8.2067,8.221,8.1913,4449.802512,2028-08-15,2028,NTN-B 2028
2026-03-18,20290515,8.0,8.0175,7.9843,4490.005457,2029-05-15,2029,NTN-B 2029
2026-03-18,20300815,7.97,7.9834,7.9547,4344.791083,2030-08-15,2030,NTN-B 2030
2026-03-18,20310515,7.8706,7.8861,7.8549,4388.710345,2031-05-15,2031,NTN-B 2031
2026-03-18,20320815,7.7926,7.8073,7.7758,4267.091338,2032-08-15,2032,NTN-B 2032
2026-03-18,20330515,7.7531,7.7665,7.736,4310.723304,2033-05-15,2033,NTN-B 2033
2026-03-18,20350515,7.55,7.563,7.535,4285.320751,2035-05-15,2035,NTN-B 2035
2026-03-18,20370515,7.4458,7.4612,7.4346,4254.093498,2037-05-15,2037,NTN-B 2037
2026-03-18,20400815,7.3273,7.3448,7.3118,4145.574274,2040-08-15,2040,NTN-B 2040
2026-03-18,20450515,7.25,7.2643,7.2365,4165.161394,2045-05-15,2045,NTN-B 2045
2026-03-18,20500815,7.1736,7.1912,7.1591,4069.848532,2050-08-15,2050,NTN-B 2050
2026-03-18,20550515,7.1612,7.1773,7.1461,4107.567755,2055-05-15,2055,NTN-B 2055
2026-03-18,20600815,7.172,7.1887,7.1553,4003.404314,2060-08-15,2060,NTN-B 2060
2026-03-19,20260815,9.3147,9.3358,9.2969,4600.913968,2026-08-15,2026,NTN-B 2026
2026-03-19,20270515,8.2101,8.225,8.1978,4625.532285,2027-05-15,2027,NTN-B 2027
2026-03-19,20280815,8.0905,8.1044,8.0753,4462.607415,2028-08-15,2028,NTN-B 2028
2026-03-19,20290515,7.9061,7.9215,7.8937,4503.08953,2029-05-15,2029,NTN-B 2029
2026-03-19,20300815,7.9055,7.9181,7.889,4356.797781,2030-08-15,2030,NTN-B 2030
2026-03-19,20310515,7.8308,7.8452,7.817,4397.715536,2031-05-15,2031,NTN-B 2031
2026-03-19,20320815,7.7882,7.805,7.7703,4269.896793,2032-08-15,2032,NTN-B 2032
2026-03-19,20330515,7.7544,7.7664,7.7389,4312.320751,2033-05-15,2033,NTN-B 2033
2026-03-19,20350515,7.5641,7.5798,7.5441,4283.304321,2035-05-15,2035,NTN-B 2035
2026-03-19,20370515,7.4661,7.48,7.4457,4249.560729,2037-05-15,2037,NTN-B 2037
2026-03-19,20400815,7.3316,7.3511,7.3163,4145.757821,2040-08-15,2040,NTN-B 2040
2026-03-19,20450515,7.253,7.2648,7.2368,4165.644341,2045-05-15,2045,NTN-B 2045
2026-03-19,20500815,7.1806,7.1964,7.1686,4068.283349,2050-08-15,2050,NTN-B 2050
2026-03-19,20550515,7.1546,7.1703,7.1403,4112.524021,2055-05-15,2055,NTN-B 2055
2026-03-19,20600815,7.1733,7.1891,7.156,4004.415688,2060-08-15,2060,NTN-B 2060
2026-03-20,20260815,9.2,9.2141,9.182,4605.153263,2026-08-15,2026,NTN-B 2026
2026-03-20,20270515,8.2506,8.263,8.2318,4625.742525,2027-05-15,2027,NTN-B 2027
2026-03-20,20280815,8.1649,8.178,8.1491,4457.723578,2028-08-15,2028,NTN-B 2028
2026-03-20,20290515,8.0,8.0171,7.9857,4494.030577,2029-05-15,2029,NTN-B 2029
2026-03-20,20300815,8.0278,8.0439,8.0078,4339.689909,2030-08-15,2030,NTN-B 2030
2026-03-20,20310515,7.946,7.9657,7.927,4379.273947,2031-05-15,2031,NTN-B 2031
2026-03-20,20320815,7.9013,7.9147,7.8794,4248.085769,2032-08-15,2032,NTN-B 2032
2026-03-20,20330515,7.8673,7.8822,7.8505,4288.555118,2033-05-15,2033,NTN-B 2033
2026-03-20,20350515,7.6458,7.6622,7.6326,4262.862574,2035-05-15,2035,NTN-B 2035
2026-03-20,20370515,7.5237,7.546,7.5058,4233.429478,2037-05-15,2037,NTN-B 2037
2026-03-20,20400815,7.3744,7.3901,7.3564,4131.896882,2040-08-15,2040,NTN-B 2040
2026-03-20,20450515,7.2924,7.3097,7.2747,4150.822132,2045-05-15,2045,NTN-B 2045
2026-03-20,20500815,7.2553,7.273,7.2344,4035.398042,2050-08-15,2050,NTN-B 2050
2026-03-20,20550515,7.202,7.2219,7.1825,4091.019642,2055-05-15,2055,NTN-B 2055
2026-03-20,20600815,7.2374,7.2555,7.2194,3973.783215,2060-08-15,2060,NTN-B 2060
2026-03-23,20260815,9.1445,9.1856,9.1273,4608.355256,2026-08-15,2026,NTN-B 2026
2026-03-23,20270515,8.1598,8.1764,8.141,4632.099795,2027-05-15,2027,NTN-B 2027
2026-03-23,20280815,8.0203,8.0364,8.0095,4473.147673,2028-08-15,2028,NTN-B 2028
2026-03-23,20290515,7.9006,7.9148,7.8874,4507.739971,2029-05-15,2029,NTN-B 2029
2026-03-23,20300815,7.9363,7.9531,7.9235,4355.866707,2030-08-15,2030,NTN-B 2030
2026-03-23,20310515,7.8823,7.8976,7.8643,4392.480212,2031-05-15,2031,NTN-B 2031
2026-03-23,20320815,7.8315,7.842,7.812,4264.56937,2032-08-15,2032,NTN-B 2032
2026-03-23,20330515,7.8231,7.8296,7.8046,4300.473598,2033-05-15,2033,NTN-B 2033
2026-03-23,20350515,7.6209,7.6335,7.608,4271.495247,2035-05-15,2035,NTN-B 2035
2026-03-23,20370515,7.5045,7.5165,7.488,4241.223508,2037-05-15,2037,NTN-B 2037
2026-03-23,20400815,7.3489,7.3601,7.3332,4142.944664,2040-08-15,2040,NTN-B 2040
2026-03-23,20450515,7.2766,7.2898,7.2635,4159.211667,2045-05-15,2045,NTN-B 2045
2026-03-23,20500815,7.2343,7.2484,7.2176,4046.770471,2050-08-15,2050,NTN-B 2050
2026-03-23,20550515,7.1994,7.2083,7.1788,4094.004582,2055-05-15,2055,NTN-B 2055
2026-03-23,20600815,7.2313,7.2458,7.212,3978.508397,2060-08-15,2060,NTN-B 2060
2026-03-24,20260815,9.1292,9.1451,9.1119,4610.871872,2026-08-15,2026,NTN-B 2026
2026-03-24,20270515,8.1831,8.197,8.1681,4633.117587,2027-05-15,2027,NTN-B 2027
2026-03-24,20280815,8.06,8.0735,8.0456,4471.476827,2028-08-15,2028,NTN-B 2028
2026-03-24,20290515,7.9616,7.9762,7.9468,4502.5689,2029-05-15,2029,NTN-B 2029
2026-03-24,20300815,7.9909,8.0065,7.9791,4349.315489,2030-08-15,2030,NTN-B 2030
2026-03-24,20310515,7.9398,7.9549,7.9233,4384.274366,2031-05-15,2031,NTN-B 2031
2026-03-24,20320815,7.8896,7.9034,7.8748,4254.305236,2032-08-15,2032,NTN-B 2032
2026-03-24,20330515,7.87,7.8856,7.8547,4291.744617,2033-05-15,2033,NTN-B 2033
2026-03-24,20350515,7.6576,7.6735,7.6454,4263.364871,2035-05-15,2035,NTN-B 2035
2026-03-24,20370515,7.5442,7.5606,7.5279,4230.710312,2037-05-15,2037,NTN-B 2037
2026-03-24,20400815,7.3921,7.4082,7.377,4128.972562,2040-08-15,2040,NTN-B 2040
2026-03-24,20450515,7.3187,7.3306,7.3005,4143.317756,2045-05-15,2045,NTN-B 2045
2026-03-24,20500815,7.273,7.29,7.2584,4030.665789,2050-08-15,2050,NTN-B 2050
2026-03-24,20550515,7.249,7.2691,7.2304,4071.638149,2055-05-15,2055,NTN-B 2055
2026-03-24,20600815,7.2632,7.2869,7.2463,3964.243923,2060-08-15,2060,NTN-B 2060
2026-03-25,20260815,9.1802,9.2012,9.169,4612.280842,2026-08-15,2026,NTN-B 2026
2026-03-25,20270515,8.15,8.1618,8.1362,4636.764821,2027-05-15,2027,NTN-B 2027
2026-03-25,20280815,8.02,8.0344,8.0088,4477.192342,2028-08-15,2028,NTN-B 2028
2026-03-25,20290515,7.9292,7.941,7.9107,4508.38623,2029-05-15,2029,NTN-B 2029
2026-03-25,20300815,7.96,7.9733,7.9468,4356.066203,2030-08-15,2030,NTN-B 2030
2026-03-25,20310515,7.9027,7.9151,7.8874,4392.773623,2031-05-15,2031,NTN-B 2031
2026-03-25,20320815,7.8451,7.8593,7.8306,4265.494029,2032-08-15,2032,NTN-B 2032
2026-03-25,20330515,7.8292,7.8421,7.815,4302.887742,2033-05-15,2033,NTN-B 2033
2026-03-25,20350515,7.6367,7.6539,7.6245,4270.900907,2035-05-15,2035,NTN-B 2035
2026-03-25,20370515,7.536,7.5496,7.521,4235.079177,2037-05-15,2037,NTN-B 2037
2026-03-25,20400815,7.39,7.4018,7.3759,4131.495252,2040-08-15,2040,NTN-B 2040
2026-03-25,20450515,7.3011,7.312,7.2873,4152.436473,2045-05-15,2045,NTN-B 2045
2026-03-25,20500815,7.2625,7.2771,7.2468,4037.180924,2050-08-15,2050,NTN-B 2050
2026-03-25,20550515,7.2561,7.2693,7.2416,4069.918972,2055-05-15,2055,NTN-B 2055
2026-03-25,20600815,7.2587,7.2722,7.2448,3968.152797,2060-08-15,2060,NTN-B 2060
2026-03-26,20260815,8.7396,8.7584,8.7075,4621.81087,2026-08-15,2026,NTN-B 2026
2026-03-26,20270515,8.1808,8.1968,8.1678,4637.440185,2027-05-15,2027,NTN-B 2027
2026-03-26,20280815,8.1141,8.1265,8.0968,4470.512614,2028-08-15,2028,NTN-B 2028
2026-03-26,20290515,8.0061,8.0217,7.991,4501.377032,2029-05-15,2029,NTN-B 2029
2026-03-26,20300815,8.0302,8.0486,8.0196,4347.119873,2030-08-15,2030,NTN-B 2030
2026-03-26,20310515,7.9835,7.9951,7.964,4380.493329,2031-05-15,2031,NTN-B 2031
2026-03-26,20320815,7.9233,7.9375,7.9063,4251.0622,2032-08-15,2032,NTN-B 2032
2026-03-26,20330515,7.904,7.9222,7.8864,4287.87225,2033-05-15,2033,NTN-B 2033
2026-03-26,20350515,7.6976,7.7157,7.677,4256.237961,2035-05-15,2035,NTN-B 2035
2026-03-26,20370515,7.5936,7.614,7.5694,4219.080078,2037-05-15,2037,NTN-B 2037
2026-03-26,20400815,7.4454,7.459,7.4285,4113.199589,2040-08-15,2040,NTN-B 2040
2026-03-26,20450515,7.3593,7.3756,7.3434,4129.914143,2045-05-15,2045,NTN-B 2045
2026-03-26,20500815,7.3141,7.3328,7.2965,4015.282166,2050-08-15,2050,NTN-B 2050
2026-03-26,20550515,7.3081,7.3307,7.2841,4046.670653,2055-05-15,2055,NTN-B 2055
2026-03-26,20600815,7.3082,7.3291,7.2953,3945.284172,2060-08-15,2060,NTN-B 2060
2026-03-27,20260815,9.0396,9.0526,9.0123,4627.185396,2026-08-15,2026,NTN-B 2026
2026-03-27,20270515,8.2634,8.279,8.2521,4643.852595,2027-05-15,2027,NTN-B 2027
2026-03-27,20280815,8.1357,8.1493,8.123,4478.365472,2028-08-15,2028,NTN-B 2028
2026-03-27,20290515,8.02,8.0378,8.003,4509.650739,2029-05-15,2029,NTN-B 2029
2026-03-27,20300815,8.0434,8.0565,8.0305,4354.636955,2030-08-15,2030,NTN-B 2030
2026-03-27,20310515,8.0,8.0156,7.9856,4387.223258,2031-05-15,2031,NTN-B 2031
2026-03-27,20320815,7.94,7.9543,7.9258,4256.915217,2032-08-15,2032,NTN-B 2032
2026-03-27,20330515,7.9241,7.9367,7.9098,4292.749464,2033-05-15,2033,NTN-B 2033
2026-03-27,20350515,7.6926,7.7058,7.68,4266.905314,2035-05-15,2035,NTN-B 2035
2026-03-27,20370515,7.5813,7.5954,7.5664,4232.097956,2037-05-15,2037,NTN-B 2037
2026-03-27,20400815,7.4246,7.4378,7.4116,4129.683196,2040-08-15,2040,NTN-B 2040
2026-03-27,20450515,7.3526,7.3653,7.3378,4141.685252,2045-05-15,2045,NTN-B 2045
2026-03-27,20500815,7.3152,7.3309,7.3039,4023.504724,2050-08-15,2050,NTN-B 2050
2026-03-27,20550515,7.31,7.3242,7.296,4054.553018,2055-05-15,2055,NTN-B 2055
2026-03-27,20600815,7.31,7.3259,7.2973,3952.969991,2060-08-15,2060,NTN-B 2060
2026-03-30,20260815,8.9134,8.9364,8.8925,4632.379392,2026-08-15,2026,NTN-B 2026
2026-03-30,20270515,8.0489,8.0634,8.0375,4656.77274,2027-05-15,2027,NTN-B 2027
2026-03-30,20280815,8.01,8.0223,7.9962,4492.865993,2028-08-15,2028,NTN-B 2028
2026-03-30,20290515,7.9365,7.9491,7.9224,4522.33509,2029-05-15,2029,NTN-B 2029
2026-03-30,20300815,7.97,7.9835,7.9548,4368.830842,2030-08-15,2030,NTN-B 2030
2026-03-30,20310515,7.9278,7.9407,7.9142,4402.757489,2031-05-15,2031,NTN-B 2031
2026-03-30,20320815,7.8846,7.8963,7.8683,4271.197027,2032-08-15,2032,NTN-B 2032
2026-03-30,20330515,7.8674,7.8808,7.8563,4308.312286,2033-05-15,2033,NTN-B 2033
2026-03-30,20350515,7.6772,7.6925,7.665,4273.776735,2035-05-15,2035,NTN-B 2035
2026-03-30,20370515,7.5703,7.5894,7.5574,4238.158172,2037-05-15,2037,NTN-B 2037
2026-03-30,20400815,7.4437,7.4564,7.4258,4125.33894,2040-08-15,2040,NTN-B 2040
2026-03-30,20450515,7.36,7.3753,7.3446,4141.170446,2045-05-15,2045,NTN-B 2045
2026-03-30,20500815,7.31,7.3246,7.2953,4028.365159,2050-08-15,2050,NTN-B 2050
2026-03-30,20550515,7.3095,7.3256,7.29,4057.295074,2055-05-15,2055,NTN-B 2055
2026-03-30,20600815,7.2972,7.315,7.2803,3961.73897,2060-08-15,2060,NTN-B 2060
2026-03-31,20260815,8.9271,8.9471,8.9027,4635.288716,2026-08-15,2026,NTN-B 2026
2026-03-31,20270515,7.9272,7.9465,7.9073,4665.386152,2027-05-15,2027,NTN-B 2027
2026-03-31,20280815,7.8425,7.8623,7.8192,4511.262917,2028-08-15,2028,NTN-B 2028
2026-03-31,20290515,7.7879,7.808,7.7703,4542.708763,2029-05-15,2029,NTN-B 2029
2026-03-31,20300815,7.8093,7.8275,7.7957,4396.699235,2030-08-15,2030,NTN-B 2030
2026-03-31,20310515,7.766,7.7845,7.7476,4434.240822,2031-05-15,2031,NTN-B 2031
2026-03-31,20320815,7.7341,7.7503,7.7196,4305.523487,2032-08-15,2032,NTN-B 2032
2026-03-31,20330515,7.7236,7.7446,7.713,4343.785776,2033-05-15,2033,NTN-B 2033
2026-03-31,20350515,7.5623,7.583,7.5496,4307.820433,2035-05-15,2035,NTN-B 2035
2026-03-31,20370515,7.5052,7.5131,7.485,4261.053863,2037-05-15,2037,NTN-B 2037
2026-03-31,20400815,7.3961,7.4064,7.3746,4145.16502,2040-08-15,2040,NTN-B 2040
2026-03-31,20450515,7.2909,7.3093,7.2771,4172.640031,2045-05-15,2045,NTN-B 2045
2026-03-31,20500815,7.2433,7.261,7.2275,4061.49387,2050-08-15,2050,NTN-B 2050
2026-03-31,20550515,7.2388,7.263,7.2188,4093.878952,2055-05-15,2055,NTN-B 2055
2026-03-31,20600815,7.22,7.2415,7.2042,4002.759001,2060-08-15,2060,NTN-B 2060
2026-04-01,20260815,8.813,8.8696,8.7678,4640.241376,2026-08-15,2026,NTN-B 2026
2026-04-01,20270515,7.87,7.8835,7.8588,4671.009432,2027-05-15,2027,NTN-B 2027
2026-04-01,20280815,7.795,7.8092,7.7845,4518.545926,2028-08-15,2028,NTN-B 2028
2026-04-01,20290515,7.7534,7.767,7.7393,4549.662826,2029-05-15,2029,NTN-B 2029
2026-04-01,20300815,7.7806,7.7966,7.7677,4403.990153,2030-08-15,2030,NTN-B 2030
2026-04-01,20310515,7.7202,7.7342,7.705,4445.204929,2031-05-15,2031,NTN-B 2031
2026-04-01,20320815,7.7,7.7142,7.6865,4315.444201,2032-08-15,2032,NTN-B 2032
2026-04-01,20330515,7.69,7.7036,7.6747,4354.22637,2033-05-15,2033,NTN-B 2033
2026-04-01,20350515,7.5418,7.5583,7.5271,4316.146541,2035-05-15,2035,NTN-B 2035
2026-04-01,20370515,7.4807,7.5032,7.4575,4271.364252,2037-05-15,2037,NTN-B 2037
2026-04-01,20400815,7.3708,7.3872,7.3565,4156.95732,2040-08-15,2040,NTN-B 2040
2026-04-01,20450515,7.2728,7.291,7.2609,4182.836906,2045-05-15,2045,NTN-B 2045
2026-04-01,20500815,7.2118,7.232,7.199,4078.592966,2050-08-15,2050,NTN-B 2050
2026-04-01,20550515,7.1971,7.2198,7.1838,4116.723959,2055-05-15,2055,NTN-B 2055
2026-04-01,20600815,7.1897,7.2064,7.1722,4020.535994,2060-08-15,2060,NTN-B 2060
2026-04-02,20260815,8.6003,8.6346,8.5731,4646.713668,2026-08-15,2026,NTN-B 2026
2026-04-02,20270515,7.82,7.8323,7.8066,4676.28701,2027-05-15,2027,NTN-B 2027
2026-04-02,20280815,7.8031,7.814,7.7865,4520.664045,2028-08-15,2028,NTN-B 2028
2026-04-02,20290515,7.7763,7.7842,7.7583,4549.84655,2029-05-15,2029,NTN-B 2029
2026-04-02,20300815,7.82,7.8323,7.8073,4400.616563,2030-08-15,2030,NTN-B 2030
2026-04-02,20310515,7.766,7.7818,7.7534,4439.863124,2031-05-15,2031,NTN-B 2031
2026-04-02,20320815,7.7399,7.7542,7.7212,4309.746933,2032-08-15,2032,NTN-B 2032
2026-04-02,20330515,7.7261,7.7388,7.7139,4348.709672,2033-05-15,2033,NTN-B 2033
2026-04-02,20350515,7.568,7.5912,7.555,4311.659244,2035-05-15,2035,NTN-B 2035
2026-04-02,20370515,7.5013,7.5157,7.4853,4267.592359,2037-05-15,2037,NTN-B 2037
2026-04-02,20400815,7.3834,7.4007,7.3681,4154.93356,2040-08-15,2040,NTN-B 2040
2026-04-02,20450515,7.2546,7.2765,7.2396,4193.100665,2045-05-15,2045,NTN-B 2045
2026-04-02,20500815,7.2119,7.2325,7.1973,4081.046733,2050-08-15,2050,NTN-B 2050
2026-04-02,20550515,7.1937,7.2128,7.18,4120.912119,2055-05-15,2055,NTN-B 2055
2026-04-02,20600815,7.18,7.1956,7.167,4027.930108,2060-08-15,2060,NTN-B 2060
2026-04-07,20260815,8.6088,8.6332,8.5938,4652.760316,2026-08-15,2026,NTN-B 2026
2026-04-07,20270515,7.8829,7.8952,7.8655,4679.359809,2027-05-15,2027,NTN-B 2027
2026-04-07,20280815,7.8838,7.897,7.8723,4518.952711,2028-08-15,2028,NTN-B 2028
2026-04-07,20290515,7.85,7.8607,7.8392,4546.96296,2029-05-15,2029,NTN-B 2029
2026-04-07,20300815,7.8846,7.9005,7.8748,4396.137826,2030-08-15,2030,NTN-B 2030
2026-04-07,20310515,7.8141,7.8283,7.8014,4436.956618,2031-05-15,2031,NTN-B 2031
2026-04-07,20320815,7.7641,7.7806,7.7473,4310.109672,2032-08-15,2032,NTN-B 2032
2026-04-07,20330515,7.7479,7.7648,7.7387,4349.233695,2033-05-15,2033,NTN-B 2033
2026-04-07,20350515,7.5978,7.6084,7.5768,4308.903779,2035-05-15,2035,NTN-B 2035
2026-04-07,20370515,7.4996,7.5147,7.4776,4273.448651,2037-05-15,2037,NTN-B 2037
2026-04-07,20400815,7.3757,7.3955,7.3591,4162.897562,2040-08-15,2040,NTN-B 2040
2026-04-07,20450515,7.24,7.2525,7.2269,4204.442683,2045-05-15,2045,NTN-B 2045
2026-04-07,20500815,7.1827,7.1961,7.1684,4099.678951,2050-08-15,2050,NTN-B 2050
2026-04-07,20550515,7.16,7.1733,7.1479,4142.541709,2055-05-15,2055,NTN-B 2055
2026-04-07,20600815,7.154,7.1712,7.1417,4046.130767,2060-08-15,2060,NTN-B 2060
2026-05-27,20260815,10.0497,10.0586,10.0216,4749.327469,2026-08-15,2026,NTN-B 2026
2026-05-27,20270515,8.0076,8.0233,7.9984,4641.636977,2027-05-15,2027,NTN-B 2027
2026-05-27,20280815,7.9922,8.0055,7.979,4612.740382,2028-08-15,2028,NTN-B 2028
2026-05-27,20290515,7.9,7.912,7.8842,4505.389296,2029-05-15,2029,NTN-B 2029
2026-05-27,20300815,7.94,7.951,7.927,4488.206899,2030-08-15,2030,NTN-B 2030
2026-05-27,20310515,7.8813,7.895,7.8658,4386.587992,2031-05-15,2031,NTN-B 2031
2026-05-27,20320815,7.8526,7.8636,7.8382,4389.543647,2032-08-15,2032,NTN-B 2032
2026-05-27,20330515,7.8323,7.8442,7.8176,4289.098517,2033-05-15,2033,NTN-B 2033
2026-05-27,20350515,7.6982,7.7115,7.6857,4238.819384,2035-05-15,2035,NTN-B 2035
2026-05-27,20370515,7.5723,7.5847,7.5593,4206.703152,2037-05-15,2037,NTN-B 2037
2026-05-27,20400815,7.4553,7.4687,7.4425,4226.289669,2040-08-15,2040,NTN-B 2040
2026-05-27,20450515,7.3623,7.3738,7.3505,4105.602781,2045-05-15,2045,NTN-B 2045
2026-05-27,20500815,7.2595,7.2726,7.2453,4153.722918,2050-08-15,2050,NTN-B 2050
2026-05-27,20550515,7.25,7.2616,7.2362,4049.270919,2055-05-15,2055,NTN-B 2055
2026-05-27,20600815,7.2413,7.2529,7.2256,4090.126839,2060-08-15,2060,NTN-B 2060
2026-05-28,20260815,10.1232,10.147,10.0942,4751.610618,2026-08-15,2026,NTN-B 2026
2026-05-28,20270515,8.001,8.0155,7.9884,4644.482659,2027-05-15,2027,NTN-B 2027
2026-05-28,20280815,8.03,8.043,8.0147,4611.967061,2028-08-15,2028,NTN-B 2028
2026-05-28,20290515,7.93,7.9462,7.913,4504.457176,2029-05-15,2029,NTN-B 2029
2026-05-28,20300815,7.96,7.9728,7.9445,4487.62413,2030-08-15,2030,NTN-B 2030
2026-05-28,20310515,7.8925,7.9007,7.8746,4387.040784,2031-05-15,2031,NTN-B 2031
2026-05-28,20320815,7.8454,7.8596,7.8293,4393.458088,2032-08-15,2032,NTN-B 2032
2026-05-28,20330515,7.8053,7.8218,7.7936,4297.580451,2033-05-15,2033,NTN-B 2033
2026-05-28,20350515,7.6607,7.6792,7.6466,4251.329653,2035-05-15,2035,NTN-B 2035
2026-05-28,20370515,7.5354,7.5563,7.5233,4220.487929,2037-05-15,2037,NTN-B 2037
2026-05-28,20400815,7.44,7.4621,7.4263,4234.128826,2040-08-15,2040,NTN-B 2040
2026-05-28,20450515,7.357,7.371,7.338,4110.012221,2045-05-15,2045,NTN-B 2045
2026-05-28,20500815,7.267,7.2803,7.2523,4152.415467,2050-08-15,2050,NTN-B 2050
2026-05-28,20550515,7.2463,7.2581,7.2283,4053.223087,2055-05-15,2055,NTN-B 2055
2026-05-28,20600815,7.2301,7.2447,7.2155,4097.979187,2060-08-15,2060,NTN-B 2060
2026-05-29,20260815,10.093,10.138,10.0829,4754.899185,2026-08-15,2026,NTN-B 2026
2026-05-29,20270515,8.02,8.0348,8.0085,4646.291883,2027-05-15,2027,NTN-B 2027
2026-05-29,20280815,8.09,8.1033,8.0796,4609.254661,2028-08-15,2028,NTN-B 2028
2026-05-29,20290515,7.9801,7.9946,7.9667,4501.255763,2029-05-15,2029,NTN-B 2029
2026-05-29,20300815,8.0046,8.0146,7.9873,4483.291319,2030-08-15,2030,NTN-B 2030
2026-05-29,20310515,7.93,7.9426,7.9146,4382.909271,2031-05-15,2031,NTN-B 2031
2026-05-29,20320815,7.8765,7.8898,7.8616,4389.389487,2032-08-15,2032,NTN-B 2032
2026-05-29,20330515,7.839,7.8528,7.8226,4292.289994,2033-05-15,2033,NTN-B 2033
2026-05-29,20350515,7.6999,7.7109,7.6776,4242.966772,2035-05-15,2035,NTN-B 2035
2026-05-29,20370515,7.5645,7.5788,7.5465,4213.673739,2037-05-15,2037,NTN-B 2037
2026-05-29,20400815,7.4592,7.4726,7.4466,4229.393217,2040-08-15,2040,NTN-B 2040
2026-05-29,20450515,7.3702,7.3867,7.3547,4106.646403,2045-05-15,2045,NTN-B 2045
2026-05-29,20500815,7.28,7.2961,7.2651,4148.560294,2050-08-15,2050,NTN-B 2050
2026-05-29,20550515,7.2534,7.2686,7.2386,4051.875836,2055-05-15,2055,NTN-B 2055
2026-05-29,20600815,7.24,7.257,7.219,4095.100863,2060-08-15,2060,NTN-B 2060
2026-06-01,20260815,10.1,10.1323,10.0716,4757.835285,2026-08-15,2026,NTN-B 2026
2026-06-01,20270515,8.0217,8.0357,8.0078,4648.804626,2027-05-15,2027,NTN-B 2027
2026-06-01,20280815,8.12,8.1353,8.1063,4609.201287,2028-08-15,2028,NTN-B 2028
2026-06-01,20290515,8.0488,8.0601,8.0292,4495.972061,2029-05-15,2029,NTN-B 2029
2026-06-01,20300815,8.086,8.099,8.0694,4473.379995,2030-08-15,2030,NTN-B 2030
2026-06-01,20310515,8.01,8.025,7.9917,4371.406703,2031-05-15,2031,NTN-B 2031
2026-06-01,20320815,7.96,7.975,7.9447,4374.47779,2032-08-15,2032,NTN-B 2032
2026-06-01,20330515,7.91,7.925,7.896,4278.608931,2033-05-15,2033,NTN-B 2033
2026-06-01,20350515,7.76,7.7739,7.745,4228.98564,2035-05-15,2035,NTN-B 2035
2026-06-01,20370515,7.62,7.6338,7.6066,4198.685194,2037-05-15,2037,NTN-B 2037
2026-06-01,20400815,7.512,7.5257,7.4967,4212.493291,2040-08-15,2040,NTN-B 2040
2026-06-01,20450515,7.416,7.4332,7.3988,4089.654535,2045-05-15,2045,NTN-B 2045
2026-06-01,20500815,7.33,7.3457,7.315,4127.606752,2050-08-15,2050,NTN-B 2050
2026-06-01,20550515,7.2955,7.3135,7.2794,4033.455061,2055-05-15,2055,NTN-B 2055
2026-06-01,20600815,7.2826,7.2994,7.256,4075.690761,2060-08-15,2060,NTN-B 2060
2026-06-02,20260815,10.2851,10.3223,10.23,4759.158769,2026-08-15,2026,NTN-B 2026
2026-06-02,20270515,8.0222,8.0364,8.0098,4651.36552,2027-05-15,2027,NTN-B 2027
2026-06-02,20280815,8.16,8.1728,8.1426,4608.279363,2028-08-15,2028,NTN-B 2028
2026-06-02,20290515,8.1107,8.1278,8.0996,4491.487614,2029-05-15,2029,NTN-B 2029
2026-06-02,20300815,8.1564,8.1696,8.1384,4465.199916,2030-08-15,2030,NTN-B 2030
2026-06-02,20310515,8.0675,8.0807,8.0489,4363.866523,2031-05-15,2031,NTN-B 2031
2026-06-02,20320815,8.0216,8.028,7.9956,4364.173236,2032-08-15,2032,NTN-B 2032
2026-06-02,20330515,7.9779,7.985,7.9537,4265.708794,2033-05-15,2033,NTN-B 2033
2026-06-02,20350515,7.823,7.8348,7.8026,4214.313063,2035-05-15,2035,NTN-B 2035
2026-06-02,20370515,7.6797,7.6916,7.6551,4182.499804,2037-05-15,2037,NTN-B 2037
2026-06-02,20400815,7.5591,7.5721,7.539,4197.759976,2040-08-15,2040,NTN-B 2040
2026-06-02,20450515,7.4532,7.4698,7.4335,4076.358089,2045-05-15,2045,NTN-B 2045
2026-06-02,20500815,7.3625,7.3755,7.3398,4114.862419,2050-08-15,2050,NTN-B 2050
2026-06-02,20550515,7.33,7.3425,7.3061,4018.86584,2055-05-15,2055,NTN-B 2055
2026-06-02,20600815,7.3142,7.3292,7.2946,4061.970871,2060-08-15,2060,NTN-B 2060
2026-06-03,20260815,10.6399,10.735,10.569,4759.038345,2026-08-15,2026,NTN-B 2026
2026-06-03,20270515,8.194,8.1972,8.1801,4647.107227,2027-05-15,2027,NTN-B 2027
2026-06-03,20280815,8.3555,8.3706,8.3442,4593.843779,2028-08-15,2028,NTN-B 2028
2026-06-03,20290515,8.325,8.3362,8.3096,4469.947854,2029-05-15,2029,NTN-B 2029
2026-06-03,20300815,8.3793,8.3885,8.3638,4434.128952,2030-08-15,2030,NTN-B 2030
2026-06-03,20310515,8.2879,8.298,8.2691,4328.380831,2031-05-15,2031,NTN-B 2031
2026-06-03,20320815,8.2041,8.2163,8.1942,4329.197364,2032-08-15,2032,NTN-B 2032
2026-06-03,20330515,8.1479,8.1662,8.1373,4230.179741,2033-05-15,2033,NTN-B 2033
2026-06-03,20350515,7.9532,7.9653,7.941,4181.806052,2035-05-15,2035,NTN-B 2035
2026-06-03,20370515,7.8,7.8203,7.7834,4147.903407,2037-05-15,2037,NTN-B 2037
2026-06-03,20400815,7.6738,7.6936,7.6546,4159.037521,2040-08-15,2040,NTN-B 2040
2026-06-03,20450515,7.5478,7.5639,7.5346,4039.549931,2045-05-15,2045,NTN-B 2045
2026-06-03,20500815,7.4589,7.4733,7.4426,4073.235463,2050-08-15,2050,NTN-B 2050
2026-06-03,20550515,7.4282,7.4492,7.4076,3974.000727,2055-05-15,2055,NTN-B 2055
2026-06-03,20600815,7.42,7.4335,7.4,4011.740605,2060-08-15,2060,NTN-B 2060
2026-06-05,20260815,10.75,10.8064,10.69,4761.178935,2026-08-15,2026,NTN-B 2026
2026-06-05,20270515,8.27,8.2841,8.2569,4646.708316,2027-05-15,2027,NTN-B 2027
2026-06-05,20280815,8.5384,8.5573,8.521,4580.637615,2028-08-15,2028,NTN-B 2028
2026-06-05,20290515,8.5238,8.5408,8.5092,4450.356294,2029-05-15,2029,NTN-B 2029
2026-06-05,20300815,8.5737,8.5932,8.555,4407.668813,2030-08-15,2030,NTN-B 2030
2026-06-05,20310515,8.4799,8.5082,8.4559,4298.16471,2031-05-15,2031,NTN-B 2031
2026-06-05,20320815,8.3647,8.3876,8.3478,4299.075867,2032-08-15,2032,NTN-B 2032
2026-06-05,20330515,8.35,8.3633,8.3346,4188.0752,2033-05-15,2033,NTN-B 2033
2026-06-05,20350515,8.1226,8.138,8.1043,4139.387301,2035-05-15,2035,NTN-B 2035
2026-06-05,20370515,7.9722,7.9841,7.953,4098.153895,2037-05-15,2037,NTN-B 2037
2026-06-05,20400815,7.8492,7.8684,7.8267,4099.707111,2040-08-15,2040,NTN-B 2040
2026-06-05,20450515,7.7065,7.7262,7.6819,3977.536506,2045-05-15,2045,NTN-B 2045
2026-06-05,20500815,7.6271,7.6492,7.6015,4000.716724,2050-08-15,2050,NTN-B 2050
2026-06-05,20550515,7.593,7.6151,7.5697,3899.247799,2055-05-15,2055,NTN-B 2055
2026-06-05,20600815,7.583,7.6005,7.5613,3935.448596,2060-08-15,2060,NTN-B 2060
2026-06-08,20260815,10.8473,10.8733,10.8065,4763.466684,2026-08-15,2026,NTN-B 2026
2026-06-08,20270515,8.35,8.3626,8.338,4646.181418,2027-05-15,2027,NTN-B 2027
2026-06-08,20280815,8.6718,8.6903,8.6578,4571.806778,2028-08-15,2028,NTN-B 2028
2026-06-08,20290515,8.64,8.654,8.6212,4440.062137,2029-05-15,2029,NTN-B 2029
2026-06-08,20300815,8.6772,8.6913,8.6633,4394.889578,2030-08-15,2030,NTN-B 2030
2026-06-08,20310515,8.5703,8.5828,8.5514,4285.362885,2031-05-15,2031,NTN-B 2031
2026-06-08,20320815,8.4321,8.4496,8.4167,4287.955373,2032-08-15,2032,NTN-B 2032
2026-06-08,20330515,8.4225,8.4357,8.4073,4174.650921,2033-05-15,2033,NTN-B 2033
2026-06-08,20350515,8.19,8.2016,8.1725,4124.080887,2035-05-15,2035,NTN-B 2035
2026-06-08,20370515,8.0161,8.034,8.0036,4087.304399,2037-05-15,2037,NTN-B 2037
2026-06-08,20400815,7.9051,7.9157,7.89,4082.596366,2040-08-15,2040,NTN-B 2040
2026-06-08,20450515,7.7776,7.789,7.7577,3951.427833,2045-05-15,2045,NTN-B 2045
2026-06-08,20500815,7.6896,7.7053,7.6703,3975.681049,2050-08-15,2050,NTN-B 2050
2026-06-08,20550515,7.643,7.6616,7.6283,3878.507631,2055-05-15,2055,NTN-B 2055
2026-06-08,20600815,7.6375,7.6519,7.6247,3911.945524,2060-08-15,2060,NTN-B 2060
2026-06-09,20260815,11.0389,11.0511,11.023,4764.999538,2026-08-15,2026,NTN-B 2026
2026-06-09,20270515,8.3742,8.3883,8.3618,4647.869232,2027-05-15,2027,NTN-B 2027
2026-06-09,20280815,8.71,8.7218,8.699,4571.185204,2028-08-15,2028,NTN-B 2028
2026-06-09,20290515,8.6753,8.6843,8.6571,4438.741709,2029-05-15,2029,NTN-B 2029
2026-06-09,20300815,8.6954,8.7028,8.6851,4394.752897,2030-08-15,2030,NTN-B 2030
2026-06-09,20310515,8.5891,8.5989,8.5775,4284.665146,2031-05-15,2031,NTN-B 2031
2026-06-09,20320815,8.4539,8.4665,8.442,4286.030202,2032-08-15,2032,NTN-B 2032
2026-06-09,20330515,8.4308,8.4413,8.4187,4175.229222,2033-05-15,2033,NTN-B 2033
2026-06-09,20350515,8.2097,8.2203,8.1971,4121.269361,2035-05-15,2035,NTN-B 2035
2026-06-09,20370515,8.0261,8.0467,8.0065,4086.59505,2037-05-15,2037,NTN-B 2037
2026-06-09,20400815,7.8973,7.9124,7.8838,4087.544448,2040-08-15,2040,NTN-B 2040
2026-06-09,20450515,7.7606,7.7744,7.7512,3960.325008,2045-05-15,2045,NTN-B 2045
2026-06-09,20500815,7.6813,7.695,7.6667,3981.433781,2050-08-15,2050,NTN-B 2050
2026-06-09,20550515,7.6224,7.64,7.6028,3889.993923,2055-05-15,2055,NTN-B 2055
2026-06-09,20600815,7.6201,7.634,7.6036,3922.212078,2060-08-15,2060,NTN-B 2060
2026-06-10,20260815,11.2382,11.2594,11.1969,4766.542309,2026-08-15,2026,NTN-B 2026
2026-06-10,20270515,8.3875,8.3998,8.3726,4649.992258,2027-05-15,2027,NTN-B 2027
2026-06-10,20280815,8.73,8.7432,8.7182,4572.131588,2028-08-15,2028,NTN-B 2028
2026-06-10,20290515,8.65,8.6598,8.6331,4444.100867,2029-05-15,2029,NTN-B 2029
2026-06-10,20300815,8.6357,8.6497,8.6265,4406.110719,2030-08-15,2030,NTN-B 2030
2026-06-10,20310515,8.5365,8.5505,8.5253,4295.990786,2031-05-15,2031,NTN-B 2031
2026-06-10,20320815,8.41,8.4241,8.3952,4297.290039,2032-08-15,2032,NTN-B 2032
2026-06-10,20330515,8.3745,8.3888,8.3628,4189.867828,2033-05-15,2033,NTN-B 2033
2026-06-10,20350515,8.1608,8.1709,8.1485,4136.338617,2035-05-15,2035,NTN-B 2035
2026-06-10,20370515,7.9693,7.9823,7.9534,4105.836889,2037-05-15,2037,NTN-B 2037
2026-06-10,20400815,7.8352,7.8482,7.8197,4111.336271,2040-08-15,2040,NTN-B 2040
2026-06-10,20450515,7.6988,7.7162,7.6856,3987.113542,2045-05-15,2045,NTN-B 2045
2026-06-10,20500815,7.5979,7.6136,7.592,4020.034242,2050-08-15,2050,NTN-B 2050
2026-06-10,20550515,7.5288,7.5471,7.5174,3935.237926,2055-05-15,2055,NTN-B 2055
2026-06-10,20600815,7.5296,7.5492,7.5138,3967.237338,2060-08-15,2060,NTN-B 2060
2026-06-11,20260815,10.65,10.6855,10.6373,4774.465295,2026-08-15,2026,NTN-B 2026
2026-06-11,20270515,8.2765,8.292,8.2639,4656.964656,2027-05-15,2027,NTN-B 2027
2026-06-11,20280815,8.5262,8.5421,8.5113,4592.222107,2028-08-15,2028,NTN-B 2028
2026-06-11,20290515,8.3845,8.3984,8.3667,4476.021045,2029-05-15,2029,NTN-B 2029
2026-06-11,20300815,8.3764,8.395,8.3563,4447.189345,2030-08-15,2030,NTN-B 2030
2026-06-11,20310515,8.2745,8.3012,8.2525,4342.92076,2031-05-15,2031,NTN-B 2031
2026-06-11,20320815,8.1748,8.1821,8.1485,4347.353498,2032-08-15,2032,NTN-B 2032
2026-06-11,20330515,8.109,8.1188,8.0902,4250.669716,2033-05-15,2033,NTN-B 2033
2026-06-11,20350515,7.9118,7.9281,7.8888,4204.414236,2035-05-15,2035,NTN-B 2035
2026-06-11,20370515,7.6979,7.7168,7.6786,4190.539482,2037-05-15,2037,NTN-B 2037
2026-06-11,20400815,7.5668,7.5811,7.5521,4208.577607,2040-08-15,2040,NTN-B 2040
2026-06-11,20450515,7.4686,7.4823,7.4546,4083.06685,2045-05-15,2045,NTN-B 2045
2026-06-11,20500815,7.3703,7.392,7.3545,4124.421745,2050-08-15,2050,NTN-B 2050
2026-06-11,20550515,7.3105,7.3343,7.2865,4041.116514,2055-05-15,2055,NTN-B 2055
2026-06-11,20600815,7.3069,7.3338,7.2846,4078.558501,2060-08-15,2060,NTN-B 2060
2026-06-12,20260815,11.0015,11.0342,10.9779,4778.422289,2026-08-15,2026,NTN-B 2026
2026-06-12,20270515,8.2572,8.2787,8.24,4663.868785,2027-05-15,2027,NTN-B 2027
2026-06-12,20280815,8.4885,8.5014,8.4782,4601.572986,2028-08-15,2028,NTN-B 2028
2026-06-12,20290515,8.3561,8.3714,8.3414,4485.108365,2029-05-15,2029,NTN-B 2029
2026-06-12,20300815,8.3538,8.3655,8.3398,4456.465259,2030-08-15,2030,NTN-B 2030
2026-06-12,20310515,8.2471,8.2605,8.234,4353.350076,2031-05-15,2031,NTN-B 2031
2026-06-12,20320815,8.1435,8.1519,8.1327,4359.476058,2032-08-15,2032,NTN-B 2032
2026-06-12,20330515,8.0744,8.0858,8.0611,4263.958039,2033-05-15,2033,NTN-B 2033
2026-06-12,20350515,7.8637,7.8762,7.8549,4222.7886,2035-05-15,2035,NTN-B 2035
2026-06-12,20370515,7.6437,7.6574,7.6336,4212.731582,2037-05-15,2037,NTN-B 2037
2026-06-12,20400815,7.515,7.5289,7.5019,4232.736817,2040-08-15,2040,NTN-B 2040
2026-06-12,20450515,7.4325,7.4483,7.4226,4103.357963,2045-05-15,2045,NTN-B 2045
2026-06-12,20500815,7.34,7.3535,7.3286,4143.671184,2050-08-15,2050,NTN-B 2050
2026-06-12,20550515,7.28,7.2935,7.2688,4061.18566,2055-05-15,2055,NTN-B 2055
2026-06-12,20600815,7.2695,7.2847,7.2548,4102.676773,2060-08-15,2060,NTN-B 2060
2026-06-15,20260815,11.315,11.3328,11.2989,4779.373714,2026-08-15,2026,NTN-B 2026
2026-06-15,20270515,8.28,8.2907,8.2693,4665.804428,2027-05-15,2027,NTN-B 2027
2026-06-15,20280815,8.5059,8.5243,8.4963,4602.899129,2028-08-15,2028,NTN-B 2028
2026-06-15,20290515,8.3648,8.3787,8.3521,4486.869278,2029-05-15,2029,NTN-B 2029
2026-06-15,20300815,8.38,8.391,8.3705,4455.255745,2030-08-15,2030,NTN-B 2030
2026-06-15,20310515,8.28,8.2924,8.2666,4350.35522,2031-05-15,2031,NTN-B 2031
2026-06-15,20320815,8.1655,8.1778,8.1538,4357.599692,2032-08-15,2032,NTN-B 2032
2026-06-15,20330515,8.0932,8.1058,8.0773,4262.323763,2033-05-15,2033,NTN-B 2033
2026-06-15,20350515,7.8936,7.9061,7.8804,4217.271759,2035-05-15,2035,NTN-B 2035
2026-06-15,20370515,7.6902,7.7044,7.681,4200.814362,2037-05-15,2037,NTN-B 2037
2026-06-15,20400815,7.555,7.5653,7.5457,4220.721282,2040-08-15,2040,NTN-B 2040
2026-06-15,20450515,7.4749,7.4866,7.4612,4088.077883,2045-05-15,2045,NTN-B 2045
2026-06-15,20500815,7.3833,7.3946,7.3682,4126.140936,2050-08-15,2050,NTN-B 2050
2026-06-15,20550515,7.3126,7.3308,7.2951,4047.601583,2055-05-15,2055,NTN-B 2055
2026-06-15,20600815,7.3077,7.3221,7.2953,4085.72615,2060-08-15,2060,NTN-B 2060
2026-06-16,20260815,11.076,11.1231,11.0459,4783.93981,2026-08-15,2026,NTN-B 2026
2026-06-16,20270515,8.5046,8.5174,8.4891,4659.35447,2027-05-15,2027,NTN-B 2027
2026-06-16,20280815,8.6596,8.6688,8.6448,4591.981368,2028-08-15,2028,NTN-B 2028
2026-06-16,20290515,8.44,8.46,8.428,4480.661468,2029-05-15,2029,NTN-B 2029
2026-06-16,20300815,8.4406,8.4548,8.4274,4448.33317,2030-08-15,2030,NTN-B 2030
2026-06-16,20310515,8.3451,8.3624,8.3364,4341.300993,2031-05-15,2031,NTN-B 2031
2026-06-16,20320815,8.2548,8.2688,8.2382,4341.457168,2032-08-15,2032,NTN-B 2032
2026-06-16,20330515,8.2078,8.2174,8.195,4238.916216,2033-05-15,2033,NTN-B 2033
2026-06-16,20350515,7.99,8.0045,7.9785,4193.516514,2035-05-15,2035,NTN-B 2035
2026-06-16,20370515,7.7723,7.7869,7.7578,4177.487244,2037-05-15,2037,NTN-B 2037
2026-06-16,20400815,7.6325,7.6436,7.6169,4194.780115,2040-08-15,2040,NTN-B 2040
2026-06-16,20450515,7.5232,7.54,7.5035,4069.92975,2045-05-15,2045,NTN-B 2045
2026-06-16,20500815,7.4228,7.4363,7.4082,4109.924838,2050-08-15,2050,NTN-B 2050
2026-06-16,20550515,7.3449,7.3613,7.3307,4033.706533,2055-05-15,2055,NTN-B 2055
2026-06-16,20600815,7.3456,7.36,7.3245,4068.524172,2060-08-15,2060,NTN-B 2060
2026-06-17,20260815,11.1029,11.1566,11.047,4786.47661,2026-08-15,2026,NTN-B 2026
2026-06-17,20270515,8.5193,8.534,8.5076,4661.02005,2027-05-15,2027,NTN-B 2027
2026-06-17,20280815,8.7687,8.7854,8.7541,4584.94145,2028-08-15,2028,NTN-B 2028
2026-06-17,20290515,8.5669,8.5954,8.5537,4468.804791,2029-05-15,2029,NTN-B 2029
2026-06-17,20300815,8.6157,8.6375,8.5868,4424.496213,2030-08-15,2030,NTN-B 2030
2026-06-17,20310515,8.5134,8.5376,8.4938,4314.853664,2031-05-15,2031,NTN-B 2031
2026-06-17,20320815,8.4504,8.4717,8.4294,4304.056969,2032-08-15,2032,NTN-B 2032
2026-06-17,20330515,8.3655,8.385,8.3473,4206.304511,2033-05-15,2033,NTN-B 2033
2026-06-17,20350515,8.1097,8.1266,8.098,4163.856127,2035-05-15,2035,NTN-B 2035
2026-06-17,20370515,7.8676,7.89,7.8545,4150.370908,2037-05-15,2037,NTN-B 2037
2026-06-17,20400815,7.7313,7.747,7.7142,4161.574668,2040-08-15,2040,NTN-B 2040
2026-06-17,20450515,7.5988,7.6224,7.5778,4040.789892,2045-05-15,2045,NTN-B 2045
2026-06-17,20500815,7.4879,7.5124,7.4724,4082.305813,2050-08-15,2050,NTN-B 2050
2026-06-17,20550515,7.4014,7.4185,7.3764,4008.324073,2055-05-15,2055,NTN-B 2055
2026-06-17,20600815,7.4017,7.4192,7.3785,4042.489153,2060-08-15,2060,NTN-B 2060
2026-06-18,20260815,10.9804,11.0046,10.9533,4790.098175,2026-08-15,2026,NTN-B 2026
2026-06-18,20270515,8.52,8.535,8.5066,4663.225714,2027-05-15,2027,NTN-B 2027
2026-06-18,20280815,8.82,8.8337,8.8071,4582.841594,2028-08-15,2028,NTN-B 2028
2026-06-18,20290515,8.6346,8.6532,8.6193,4463.519938,2029-05-15,2029,NTN-B 2029
2026-06-18,20300815,8.7,8.7127,8.6841,4414.214838,2030-08-15,2030,NTN-B 2030
2026-06-18,20310515,8.598,8.6137,8.5842,4302.690158,2031-05-15,2031,NTN-B 2031
2026-06-18,20320815,8.52,8.5339,8.508,4292.194775,2032-08-15,2032,NTN-B 2032
2026-06-18,20330515,8.425,8.4371,8.4114,4195.340907,2033-05-15,2033,NTN-B 2033
2026-06-18,20350515,8.15,8.1616,8.1389,4155.224592,2035-05-15,2035,NTN-B 2035
2026-06-18,20370515,7.9036,7.923,7.891,4141.37277,2037-05-15,2037,NTN-B 2037
2026-06-18,20400815,7.7543,7.7708,7.7373,4155.338209,2040-08-15,2040,NTN-B 2040
2026-06-18,20450515,7.61,7.6235,7.598,4038.033257,2045-05-15,2045,NTN-B 2045
2026-06-18,20500815,7.51,7.5207,7.5011,4074.191908,2050-08-15,2050,NTN-B 2050
2026-06-18,20550515,7.42,7.4331,7.4054,4001.207105,2055-05-15,2055,NTN-B 2055
2026-06-18,20600815,7.4147,7.4321,7.4,4037.858097,2060-08-15,2060,NTN-B 2060
2026-06-19,20260815,11.15,11.1725,11.12,4791.627972,2026-08-15,2026,NTN-B 2026
2026-06-19,20270515,8.5733,8.5885,8.5596,4663.433871,2027-05-15,2027,NTN-B 2027
2026-06-19,20280815,8.9683,8.985,8.9518,4572.59243,2028-08-15,2028,NTN-B 2028
2026-06-19,20290515,8.8171,8.8354,8.7984,4445.752476,2029-05-15,2029,NTN-B 2029
2026-06-19,20300815,8.8766,8.8916,8.8648,4390.521296,2030-08-15,2030,NTN-B 2030
2026-06-19,20310515,8.7778,8.7884,8.76,4274.746517,2031-05-15,2031,NTN-B 2031
2026-06-19,20320815,8.652,8.666,8.6382,4268.032602,2032-08-15,2032,NTN-B 2032
2026-06-19,20330515,8.538,8.5555,8.5274,4172.882514,2033-05-15,2033,NTN-B 2033
2026-06-19,20350515,8.258,8.2693,8.245,4129.02427,2035-05-15,2035,NTN-B 2035
2026-06-19,20370515,7.9763,7.9903,7.951,4121.396543,2037-05-15,2037,NTN-B 2037
2026-06-19,20400815,7.8262,7.8562,7.8015,4132.011914,2040-08-15,2040,NTN-B 2040
2026-06-19,20450515,7.6656,7.69,7.6373,4017.330868,2045-05-15,2045,NTN-B 2045
2026-06-19,20500815,7.5659,7.5859,7.5361,4051.085097,2050-08-15,2050,NTN-B 2050
2026-06-19,20550515,7.4658,7.4842,7.4381,3981.256599,2055-05-15,2055,NTN-B 2055
2026-06-19,20600815,7.464,7.4815,7.4487,4015.526918,2060-08-15,2060,NTN-B 2060
2026-06-22,20260815,11.1019,11.1376,11.0786,4794.706638,2026-08-15,2026,NTN-B 2026
2026-06-22,20270515,8.6,8.6189,8.589,4664.669587,2027-05-15,2027,NTN-B 2027
2026-06-22,20280815,8.963,8.9763,8.9513,4575.305814,2028-08-15,2028,NTN-B 2028
2026-06-22,20290515,8.7332,8.7478,8.7219,4457.064914,2029-05-15,2029,NTN-B 2029
2026-06-22,20300815,8.7798,8.7897,8.766,4406.811702,2030-08-15,2030,NTN-B 2030
2026-06-22,20310515,8.68,8.6932,8.6617,4293.121625,2031-05-15,2031,NTN-B 2031
2026-06-22,20320815,8.5521,8.5654,8.5401,4289.91095,2032-08-15,2032,NTN-B 2032
2026-06-22,20330515,8.4326,8.4468,8.417,4197.67746,2033-05-15,2033,NTN-B 2033
2026-06-22,20350515,8.1646,8.176,8.151,4155.275721,2035-05-15,2035,NTN-B 2035
2026-06-22,20370515,7.9192,7.938,7.905,4140.448845,2037-05-15,2037,NTN-B 2037
2026-06-22,20400815,7.7964,7.806,7.7835,4144.303549,2040-08-15,2040,NTN-B 2040
2026-06-22,20450515,7.6421,7.6568,7.6265,4028.615087,2045-05-15,2045,NTN-B 2045
2026-06-22,20500815,7.5492,7.561,7.5307,4060.295636,2050-08-15,2050,NTN-B 2050
2026-06-22,20550515,7.4583,7.4678,7.4287,3986.549569,2055-05-15,2055,NTN-B 2055
2026-06-22,20600815,7.4512,7.4606,7.4238,4023.529151,2060-08-15,2060,NTN-B 2060
2026-06-23,20260815,11.15,11.1751,11.117,4797.127803,2026-08-15,2026,NTN-B 2026
2026-06-23,20270515,8.5772,8.5884,8.5654,4667.776388,2027-05-15,2027,NTN-B 2027
2026-06-23,20280815,8.8894,8.9031,8.8753,4583.741304,2028-08-15,2028,NTN-B 2028
2026-06-23,20290515,8.6455,8.6587,8.6339,4468.802263,2029-05-15,2029,NTN-B 2029
2026-06-23,20300815,8.6925,8.7062,8.6824,4421.747731,2030-08-15,2030,NTN-B 2030
2026-06-23,20310515,8.6133,8.6326,8.6048,4306.349275,2031-05-15,2031,NTN-B 2031
2026-06-23,20320815,8.5116,8.5296,8.4988,4300.035869,2032-08-15,2032,NTN-B 2032
2026-06-23,20330515,8.4134,8.4291,8.3996,4203.847597,2033-05-15,2033,NTN-B 2033
2026-06-23,20350515,8.1936,8.2046,8.1793,4149.641344,2035-05-15,2035,NTN-B 2035
2026-06-23,20370515,7.9566,7.9733,7.9366,4131.089497,2037-05-15,2037,NTN-B 2037
2026-06-23,20400815,7.8256,7.8436,7.8091,4135.967823,2040-08-15,2040,NTN-B 2040
2026-06-23,20450515,7.6541,7.6635,7.6393,4025.566099,2045-05-15,2045,NTN-B 2045
2026-06-23,20500815,7.5555,7.5664,7.5404,4059.297591,2050-08-15,2050,NTN-B 2050
2026-06-23,20550515,7.4722,7.4796,7.4567,3981.741682,2055-05-15,2055,NTN-B 2055
2026-06-23,20600815,7.4672,7.4781,7.4523,4017.50502,2060-08-15,2060,NTN-B 2060
2026-06-24,20260815,11.2,11.232,11.1667,4799.554339,2026-08-15,2026,NTN-B 2026
2026-06-24,20270515,8.6677,8.6815,8.6561,4666.630237,2027-05-15,2027,NTN-B 2027
2026-06-24,20280815,8.89,8.906,8.8768,4585.950173,2028-08-15,2028,NTN-B 2028
2026-06-24,20290515,8.6503,8.6655,8.6418,4470.439172,2029-05-15,2029,NTN-B 2029
2026-06-24,20300815,8.66,8.671,8.6446,4428.663838,2030-08-15,2030,NTN-B 2030
2026-06-24,20310515,8.56,8.5757,8.545,4317.359265,2031-05-15,2031,NTN-B 2031
2026-06-24,20320815,8.46,8.472,8.4434,4312.394921,2032-08-15,2032,NTN-B 2032
2026-06-24,20330515,8.3517,8.371,8.3353,4219.275575,2033-05-15,2033,NTN-B 2033
2026-06-24,20350515,8.1386,8.163,8.1277,4165.946772,2035-05-15,2035,NTN-B 2035
2026-06-24,20370515,7.9325,7.9478,7.911,4140.225028,2037-05-15,2037,NTN-B 2037
2026-06-24,20400815,7.8,7.8171,7.78,4146.795205,2040-08-15,2040,NTN-B 2040
2026-06-24,20450515,7.634,7.6528,7.6131,4035.495369,2045-05-15,2045,NTN-B 2045
2026-06-24,20500815,7.5541,7.576,7.5306,4061.719233,2050-08-15,2050,NTN-B 2050
2026-06-24,20550515,7.4777,7.4958,7.4504,3980.906533,2055-05-15,2055,NTN-B 2055
2026-06-24,20600815,7.4706,7.4953,7.4446,4017.622783,2060-08-15,2060,NTN-B 2060
2026-06-25,20260815,11.3965,11.4313,11.3411,4801.071869,2026-08-15,2026,NTN-B 2026
2026-06-25,20270515,8.725,8.7393,8.7115,4666.758063,2027-05-15,2027,NTN-B 2027
2026-06-25,20280815,8.8757,8.8912,8.8625,4589.405629,2028-08-15,2028,NTN-B 2028
2026-06-25,20290515,8.6141,8.633,8.6057,4476.548868,2029-05-15,2029,NTN-B 2029
2026-06-25,20300815,8.6077,8.6244,8.5963,4438.49092,2030-08-15,2030,NTN-B 2030
2026-06-25,20310515,8.5097,8.5223,8.4953,4327.879829,2031-05-15,2031,NTN-B 2031
2026-06-25,20320815,8.4146,8.4238,8.3971,4323.540096,2032-08-15,2032,NTN-B 2032
2026-06-25,20330515,8.2993,8.3139,8.2848,4232.718379,2033-05-15,2033,NTN-B 2033
2026-06-25,20350515,8.0922,8.1054,8.0755,4180.049364,2035-05-15,2035,NTN-B 2035
2026-06-25,20370515,7.9011,7.92,7.8786,4151.58526,2037-05-15,2037,NTN-B 2037
2026-06-25,20400815,7.77,7.787,7.7523,4159.189269,2040-08-15,2040,NTN-B 2040
2026-06-25,20450515,7.6034,7.6208,7.583,4049.715227,2045-05-15,2045,NTN-B 2045
2026-06-25,20500815,7.5305,7.5494,7.515,4074.029105,2050-08-15,2050,NTN-B 2050
2026-06-25,20550515,7.4621,7.4793,7.4516,3990.015464,2055-05-15,2055,NTN-B 2055
2026-06-25,20600815,7.457,7.4747,7.4446,4026.007774,2060-08-15,2060,NTN-B 2060
2026-06-26,20260815,11.5904,11.6079,11.5702,4802.483971,2026-08-15,2026,NTN-B 2026
2026-06-26,20270515,8.6854,8.7002,8.6723,4670.306078,2027-05-15,2027,NTN-B 2027
2026-06-26,20280815,8.8046,8.8153,8.7913,4597.427237,2028-08-15,2028,NTN-B 2028
2026-06-26,20290515,8.5166,8.5328,8.501,4489.177447,2029-05-15,2029,NTN-B 2029
2026-06-26,20300815,8.5452,8.5581,8.5255,4449.655802,2030-08-15,2030,NTN-B 2030
2026-06-26,20310515,8.4716,8.4814,8.4526,4336.184474,2031-05-15,2031,NTN-B 2031
2026-06-26,20320815,8.3827,8.3944,8.3623,4331.815818,2032-08-15,2032,NTN-B 2032
2026-06-26,20330515,8.296,8.3102,8.275,4235.26,2033-05-15,2033,NTN-B 2033
2026-06-26,20350515,8.1273,8.1413,8.1102,4172.606276,2035-05-15,2035,NTN-B 2035
2026-06-26,20370515,7.9582,7.9681,7.9368,4136.121842,2037-05-15,2037,NTN-B 2037
2026-06-26,20400815,7.8424,7.8546,7.8226,4135.572206,2040-08-15,2040,NTN-B 2040
2026-06-26,20450515,7.6679,7.6883,7.644,4025.232853,2045-05-15,2045,NTN-B 2045
2026-06-26,20500815,7.6111,7.6243,7.5897,4039.945083,2050-08-15,2050,NTN-B 2050
2026-06-26,20550515,7.5425,7.5594,7.5217,3953.922368,2055-05-15,2055,NTN-B 2055
2026-06-26,20600815,7.5361,7.5533,7.5158,3989.388081,2060-08-15,2060,NTN-B 2060
2026-06-29,20260815,11.3101,11.3328,11.2968,4806.970675,2026-08-15,2026,NTN-B 2026
2026-06-29,20270515,8.6634,8.68,8.6493,4673.360781,2027-05-15,2027,NTN-B 2027
2026-06-29,20280815,8.8172,8.8341,8.8028,4598.603879,2028-08-15,2028,NTN-B 2028
2026-06-29,20290515,8.5543,8.5741,8.5457,4487.186477,2029-05-15,2029,NTN-B 2029
2026-06-29,20300815,8.5664,8.5832,8.5485,4448.644614,2030-08-15,2030,NTN-B 2030
2026-06-29,20310515,8.45,8.4665,8.4363,4341.871381,2031-05-15,2031,NTN-B 2031
2026-06-29,20320815,8.3564,8.37,8.3435,4339.132269,2032-08-15,2032,NTN-B 2032
2026-06-29,20330515,8.2653,8.282,8.2482,4243.955241,2033-05-15,2033,NTN-B 2033
2026-06-29,20350515,8.11,8.1237,8.0958,4179.060089,2035-05-15,2035,NTN-B 2035
2026-06-29,20370515,7.96,7.9692,7.9442,4137.456867,2037-05-15,2037,NTN-B 2037
2026-06-29,20400815,7.85,7.863,7.827,4134.7841,2040-08-15,2040,NTN-B 2040
2026-06-29,20450515,7.6898,7.702,7.673,4018.205984,2045-05-15,2045,NTN-B 2045
2026-06-29,20500815,7.6368,7.6525,7.6187,4030.441947,2050-08-15,2050,NTN-B 2050
2026-06-29,20550515,7.5684,7.589,7.5481,3943.63864,2055-05-15,2055,NTN-B 2055
2026-06-29,20600815,7.5615,7.5835,7.5441,3978.99119,2060-08-15,2060,NTN-B 2060
2026-06-30,20260815,11.2498,11.2785,11.2146,4810.088855,2026-08-15,2026,NTN-B 2026
2026-06-30,20270515,8.65,8.6653,8.6378,4676.098736,2027-05-15,2027,NTN-B 2027
2026-06-30,20280815,8.7903,8.8051,8.7751,4603.079572,2028-08-15,2028,NTN-B 2028
2026-06-30,20290515,8.53,8.5426,8.516,4491.97252,2029-05-15,2029,NTN-B 2029
2026-06-30,20300815,8.52,8.532,8.5026,4457.600523,2030-08-15,2030,NTN-B 2030
2026-06-30,20310515,8.3922,8.4051,8.3773,4353.674052,2031-05-15,2031,NTN-B 2031
2026-06-30,20320815,8.2991,8.3125,8.2878,4352.702422,2032-08-15,2032,NTN-B 2032
2026-06-30,20330515,8.2248,8.2452,8.2137,4254.819015,2033-05-15,2033,NTN-B 2033
2026-06-30,20350515,8.1098,8.1311,8.0984,4181.032026,2035-05-15,2035,NTN-B 2035
2026-06-30,20370515,7.9879,7.9971,7.9705,4130.976503,2037-05-15,2037,NTN-B 2037
2026-06-30,20400815,7.8531,7.8658,7.8423,4135.564491,2040-08-15,2040,NTN-B 2040
2026-06-30,20450515,7.6989,7.714,7.685,4016.333666,2045-05-15,2045,NTN-B 2045
2026-06-30,20500815,7.64,7.6569,7.6256,4030.81806,2050-08-15,2050,NTN-B 2050
2026-06-30,20550515,7.569,7.5905,7.5532,3945.091874,2055-05-15,2055,NTN-B 2055
2026-06-30,20600815,7.5551,7.5743,7.5446,3983.795917,2060-08-15,2060,NTN-B 2060
2026-07-01,20260815,11.435,11.4565,11.4011,4811.79523,2026-08-15,2026,NTN-B 2026
2026-07-01,20270515,8.7045,8.7226,8.685,4676.339232,2027-05-15,2027,NTN-B 2027
2026-07-01,20280815,8.869,8.8825,8.8541,4598.748899,2028-08-15,2028,NTN-B 2028
2026-07-01,20290515,8.6033,8.6178,8.5861,4486.122511,2029-05-15,2029,NTN-B 2029
2026-07-01,20300815,8.59,8.6043,8.5757,4449.413106,2030-08-15,2030,NTN-B 2030
2026-07-01,20310515,8.46,8.4807,8.4425,4344.285978,2031-05-15,2031,NTN-B 2031
2026-07-01,20320815,8.384,8.3996,8.3682,4337.658945,2032-08-15,2032,NTN-B 2032
2026-07-01,20330515,8.3282,8.3452,8.3177,4234.148283,2033-05-15,2033,NTN-B 2033
2026-07-01,20350515,8.22,8.2361,8.21,4154.187766,2035-05-15,2035,NTN-B 2035
2026-07-01,20370515,8.078,8.0977,8.063,4106.016153,2037-05-15,2037,NTN-B 2037
2026-07-01,20400815,7.9389,7.9535,7.9195,4107.732166,2040-08-15,2040,NTN-B 2040
2026-07-01,20450515,7.753,7.7728,7.7289,3996.499445,2045-05-15,2045,NTN-B 2045
2026-07-01,20500815,7.6888,7.7052,7.6727,4011.317834,2050-08-15,2050,NTN-B 2050
2026-07-01,20550515,7.6157,7.6257,7.5968,3925.308608,2055-05-15,2055,NTN-B 2055
2026-07-01,20600815,7.602,7.622,7.5872,3963.259989,2060-08-15,2060,NTN-B 2060
2026-07-02,20260815,11.4504,11.4816,11.4287,4814.497636,2026-08-15,2026,NTN-B 2026
2026-07-02,20270515,8.6864,8.7018,8.6725,4679.248923,2027-05-15,2027,NTN-B 2027
2026-07-02,20280815,8.8741,8.889,8.86,4600.566004,2028-08-15,2028,NTN-B 2028
2026-07-02,20290515,8.6484,8.6667,8.637,4483.366573,2029-05-15,2029,NTN-B 2029
2026-07-02,20300815,8.6593,8.6772,8.6473,4441.379592,2030-08-15,2030,NTN-B 2030
2026-07-02,20310515,8.55,8.5639,8.5382,4331.234884,2031-05-15,2031,NTN-B 2031
2026-07-02,20320815,8.4657,8.485,8.4518,4323.350473,2032-08-15,2032,NTN-B 2032
2026-07-02,20330515,8.3938,8.4051,8.3804,4221.848748,2033-05-15,2033,NTN-B 2033
2026-07-02,20350515,8.28,8.294,8.2671,4140.558237,2035-05-15,2035,NTN-B 2035
2026-07-02,20370515,8.13,8.1462,8.1162,4092.512159,2037-05-15,2037,NTN-B 2037
2026-07-02,20400815,7.9714,7.9926,7.9575,4098.424283,2040-08-15,2040,NTN-B 2040
2026-07-02,20450515,7.7664,7.7855,7.7564,3992.954277,2045-05-15,2045,NTN-B 2045
2026-07-02,20500815,7.695,7.7156,7.679,4010.406182,2050-08-15,2050,NTN-B 2050
2026-07-02,20550515,7.6253,7.6431,7.6093,3922.6441,2055-05-15,2055,NTN-B 2055
2026-07-02,20600815,7.6061,7.6303,7.5895,3963.066525,2060-08-15,2060,NTN-B 2060
2026-07-03,20260815,11.5375,11.567,11.5121,4816.830883,2026-08-15,2026,NTN-B 2026
2026-07-03,20270515,8.6071,8.6229,8.5923,4684.378537,2027-05-15,2027,NTN-B 2027
2026-07-03,20280815,8.7807,8.792,8.7667,4610.567875,2028-08-15,2028,NTN-B 2028
2026-07-03,20290515,8.564,8.5766,8.5498,4494.67385,2029-05-15,2029,NTN-B 2029
2026-07-03,20300815,8.57,8.585,8.5578,4456.592556,2030-08-15,2030,NTN-B 2030
2026-07-03,20310515,8.4631,8.4827,8.453,4347.868114,2031-05-15,2031,NTN-B 2031
2026-07-03,20320815,8.3767,8.3927,8.3642,4343.192711,2032-08-15,2032,NTN-B 2032
2026-07-03,20330515,8.287,8.3034,8.278,4247.105132,2033-05-15,2033,NTN-B 2033
2026-07-03,20350515,8.1839,8.1978,8.1753,4167.428879,2035-05-15,2035,NTN-B 2035
2026-07-03,20370515,8.0269,8.05,8.0095,4124.970915,2037-05-15,2037,NTN-B 2037
2026-07-03,20400815,7.8676,7.8905,7.8543,4136.109374,2040-08-15,2040,NTN-B 2040
2026-07-03,20450515,7.6704,7.6926,7.6624,4033.150945,2045-05-15,2045,NTN-B 2045
2026-07-03,20500815,7.6133,7.632,7.5964,4047.893162,2050-08-15,2050,NTN-B 2050
2026-07-03,20550515,7.5352,7.5569,7.5198,3965.997752,2055-05-15,2055,NTN-B 2055
2026-07-03,20600815,7.5208,7.5405,7.5048,4005.482616,2060-08-15,2060,NTN-B 2060
2026-07-06,20260815,11.4349,11.4756,11.4102,4820.165388,2026-08-15,2026,NTN-B 2026
2026-07-06,20270515,8.56,8.5726,8.547,4688.323957,2027-05-15,2027,NTN-B 2027
2026-07-06,20280815,8.7,8.7143,8.6862,4619.515061,2028-08-15,2028,NTN-B 2028
2026-07-06,20290515,8.49,8.503,8.4763,4504.855699,2029-05-15,2029,NTN-B 2029
2026-07-06,20300815,8.49,8.5062,8.4793,4470.477334,2030-08-15,2030,NTN-B 2030
2026-07-06,20310515,8.402,8.415,8.3881,4360.204782,2031-05-15,2031,NTN-B 2031
2026-07-06,20320815,8.3289,8.3435,8.3163,4354.82679,2032-08-15,2032,NTN-B 2032
2026-07-06,20330515,8.2377,8.2517,8.2246,4259.88199,2033-05-15,2033,NTN-B 2033
2026-07-06,20350515,8.14,8.1518,8.1265,4180.815072,2035-05-15,2035,NTN-B 2035
2026-07-06,20370515,7.9924,8.0057,7.9755,4137.150897,2037-05-15,2037,NTN-B 2037
2026-07-06,20400815,7.825,7.841,7.811,4152.805881,2040-08-15,2040,NTN-B 2040
2026-07-06,20450515,7.6214,7.6415,7.605,4054.759488,2045-05-15,2045,NTN-B 2045
2026-07-06,20500815,7.5645,7.5831,7.548,4071.249152,2050-08-15,2050,NTN-B 2050
2026-07-06,20550515,7.4815,7.5,7.4616,3992.893608,2055-05-15,2055,NTN-B 2055
2026-07-06,20600815,7.469,7.492,7.4512,4032.29902,2060-08-15,2060,NTN-B 2060
2026-07-07,20260815,11.4789,11.5017,11.4632,4822.741871,2026-08-15,2026,NTN-B 2026
2026-07-07,20270515,8.5611,8.5721,8.5504,4690.515468,2027-05-15,2027,NTN-B 2027
2026-07-07,20280815,8.72,8.7329,8.7079,4620.07409,2028-08-15,2028,NTN-B 2028
2026-07-07,20290515,8.51,8.5244,8.497,4504.814141,2029-05-15,2029,NTN-B 2029
2026-07-07,20300815,8.5,8.5114,8.4869,4471.123137,2030-08-15,2030,NTN-B 2030
2026-07-07,20310515,8.39,8.4033,8.378,4364.277638,2031-05-15,2031,NTN-B 2031
2026-07-07,20320815,8.32,8.3322,8.3072,4358.652194,2032-08-15,2032,NTN-B 2032
2026-07-07,20330515,8.223,8.2351,8.2132,4265.087678,2033-05-15,2033,NTN-B 2033
2026-07-07,20350515,8.1032,8.1146,8.0906,4192.374303,2035-05-15,2035,NTN-B 2035
2026-07-07,20370515,7.9539,7.9703,7.9384,4150.567669,2037-05-15,2037,NTN-B 2037
2026-07-07,20400815,7.7846,7.8006,7.7741,4168.805303,2040-08-15,2040,NTN-B 2040
2026-07-07,20450515,7.5806,7.5938,7.57,4073.163262,2045-05-15,2045,NTN-B 2045
2026-07-07,20500815,7.5254,7.5417,7.5083,4090.456997,2050-08-15,2050,NTN-B 2050
2026-07-07,20550515,7.4548,7.4764,7.434,4007.246904,2055-05-15,2055,NTN-B 2055
2026-07-07,20600815,7.4525,7.47,7.43,4042.095251,2060-08-15,2060,NTN-B 2060
2026-07-08,20260815,11.5249,11.5563,11.5066,4825.323762,2026-08-15,2026,NTN-B 2026
2026-07-08,20270515,8.5356,8.5525,8.5216,4693.661058,2027-05-15,2027,NTN-B 2027
2026-07-08,20280815,8.717,8.732,8.7066,4622.544981,2028-08-15,2028,NTN-B 2028
2026-07-08,20290515,8.5,8.5153,8.4873,4508.036285,2029-05-15,2029,NTN-B 2029
2026-07-08,20300815,8.49,8.5014,8.4782,4474.710261,2030-08-15,2030,NTN-B 2030
2026-07-08,20310515,8.38,8.3938,8.3653,4368.010054,2031-05-15,2031,NTN-B 2031
2026-07-08,20320815,8.31,8.3227,8.2977,4362.70161,2032-08-15,2032,NTN-B 2032
2026-07-08,20330515,8.22,8.2376,8.2093,4267.723625,2033-05-15,2033,NTN-B 2033
2026-07-08,20350515,8.1,8.1196,8.0911,4195.136934,2035-05-15,2035,NTN-B 2035
2026-07-08,20370515,7.9628,7.9863,7.9422,4149.780332,2037-05-15,2037,NTN-B 2037
2026-07-08,20400815,7.792,7.8138,7.7727,4168.072881,2040-08-15,2040,NTN-B 2040
2026-07-08,20450515,7.6,7.6189,7.5823,4067.041656,2045-05-15,2045,NTN-B 2045
2026-07-08,20500815,7.5463,7.5598,7.525,4082.91955,2050-08-15,2050,NTN-B 2050
2026-07-08,20550515,7.47,7.4922,7.4476,4001.803294,2055-05-15,2055,NTN-B 2055
2026-07-08,20600815,7.47,7.4927,7.4507,4035.32382,2060-08-15,2060,NTN-B 2060
2026-07-09,20260815,11.6898,11.7139,11.666,4827.370174,2026-08-15,2026,NTN-B 2026
2026-07-09,20270515,8.5,8.5142,8.4871,4697.163331,2027-05-15,2027,NTN-B 2027
2026-07-09,20280815,8.6302,8.6437,8.6163,4631.972134,2028-08-15,2028,NTN-B 2028
2026-07-09,20290515,8.4106,8.4257,8.3968,4519.885028,2029-05-15,2029,NTN-B 2029
2026-07-09,20300815,8.4014,8.4176,8.3923,4489.875252,2030-08-15,2030,NTN-B 2030
2026-07-09,20310515,8.303,8.3208,8.2924,4383.059429,2031-05-15,2031,NTN-B 2031
2026-07-09,20320815,8.24,8.255,8.226,4378.846199,2032-08-15,2032,NTN-B 2032
2026-07-09,20330515,8.162,8.1815,8.149,4282.454324,2033-05-15,2033,NTN-B 2033
2026-07-09,20350515,8.0567,8.0763,8.0482,4208.442862,2035-05-15,2035,NTN-B 2035
2026-07-09,20370515,7.9318,7.9496,7.9216,4160.972853,2037-05-15,2037,NTN-B 2037
2026-07-09,20400815,7.7733,7.793,7.7588,4176.502023,2040-08-15,2040,NTN-B 2040
2026-07-09,20450515,7.59,7.6137,7.57,4072.912547,2045-05-15,2045,NTN-B 2045
2026-07-09,20500815,7.54,7.5557,7.5211,4087.521258,2050-08-15,2050,NTN-B 2050
2026-07-09,20550515,7.4697,7.4884,7.4482,4003.688415,2055-05-15,2055,NTN-B 2055
2026-07-09,20600815,7.4659,7.4868,7.4418,4039.0786,2060-08-15,2060,NTN-B 2060
2026-07-13,20260815,11.593,11.6246,11.559,4826.023746,2026-08-15,2026,NTN-B 2026
2026-07-13,20270515,8.3839,8.3967,8.3707,4698.490138,2027-05-15,2027,NTN-B 2027
2026-07-13,20280815,8.6,8.6138,8.5876,4631.759254,2028-08-15,2028,NTN-B 2028
2026-07-13,20290515,8.37,8.3845,8.36,4521.569421,2029-05-15,2029,NTN-B 2029
2026-07-13,20300815,8.3679,8.3826,8.3555,4492.103959,2030-08-15,2030,NTN-B 2030
2026-07-13,20310515,8.26,8.2727,8.2475,4387.652735,2031-05-15,2031,NTN-B 2031
2026-07-13,20320815,8.2029,8.218,8.1885,4383.639025,2032-08-15,2032,NTN-B 2032
2026-07-13,20330515,8.1671,8.1795,8.1538,4278.680757,2033-05-15,2033,NTN-B 2033
2026-07-13,20350515,8.0771,8.0908,8.066,4200.444222,2035-05-15,2035,NTN-B 2035
2026-07-13,20370515,7.9476,7.9694,7.9281,4153.582859,2037-05-15,2037,NTN-B 2037
2026-07-13,20400815,7.7486,7.7682,7.7307,4182.465457,2040-08-15,2040,NTN-B 2040
2026-07-13,20450515,7.5892,7.6069,7.5756,4070.541246,2045-05-15,2045,NTN-B 2045
2026-07-13,20500815,7.5436,7.5601,7.5297,4083.19841,2050-08-15,2050,NTN-B 2050
2026-07-13,20550515,7.4572,7.4775,7.4351,4006.904757,2055-05-15,2055,NTN-B 2055
2026-07-13,20600815,7.4476,7.4615,7.4291,4045.28852,2060-08-15,2060,NTN-B 2060
2026-07-14,20260815,11.5686,11.5886,11.548,4828.573273,2026-08-15,2026,NTN-B 2026
2026-07-14,20270515,8.34,8.3523,8.3265,4701.883435,2027-05-15,2027,NTN-B 2027
2026-07-14,20280815,8.4849,8.499,8.472,4643.133054,2028-08-15,2028,NTN-B 2028
2026-07-14,20290515,8.2636,8.2809,8.2479,4534.897195,2029-05-15,2029,NTN-B 2029
2026-07-14,20300815,8.2609,8.2765,8.2468,4509.661592,2030-08-15,2030,NTN-B 2030
2026-07-14,20310515,8.1734,8.1907,8.155,4404.022749,2031-05-15,2031,NTN-B 2031
2026-07-14,20320815,8.14,8.1528,8.1257,4398.056246,2032-08-15,2032,NTN-B 2032
2026-07-14,20330515,8.11,8.1232,8.095,4292.89605,2033-05-15,2033,NTN-B 2033
2026-07-14,20350515,8.01,8.0272,7.9974,4219.691474,2035-05-15,2035,NTN-B 2035
2026-07-14,20370515,7.8805,7.9024,7.8614,4175.324203,2037-05-15,2037,NTN-B 2037
2026-07-14,20400815,7.702,7.719,7.6865,4200.446069,2040-08-15,2040,NTN-B 2040
2026-07-14,20450515,7.56,7.5756,7.5453,4083.945253,2045-05-15,2045,NTN-B 2045
2026-07-14,20500815,7.5128,7.532,7.496,4098.418405,2050-08-15,2050,NTN-B 2050
2026-07-14,20550515,7.4314,7.4505,7.4151,4020.56953,2055-05-15,2055,NTN-B 2055
2026-07-14,20600815,7.42,7.44,7.3986,4060.25459,2060-08-15,2060,NTN-B 2060
2026-07-15,20260815,11.5764,11.5968,11.5382,4830.995181,2026-08-15,2026,NTN-B 2026
2026-07-15,20270515,8.2337,8.2459,8.2201,4707.466814,2027-05-15,2027,NTN-B 2027
2026-07-15,20280815,8.4172,8.4282,8.4046,4650.579499,2028-08-15,2028,NTN-B 2028
2026-07-15,20290515,8.21,8.225,8.1958,4542.487439,2029-05-15,2029,NTN-B 2029
2026-07-15,20300815,8.2242,8.2406,8.2083,4516.842411,2030-08-15,2030,NTN-B 2030
2026-07-15,20310515,8.147,8.1609,8.1352,4410.200615,2031-05-15,2031,NTN-B 2031
2026-07-15,20320815,8.1398,8.15,8.1261,4399.783359,2032-08-15,2032,NTN-B 2032
2026-07-15,20330515,8.1,8.1126,8.0857,4296.743526,2033-05-15,2033,NTN-B 2033
2026-07-15,20350515,8.0,8.0123,7.9873,4223.927004,2035-05-15,2035,NTN-B 2035
2026-07-15,20370515,7.8755,7.8889,7.8589,4178.39535,2037-05-15,2037,NTN-B 2037
2026-07-15,20400815,7.7061,7.7211,7.6907,4200.537942,2040-08-15,2040,NTN-B 2040
2026-07-15,20450515,7.5581,7.5726,7.5437,4086.19932,2045-05-15,2045,NTN-B 2045
2026-07-15,20500815,7.5083,7.5235,7.4942,4101.910513,2050-08-15,2050,NTN-B 2050
2026-07-15,20550515,7.4268,7.4423,7.4116,4024.193426,2055-05-15,2055,NTN-B 2055
2026-07-15,20600815,7.4097,7.4259,7.3951,4066.767679,2060-08-15,2060,NTN-B 2060
2026-07-16,20260815,11.6785,11.7292,11.6273,4833.188852,2026-08-15,2026,NTN-B 2026
2026-07-16,20270515,8.19,8.2131,8.1757,4710.951618,2027-05-15,2027,NTN-B 2027
2026-07-16,20280815,8.4056,8.4218,8.3933,4653.494573,2028-08-15,2028,NTN-B 2028
2026-07-16,20290515,8.2202,8.238,8.2067,4543.254021,2029-05-15,2029,NTN-B 2029
2026-07-16,20300815,8.22,8.2391,8.2064,4519.331755,2030-08-15,2030,NTN-B 2030
2026-07-16,20310515,8.1491,8.1615,8.134,4411.655488,2031-05-15,2031,NTN-B 2031
2026-07-16,20320815,8.1412,8.1584,8.1285,4401.30355,2032-08-15,2032,NTN-B 2032
2026-07-16,20330515,8.1025,8.1209,8.089,4297.95007,2033-05-15,2033,NTN-B 2033
2026-07-16,20350515,8.0002,8.0195,7.9872,4225.586045,2035-05-15,2035,NTN-B 2035
2026-07-16,20370515,7.8766,7.898,7.8615,4179.73701,2037-05-15,2037,NTN-B 2037
2026-07-16,20400815,7.7066,7.7262,7.6925,4202.019271,2040-08-15,2040,NTN-B 2040
2026-07-16,20450515,7.5548,7.5709,7.5334,4089.138596,2045-05-15,2045,NTN-B 2045
2026-07-16,20500815,7.4976,7.5139,7.4828,4108.297265,2050-08-15,2050,NTN-B 2050
2026-07-16,20550515,7.421,7.4426,7.4001,4028.501079,2055-05-15,2055,NTN-B 2055
2026-07-16,20600815,7.4051,7.4255,7.383,4070.591375,2060-08-15,2060,NTN-B 2060
2026-07-17,20260815,11.7063,11.7482,11.6539,4835.69104,2026-08-15,2026,NTN-B 2026
2026-07-17,20270515,8.16,8.1775,8.146,4713.944075,2027-05-15,2027,NTN-B 2027
2026-07-17,20280815,8.5,8.5132,8.482,4647.659458,2028-08-15,2028,NTN-B 2028
2026-07-17,20290515,8.31,8.3327,8.2976,4535.393236,2029-05-15,2029,NTN-B 2029
2026-07-17,20300815,8.3257,8.3436,8.31,4505.6,2030-08-15,2030,NTN-B 2030
2026-07-17,20310515,8.2595,8.2732,8.2372,4394.784332,2031-05-15,2031,NTN-B 2031
2026-07-17,20320815,8.24,8.253,8.223,4383.170422,2032-08-15,2032,NTN-B 2032
2026-07-17,20330515,8.18,8.1953,8.1669,4282.660322,2033-05-15,2033,NTN-B 2033
2026-07-17,20350515,8.07,8.0871,8.0557,4208.938062,2035-05-15,2035,NTN-B 2035
2026-07-17,20370515,7.9261,7.9496,7.9088,4166.511736,2037-05-15,2037,NTN-B 2037
2026-07-17,20400815,7.7576,7.782,7.74,4185.7055,2040-08-15,2040,NTN-B 2040
2026-07-17,20450515,7.5881,7.6042,7.5707,4077.127288,2045-05-15,2045,NTN-B 2045
2026-07-17,20500815,7.539,7.5596,7.5216,4091.372105,2050-08-15,2050,NTN-B 2050
2026-07-17,20550515,7.4572,7.4779,7.44,4012.86681,2055-05-15,2055,NTN-B 2055
2026-07-17,20600815,7.4364,7.4547,7.4235,4056.776872,2060-08-15,2060,NTN-B 2060
2026-07-20,20260815,11.7107,11.7704,11.6297,4838.283753,2026-08-15,2026,NTN-B 2026
2026-07-20,20270515,8.162,8.1838,8.1447,4715.8135,2027-05-15,2027,NTN-B 2027
2026-07-20,20280815,8.57,8.5842,8.5564,4643.875916,2028-08-15,2028,NTN-B 2028
2026-07-20,20290515,8.367,8.3805,8.3476,4531.124395,2029-05-15,2029,NTN-B 2029
2026-07-20,20300815,8.3782,8.393,8.3649,4499.763704,2030-08-15,2030,NTN-B 2030
2026-07-20,20310515,8.29,8.3032,8.2763,4391.468578,2031-05-15,2031,NTN-B 2031
2026-07-20,20320815,8.2702,8.2847,8.2576,4378.919561,2032-08-15,2032,NTN-B 2032
2026-07-20,20330515,8.1973,8.2126,8.1832,4280.6371,2033-05-15,2033,NTN-B 2033
2026-07-20,20350515,8.08,8.0986,8.0677,4208.035797,2035-05-15,2035,NTN-B 2035
2026-07-20,20370515,7.943,7.9629,7.9267,4163.12103,2037-05-15,2037,NTN-B 2037
2026-07-20,20400815,7.7764,7.7959,7.7572,4180.771197,2040-08-15,2040,NTN-B 2040
2026-07-20,20450515,7.5944,7.612,7.5731,4076.150226,2045-05-15,2045,NTN-B 2045
2026-07-20,20500815,7.5481,7.5704,7.5276,4088.912581,2050-08-15,2050,NTN-B 2050
2026-07-20,20550515,7.4673,7.4905,7.45,4009.640909,2055-05-15,2055,NTN-B 2055
2026-07-20,20600815,7.4465,7.467,7.4297,4053.39891,2060-08-15,2060,NTN-B 2060
2026-07-21,20260815,11.7677,11.8369,11.7002,4840.710991,2026-08-15,2026,NTN-B 2026
2026-07-21,20270515,8.1434,8.161,8.1262,4718.399192,2027-05-15,2027,NTN-B 2027
2026-07-21,20280815,8.5896,8.601,8.5734,4644.244967,2028-08-15,2028,NTN-B 2028
2026-07-21,20290515,8.3799,8.3905,8.3668,4531.633906,2029-05-15,2029,NTN-B 2029
2026-07-21,20300815,8.3879,8.405,8.3797,4500.227411,2030-08-15,2030,NTN-B 2030
2026-07-21,20310515,8.3099,8.3245,8.2955,4389.949078,2031-05-15,2031,NTN-B 2031
2026-07-21,20320815,8.3136,8.3252,8.2997,4372.036376,2032-08-15,2032,NTN-B 2032
2026-07-21,20330515,8.2569,8.2709,8.238,4269.377343,2033-05-15,2033,NTN-B 2033
2026-07-21,20350515,8.1502,8.1644,8.1352,4191.420581,2035-05-15,2035,NTN-B 2035
2026-07-21,20370515,8.0,8.015,7.9825,4147.7625180000005,2037-05-15,2037,NTN-B 2037
2026-07-21,20400815,7.8363,7.853,7.8204,4161.512342,2040-08-15,2040,NTN-B 2040
2026-07-21,20450515,7.6551,7.6733,7.639,4053.135279,2045-05-15,2045,NTN-B 2045
2026-07-21,20500815,7.6117,7.6279,7.5954,4062.361885,2050-08-15,2050,NTN-B 2050
2026-07-21,20550515,7.5276,7.5461,7.5076,3982.8879,2055-05-15,2055,NTN-B 2055
2026-07-21,20600815,7.5115,7.5284,7.4973,4023.416693,2060-08-15,2060,NTN-B 2060
2026-07-22,20260815,12.4735,12.499,12.3014,4841.151854,2026-08-15,2026,NTN-B 2026
2026-07-22,20270515,8.1674,8.1756,8.1463,4719.505914,2027-05-15,2027,NTN-B 2027
2026-07-22,20280815,8.6681,8.6855,8.6525,4639.815351,2028-08-15,2028,NTN-B 2028
2026-07-22,20290515,8.4495,8.4665,8.439,4526.045528,2029-05-15,2029,NTN-B 2029
2026-07-22,20300815,8.4744,8.4885,8.4617,4489.467342,2030-08-15,2030,NTN-B 2030
2026-07-22,20310515,8.3858,8.4026,8.3715,4379.045224,2031-05-15,2031,NTN-B 2031
2026-07-22,20320815,8.39,8.4061,8.3758,4358.608099,2032-08-15,2032,NTN-B 2032
2026-07-22,20330515,8.3475,8.3638,8.329,4251.453075,2033-05-15,2033,NTN-B 2033
2026-07-22,20350515,8.23,8.2478,8.2141,4172.431106,2035-05-15,2035,NTN-B 2035
2026-07-22,20370515,8.0671,8.0864,8.05,4129.508402,2037-05-15,2037,NTN-B 2037
2026-07-22,20400815,7.8916,7.9143,7.8667,4143.999319,2040-08-15,2040,NTN-B 2040
2026-07-22,20450515,7.7163,7.7337,7.6987,4030.144143,2045-05-15,2045,NTN-B 2045
2026-07-22,20500815,7.6659,7.6821,7.6478,4040.21571,2050-08-15,2050,NTN-B 2050
2026-07-22,20550515,7.5777,7.6011,7.5558,3961.174774,2055-05-15,2055,NTN-B 2055
2026-07-22,20600815,7.5608,7.5814,7.5453,4001.342497,2060-08-15,2060,NTN-B 2060
2026-07-23,20260815,12.7291,12.7609,12.674,4843.152962,2026-08-15,2026,NTN-B 2026
2026-07-23,20270515,8.0749,8.09,8.0616,4724.629508,2027-05-15,2027,NTN-B 2027
2026-07-23,20280815,8.6251,8.6411,8.6126,4645.315109,2028-08-15,2028,NTN-B 2028
2026-07-23,20290515,8.4229,8.4414,8.4113,4530.813097,2029-05-15,2029,NTN-B 2029
2026-07-23,20300815,8.4612,8.475,8.4463,4493.292288,2030-08-15,2030,NTN-B 2030
2026-07-23,20310515,8.3838,8.4034,8.3651,4381.218316,2031-05-15,2031,NTN-B 2031
2026-07-23,20320815,8.3859,8.4015,8.3732,4361.253376,2032-08-15,2032,NTN-B 2032
2026-07-23,20330515,8.3614,8.3752,8.3493,4250.21796,2033-05-15,2033,NTN-B 2033
2026-07-23,20350515,8.24,8.2541,8.2265,4171.572221,2035-05-15,2035,NTN-B 2035
2026-07-23,20370515,8.0663,8.0792,8.0486,4131.433682,2037-05-15,2037,NTN-B 2037
2026-07-23,20400815,7.9013,7.9197,7.8837,4142.31244,2040-08-15,2040,NTN-B 2040
2026-07-23,20450515,7.7188,7.7341,7.7041,4030.736405,2045-05-15,2045,NTN-B 2045
2026-07-23,20500815,7.6794,7.6953,7.665,4035.924444,2050-08-15,2050,NTN-B 2050
2026-07-23,20550515,7.5869,7.6053,7.5702,3958.469014,2055-05-15,2055,NTN-B 2055
2026-07-23,20600815,7.5766,7.5925,7.5623,3995.37807,2060-08-15,2060,NTN-B 2060
2026-07-24,20260815,12.5763,12.6363,12.5464,4846.359079,2026-08-15,2026,NTN-B 2026
2026-07-24,20270515,8.04,8.0547,8.0241,4727.757387,2027-05-15,2027,NTN-B 2027
2026-07-24,20280815,8.5172,8.533,8.5064,4656.108818,2028-08-15,2028,NTN-B 2028
2026-07-24,20290515,8.3199,8.33,8.3068,4543.786514,2029-05-15,2029,NTN-B 2029
2026-07-24,20300815,8.3697,8.3797,8.3541,4508.557443,2030-08-15,2030,NTN-B 2030
2026-07-24,20310515,8.2963,8.3126,8.285,4397.719616,2031-05-15,2031,NTN-B 2031
2026-07-24,20320815,8.31,8.3244,8.2958,4378.226956,2032-08-15,2032,NTN-B 2032
2026-07-24,20330515,8.2707,8.2854,8.258,4271.686052,2033-05-15,2033,NTN-B 2033
2026-07-24,20350515,8.17,8.1832,8.1572,4191.438896,2035-05-15,2035,NTN-B 2035
2026-07-24,20370515,8.0013,8.0214,7.9915,4152.420376,2037-05-15,2037,NTN-B 2037
2026-07-24,20400815,7.8529,7.8682,7.8372,4160.729656,2040-08-15,2040,NTN-B 2040
2026-07-24,20450515,7.68,7.6956,7.6673,4047.88565,2045-05-15,2045,NTN-B 2045
2026-07-24,20500815,7.6447,7.6551,7.629,4052.652104,2050-08-15,2050,NTN-B 2050
2026-07-24,20550515,7.5566,7.5739,7.5397,3974.031708,2055-05-15,2055,NTN-B 2055
2026-07-24,20600815,7.5429,7.5601,7.5263,4013.012285,2060-08-15,2060,NTN-B 2060
2026-07-27,20260815,13.1522,13.228,12.9656,4847.649528,2026-08-15,2026,NTN-B 2026
2026-07-27,20270515,8.01,8.0288,7.9968,4730.705601,2027-05-15,2027,NTN-B 2027
2026-07-27,20280815,8.4533,8.467,8.4383,4663.299794,2028-08-15,2028,NTN-B 2028
2026-07-27,20290515,8.25,8.2671,8.2384,4553.205067,2029-05-15,2029,NTN-B 2029
2026-07-27,20300815,8.3108,8.3268,8.2981,4519.077646,2030-08-15,2030,NTN-B 2030
2026-07-27,20310515,8.2572,8.2715,8.244,4406.122761,2031-05-15,2031,NTN-B 2031
2026-07-27,20320815,8.2721,8.2894,8.2563,4387.638458,2032-08-15,2032,NTN-B 2032
2026-07-27,20330515,8.25,8.2661,8.2294,4277.965876,2033-05-15,2033,NTN-B 2033
2026-07-27,20350515,8.1624,8.1779,8.151,4195.139883,2035-05-15,2035,NTN-B 2035
2026-07-27,20370515,8.0155,8.0334,7.9991,4149.875397,2037-05-15,2037,NTN-B 2037
2026-07-27,20400815,7.8618,7.8835,7.8408,4159.304905,2040-08-15,2040,NTN-B 2040
2026-07-27,20450515,7.6976,7.7157,7.6846,4042.40841,2045-05-15,2045,NTN-B 2045
2026-07-27,20500815,7.67,7.6864,7.654,4043.195783,2050-08-15,2050,NTN-B 2050
2026-07-27,20550515,7.5853,7.6071,7.5657,3962.300278,2055-05-15,2055,NTN-B 2055
2026-07-27,20600815,7.5708,7.5889,7.5537,4001.251547,2060-08-15,2060,NTN-B 2060
2026-07-29,20260815,14.6795,14.7246,14.6207,4846.22869,2026-08-15,2026,NTN-B 2026
2026-07-29,20270515,8.1369,8.1538,8.1208,4726.560646,2027-05-15,2027,NTN-B 2027
2026-07-29,20280815,8.5625,8.5813,8.5482,4654.719052,2028-08-15,2028,NTN-B 2028
2026-07-29,20290515,8.3371,8.3518,8.3238,4544.076834,2029-05-15,2029,NTN-B 2029
2026-07-29,20300815,8.3787,8.3871,8.3659,4509.386185,2030-08-15,2030,NTN-B 2030
2026-07-29,20310515,8.35,8.3663,8.3389,4390.789484,2031-05-15,2031,NTN-B 2031
2026-07-29,20320815,8.3483,8.3623,8.3311,4372.643022,2032-08-15,2032,NTN-B 2032
2026-07-29,20330515,8.3486,8.3631,8.3358,4256.781564,2033-05-15,2033,NTN-B 2033
2026-07-29,20350515,8.2867,8.2996,8.2741,4163.200243,2035-05-15,2035,NTN-B 2035
2026-07-29,20370515,8.1191,8.13,8.1014,4119.365256,2037-05-15,2037,NTN-B 2037
2026-07-29,20400815,8.0034,8.0249,7.9845,4110.728147,2040-08-15,2040,NTN-B 2040
2026-07-29,20450515,7.8339,7.8516,7.8134,3988.362785,2045-05-15,2045,NTN-B 2045
2026-07-29,20500815,7.8059,7.8273,7.7833,3984.750558,2050-08-15,2050,NTN-B 2050
2026-07-29,20550515,7.7201,7.7428,7.6963,3900.934575,2055-05-15,2055,NTN-B 2055
2026-07-29,20600815,7.7177,7.733,7.6907,3932.434897,2060-08-15,2060,NTN-B 2060
2026-07-31,20260815,14.4498,14.6493,14.3118,4852.137621,2026-08-15,2026,NTN-B 2026
2026-07-31,20270515,8.06,8.0787,8.0471,4732.270009,2027-05-15,2027,NTN-B 2027
2026-07-31,20280815,8.482,8.4963,8.4691,4664.473816,2028-08-15,2028,NTN-B 2028
2026-07-31,20290515,8.24,8.255,8.2269,4557.557689,2029-05-15,2029,NTN-B 2029
2026-07-31,20300815,8.2955,8.3105,8.2823,4524.610095,2030-08-15,2030,NTN-B 2030
2026-07-31,20310515,8.247,8.2654,8.2343,4411.009636,2031-05-15,2031,NTN-B 2031
2026-07-31,20320815,8.2358,8.2497,8.2157,4398.072372,2032-08-15,2032,NTN-B 2032
2026-07-31,20330515,8.2199,8.2315,8.2031,4287.600749,2033-05-15,2033,NTN-B 2033
2026-07-31,20350515,8.119,8.1317,8.1047,4209.389325,2035-05-15,2035,NTN-B 2035
2026-07-31,20370515,7.9534,7.9737,7.9371,4171.227004,2037-05-15,2037,NTN-B 2037
2026-07-31,20400815,7.8421,7.8572,7.8283,4168.899339,2040-08-15,2040,NTN-B 2040
2026-07-31,20450515,7.6664,7.6836,7.6528,4057.52225,2045-05-15,2045,NTN-B 2045
2026-07-31,20500815,7.6575,7.6714,7.639,4051.20769,2050-08-15,2050,NTN-B 2050
2026-07-31,20550515,7.5695,7.593,7.5458,3972.062355,2055-05-15,2055,NTN-B 2055
2026-07-31,20600815,7.5591,7.5803,7.5396,4009.304987,2060-08-15,2060,NTN-B 2060
2026-08-03,20260815,14.5465,14.7383,14.4072,4854.679831,2026-08-15,2026,NTN-B 2026
2026-08-03,20270515,8.0775,8.0926,8.0639,4733.249902,2027-05-15,2027,NTN-B 2027
2026-08-03,20280815,8.43,8.4444,8.4188,4670.292555,2028-08-15,2028,NTN-B 2028
2026-08-03,20290515,8.18,8.1931,8.1671,4565.521671,2029-05-15,2029,NTN-B 2029
2026-08-03,20300815,8.2269,8.2439,8.2187,4536.181082,2030-08-15,2030,NTN-B 2030
2026-08-03,20310515,8.17,8.1835,8.1585,4425.432094,2031-05-15,2031,NTN-B 2031
2026-08-03,20320815,8.1613,8.1751,8.1477,4414.499892,2032-08-15,2032,NTN-B 2032
2026-08-03,20330515,8.1468,8.1624,8.1345,4305.002466,2033-05-15,2033,NTN-B 2033
2026-08-03,20350515,8.05,8.0672,8.0385,4228.804166,2035-05-15,2035,NTN-B 2035
2026-08-03,20370515,7.8869,7.905,7.8702,4192.523099,2037-05-15,2037,NTN-B 2037
2026-08-03,20400815,7.7857,7.8007,7.7692,4189.887234,2040-08-15,2040,NTN-B 2040
2026-08-03,20450515,7.6269,7.644,7.6119,4074.748299,2045-05-15,2045,NTN-B 2045
2026-08-03,20500815,7.6177,7.6344,7.5997,4069.903238,2050-08-15,2050,NTN-B 2050
2026-08-03,20550515,7.5266,7.5458,7.5079,3993.226121,2055-05-15,2055,NTN-B 2055
2026-08-03,20600815,7.5105,7.5264,7.4979,4033.849727,2060-08-15,2060,NTN-B 2060
2026-08-04,20260815,14.5717,14.8238,14.3519,4857.364373,2026-08-15,2026,NTN-B 2026
2026-08-04,20270515,8.1,8.1133,8.0862,4734.063903,2027-05-15,2027,NTN-B 2027
2026-08-04,20280815,8.4861,8.4975,8.4754,4667.359904,2028-08-15,2028,NTN-B 2028
2026-08-04,20290515,8.22,8.2333,8.2033,4562.762154,2029-05-15,2029,NTN-B 2029
2026-08-04,20300815,8.252,8.2656,8.237,4534.027759,2030-08-15,2030,NTN-B 2030
2026-08-04,20310515,8.1885,8.2026,8.1748,4423.797859,2031-05-15,2031,NTN-B 2031
2026-08-04,20320815,8.1905,8.2048,8.1721,4410.106235,2032-08-15,2032,NTN-B 2032
2026-08-04,20330515,8.179,8.1943,8.167,4299.392767,2033-05-15,2033,NTN-B 2033
2026-08-04,20350515,8.0746,8.0898,8.0565,4223.761715,2035-05-15,2035,NTN-B 2035
2026-08-04,20370515,7.8935,7.9162,7.8732,4191.893607,2037-05-15,2037,NTN-B 2037
2026-08-04,20400815,7.7835,7.8015,7.766,4191.993165,2040-08-15,2040,NTN-B 2040
2026-08-04,20450515,7.6261,7.6446,7.6073,4076.349195,2045-05-15,2045,NTN-B 2045
2026-08-04,20500815,7.6143,7.6307,7.6,4072.675023,2050-08-15,2050,NTN-B 2050
2026-08-04,20550515,7.5247,7.5464,7.5057,3995.351482,2055-05-15,2055,NTN-B 2055
2026-08-04,20600815,7.5115,7.5316,7.496,4034.615342,2060-08-15,2060,NTN-B 2060
2026-08-05,20260815,14.5897,14.7587,14.4163,4860.067995,2026-08-15,2026,NTN-B 2026
2026-08-05,20270515,8.0541,8.0731,8.0362,4737.144123,2027-05-15,2027,NTN-B 2027
2026-08-05,20280815,8.45,8.4631,8.4353,4671.879928,2028-08-15,2028,NTN-B 2028
2026-08-05,20290515,8.1841,8.1994,8.1708,4568.13328,2029-05-15,2029,NTN-B 2029
2026-08-05,20300815,8.2202,8.2381,8.2088,4540.204225,2030-08-15,2030,NTN-B 2030
2026-08-05,20310515,8.1651,8.1852,8.15,4429.208634,2031-05-15,2031,NTN-B 2031
2026-08-05,20320815,8.1707,8.1855,8.1573,4415.55464,2032-08-15,2032,NTN-B 2032
2026-08-05,20330515,8.1696,8.1836,8.1529,4302.880745,2033-05-15,2033,NTN-B 2033
2026-08-05,20350515,8.0685,8.0809,8.0527,4226.750247,2035-05-15,2035,NTN-B 2035
2026-08-05,20370515,7.8741,7.8926,7.8615,4199.081946,2037-05-15,2037,NTN-B 2037
2026-08-05,20400815,7.7819,7.7995,7.7651,4193.890583,2040-08-15,2040,NTN-B 2040
2026-08-05,20450515,7.6348,7.6517,7.616,4074.105233,2045-05-15,2045,NTN-B 2045
2026-08-05,20500815,7.6139,7.6341,7.5966,4074.124197,2050-08-15,2050,NTN-B 2050
2026-08-05,20550515,7.5223,7.535,7.4985,3997.709241,2055-05-15,2055,NTN-B 2055
2026-08-05,20600815,7.5076,7.5329,7.4882,4037.741993,2060-08-15,2060,NTN-B 2060
2026-08-06,20260815,14.6087,14.725,14.4314,4862.776473,2026-08-15,2026,NTN-B 2026
2026-08-06,20270515,8.0302,8.0438,8.0182,4739.484866,2027-05-15,2027,NTN-B 2027
2026-08-06,20280815,8.47,8.4852,8.4573,4671.877163,2028-08-15,2028,NTN-B 2028
2026-08-06,20290515,8.2059,8.2197,8.1953,4567.327019,2029-05-15,2029,NTN-B 2029
2026-08-06,20300815,8.26,8.2703,8.2455,4535.912668,2030-08-15,2030,NTN-B 2030
2026-08-06,20310515,8.22,8.2353,8.2071,4421.467904,2031-05-15,2031,NTN-B 2031
2026-08-06,20320815,8.2267,8.2364,8.2138,4405.803398,2032-08-15,2032,NTN-B 2032
2026-08-06,20330515,8.2266,8.2391,8.2097,4291.899116,2033-05-15,2033,NTN-B 2033
2026-08-06,20350515,8.1074,8.1206,8.0939,4217.995269,2035-05-15,2035,NTN-B 2035
2026-08-06,20370515,7.8925,7.9078,7.8768,4194.901501,2037-05-15,2037,NTN-B 2037
2026-08-06,20400815,7.812,7.8292,7.7998,4184.727158,2040-08-15,2040,NTN-B 2040
2026-08-06,20450515,7.6671,7.6858,7.6472,4062.35532,2045-05-15,2045,NTN-B 2045
2026-08-06,20500815,7.6366,7.6559,7.6184,4065.441759,2050-08-15,2050,NTN-B 2050
2026-08-06,20550515,7.5356,7.5592,7.5164,3992.742143,2055-05-15,2055,NTN-B 2055
2026-08-06,20600815,7.5359,7.5577,7.5135,4025.384432,2060-08-15,2060,NTN-B 2060
2026-08-07,20260815,14.8976,14.9705,14.8076,4865.224301,2026-08-15,2026,NTN-B 2026
2026-08-07,20270515,7.8949,7.9078,7.877,4745.462191,2027-05-15,2027,NTN-B 2027
2026-08-07,20280815,8.353,8.368,8.336,4682.902371,2028-08-15,2028,NTN-B 2028
2026-08-07,20290515,8.0845,8.0995,8.0681,4581.834719,2029-05-15,2029,NTN-B 2029
2026-08-07,20300815,8.12,8.1328,8.1028,4557.929709,2030-08-15,2030,NTN-B 2030
2026-08-07,20310515,8.0877,8.105,8.0725,4445.184539,2031-05-15,2031,NTN-B 2031
2026-08-07,20320815,8.1038,8.1182,8.0862,4431.951917,2032-08-15,2032,NTN-B 2032
2026-08-07,20330515,8.1147,8.1344,8.0888,4317.755947,2033-05-15,2033,NTN-B 2033
2026-08-07,20350515,8.0116,8.0322,7.9965,4244.433658,2035-05-15,2035,NTN-B 2035
2026-08-07,20370515,7.82,7.8397,7.8055,4218.110648,2037-05-15,2037,NTN-B 2037
2026-08-07,20400815,7.7702,7.7862,7.757,4200.66312,2040-08-15,2040,NTN-B 2040
2026-08-07,20450515,7.627,7.6507,7.6078,4079.820021,2045-05-15,2045,NTN-B 2045
2026-08-07,20500815,7.589,7.6092,7.5699,4087.642962,2050-08-15,2050,NTN-B 2050
2026-08-07,20550515,7.49,7.5103,7.4742,4015.306837,2055-05-15,2055,NTN-B 2055
2026-08-07,20600815,7.4923,7.5068,7.4771,4047.627435,2060-08-15,2060,NTN-B 2060
2026-08-10,20260815,15.6321,15.8136,15.359,4867.397239,2026-08-15,2026,NTN-B 2026
2026-08-10,20270515,7.8129,7.8324,7.799,4749.671276,2027-05-15,2027,NTN-B 2027
2026-08-10,20280815,8.32,8.3408,8.307,4687.148027,2028-08-15,2028,NTN-B 2028
2026-08-10,20290515,8.0957,8.1138,8.0766,4582.152399,2029-05-15,2029,NTN-B 2029
2026-08-10,20300815,8.1434,8.1564,8.1245,4556.008985,2030-08-15,2030,NTN-B 2030
2026-08-10,20310515,8.1176,8.1349,8.104,4441.620883,2031-05-15,2031,NTN-B 2031
2026-08-10,20320815,8.1391,8.1532,8.1228,4426.316033,2032-08-15,2032,NTN-B 2032
2026-08-10,20330515,8.1412,8.1591,8.1251,4313.388245,2033-05-15,2033,NTN-B 2033
2026-08-10,20350515,8.0571,8.0721,8.0383,4233.910182,2035-05-15,2035,NTN-B 2035
2026-08-10,20370515,7.8538,7.8705,7.8338,4209.260271,2037-05-15,2037,NTN-B 2037
2026-08-10,20400815,7.81,7.825,7.7892,4188.104683,2040-08-15,2040,NTN-B 2040
2026-08-10,20450515,7.6694,7.6867,7.6454,4063.987476,2045-05-15,2045,NTN-B 2045
2026-08-10,20500815,7.6225,7.6386,7.6015,4074.171744,2050-08-15,2050,NTN-B 2050
2026-08-10,20550515,7.5251,7.5438,7.5073,4000.112963,2055-05-15,2055,NTN-B 2055
2026-08-10,20600815,7.5281,7.5433,7.51,4031.623504,2060-08-15,2060,NTN-B 2060
2026-08-12,20260815,13.0258,13.1161,12.9402,4875.394771,2026-08-15,2026,NTN-B 2026
2026-08-12,20270515,7.6295,7.6393,7.6072,4759.468972,2027-05-15,2027,NTN-B 2027
2026-08-12,20280815,8.2603,8.2751,8.2476,4695.94097,2028-08-15,2028,NTN-B 2028
2026-08-12,20290515,8.0735,8.0895,8.063,4588.352153,2029-05-15,2029,NTN-B 2029
2026-08-12,20300815,8.149,8.1597,8.1355,4559.011474,2030-08-15,2030,NTN-B 2030
2026-08-12,20310515,8.1231,8.1323,8.1061,4444.413521,2031-05-15,2031,NTN-B 2031
2026-08-12,20320815,8.1396,8.1521,8.1198,4429.930503,2032-08-15,2032,NTN-B 2032
2026-08-12,20330515,8.126,8.1429,8.1157,4320.330946,2033-05-15,2033,NTN-B 2033
2026-08-12,20350515,8.0318,8.0456,8.0202,4244.055612,2035-05-15,2035,NTN-B 2035
2026-08-12,20370515,7.8404,7.8615,7.822,4216.744641,2037-05-15,2037,NTN-B 2037
2026-08-12,20400815,7.7884,7.805,7.7756,4199.051077,2040-08-15,2040,NTN-B 2040
2026-08-12,20450515,7.65,7.6657,7.6367,4075.072833,2045-05-15,2045,NTN-B 2045
2026-08-12,20500815,7.61,7.6263,7.591,4082.930843,2050-08-15,2050,NTN-B 2050
2026-08-12,20550515,7.5208,7.5385,7.5043,4005.299207,2055-05-15,2055,NTN-B 2055
2026-08-12,20600815,7.5175,7.5344,7.5037,4039.91808,2060-08-15,2060,NTN-B 2060
2026-08-13,20260815,13.3666,13.7308,13.0055,4877.795862,2026-08-15,2026,NTN-B 2026
2026-08-13,20270515,7.5329,7.5473,7.5218,4764.114458,2027-05-15,2027,NTN-B 2027
2026-08-13,20280815,8.2603,8.2751,8.249,4697.563577,2028-08-15,2028,NTN-B 2028
2026-08-13,20290515,8.0968,8.113,8.0781,4587.420044,2029-05-15,2029,NTN-B 2029
2026-08-13,20300815,8.1685,8.1756,8.1546,4557.722787,2030-08-15,2030,NTN-B 2030
2026-08-13,20310515,8.1338,8.1467,8.1185,4444.131489,2031-05-15,2031,NTN-B 2031
2026-08-13,20320815,8.1547,8.1635,8.1374,4428.410248,2032-08-15,2032,NTN-B 2032
2026-08-13,20330515,8.14,8.1544,8.1275,4318.740961,2033-05-15,2033,NTN-B 2033
2026-08-13,20350515,8.05,8.0623,8.0383,4240.722823,2035-05-15,2035,NTN-B 2035
2026-08-13,20370515,7.8622,7.8737,7.8493,4211.566206,2037-05-15,2037,NTN-B 2037
2026-08-13,20400815,7.7993,7.81,7.7869,4196.622728,2040-08-15,2040,NTN-B 2040
2026-08-13,20450515,7.6613,7.6753,7.645,4071.834492,2045-05-15,2045,NTN-B 2045
2026-08-13,20500815,7.615,7.6332,7.5973,4082.044999,2050-08-15,2050,NTN-B 2050
2026-08-13,20550515,7.5275,7.548,7.5086,4003.443539,2055-05-15,2055,NTN-B 2055
2026-08-13,20600815,7.5238,7.5387,7.5034,4038.177284,2060-08-15,2060,NTN-B 2060
2026-08-14,20260815,13.2098,13.2098,13.1348,4880.401026,2026-08-15,2026,NTN-B 2026
2026-08-14,20270515,7.3907,7.4019,7.3796,4770.201972,2027-05-15,2027,NTN-B 2027
2026-08-14,20280815,8.3026,8.3152,8.29,4695.800062,2028-08-15,2028,NTN-B 2028
2026-08-14,20290515,8.1228,8.1401,8.1139,4586.212803,2029-05-15,2029,NTN-B 2029
2026-08-14,20300815,8.2179,8.2286,8.2032,4552.080311,2030-08-15,2030,NTN-B 2030
2026-08-14,20310515,8.2023,8.214,8.1765,4434.179274,2031-05-15,2031,NTN-B 2031
2026-08-14,20320815,8.2198,8.23,8.1993,4416.906724,2032-08-15,2032,NTN-B 2032
2026-08-14,20330515,8.1784,8.1926,8.1653,4311.843906,2033-05-15,2033,NTN-B 2033
2026-08-14,20350515,8.0826,8.0958,8.0627,4233.647916,2035-05-15,2035,NTN-B 2035
2026-08-14,20370515,7.879,7.8908,7.8628,4207.905083,2037-05-15,2037,NTN-B 2037
2026-08-14,20400815,7.7995,7.8163,7.7834,4197.931395,2040-08-15,2040,NTN-B 2040
2026-08-14,20450515,7.6663,7.679,7.647,4071.137983,2045-05-15,2045,NTN-B 2045
2026-08-14,20500815,7.6083,7.622,7.5891,4086.304818,2050-08-15,2050,NTN-B 2050
2026-08-14,20550515,7.519,7.5332,7.5054,4008.687426,2055-05-15,2055,NTN-B 2055
2026-08-14,20600815,7.5155,7.5284,7.504,4043.450684,2060-08-15,2060,NTN-B 2060
2026-08-17,20270515,7.2563,7.2676,7.2438,4776.000545,2027-05-15,2027,NTN-B 2027
2026-08-17,20280815,8.2469,8.2652,8.2348,4561.671182,2028-08-15,2028,NTN-B 2028
2026-08-17,20290515,8.0905,8.1065,8.0767,4591.204252,2029-05-15,2029,NTN-B 2029
2026-08-17,20300815,8.17,8.1805,8.1526,4420.413282,2030-08-15,2030,NTN-B 2030
2026-08-17,20310515,8.144,8.1612,8.1306,4445.45023,2031-05-15,2031,NTN-B 2031
2026-08-17,20320815,8.17,8.1845,8.1562,4288.166597,2032-08-15,2032,NTN-B 2032
2026-08-17,20330515,8.1125,8.1268,8.0993,4327.692629,2033-05-15,2033,NTN-B 2033
2026-08-17,20350515,8.02,8.032,8.0062,4251.438784,2035-05-15,2035,NTN-B 2035
2026-08-17,20370515,7.83,7.8437,7.8179,4224.058921,2037-05-15,2037,NTN-B 2037
2026-08-17,20400815,7.73,7.7519,7.7212,4083.431806,2040-08-15,2040,NTN-B 2040
2026-08-17,20450515,7.6,7.6211,7.59,4099.263087,2045-05-15,2045,NTN-B 2045
2026-08-17,20500815,7.5387,7.5579,7.5226,3978.214021,2050-08-15,2050,NTN-B 2050
2026-08-17,20550515,7.4632,7.4819,7.4504,4036.1751,2055-05-15,2055,NTN-B 2055
2026-08-17,20600815,7.4586,7.4727,7.4452,3932.090831,2060-08-15,2060,NTN-B 2060
2026-08-18,20270515,7.2098,7.2192,7.1962,4778.334657,2027-05-15,2027,NTN-B 2027
2026-08-18,20280815,8.24,8.2521,8.2261,4563.201592,2028-08-15,2028,NTN-B 2028
2026-08-18,20290515,8.1084,8.1227,8.0951,4590.260983,2029-05-15,2029,NTN-B 2029
2026-08-18,20300815,8.1732,8.1828,8.1578,4420.881336,2030-08-15,2030,NTN-B 2030
2026-08-18,20310515,8.1408,8.1535,8.1266,4446.921139,2031-05-15,2031,NTN-B 2031
2026-08-18,20320815,8.1602,8.1737,8.1478,4291.033249,2032-08-15,2032,NTN-B 2032
2026-08-18,20330515,8.11,8.1248,8.0973,4329.146871,2033-05-15,2033,NTN-B 2033
2026-08-18,20350515,8.0222,8.0347,8.0103,4251.738803,2035-05-15,2035,NTN-B 2035
2026-08-18,20370515,7.8338,7.8498,7.8183,4223.754669,2037-05-15,2037,NTN-B 2037
2026-08-18,20400815,7.7332,7.7506,7.72,4083.108435,2040-08-15,2040,NTN-B 2040
2026-08-18,20450515,7.61,7.6223,7.5964,4095.988439,2045-05-15,2045,NTN-B 2045
2026-08-18,20500815,7.5512,7.5648,7.5368,3973.400767,2050-08-15,2050,NTN-B 2050
2026-08-18,20550515,7.4676,7.4823,7.4541,4034.846356,2055-05-15,2055,NTN-B 2055
2026-08-18,20600815,7.46,7.4743,7.4477,3932.133537,2060-08-15,2060,NTN-B 2060
2026-08-19,20270515,7.1505,7.1684,7.1387,4781.05708,2027-05-15,2027,NTN-B 2027
2026-08-19,20280815,8.1729,8.1893,8.163,4569.530346,2028-08-15,2028,NTN-B 2028
2026-08-19,20290515,8.0425,8.0558,8.0326,4598.213464,2029-05-15,2029,NTN-B 2029
2026-08-19,20300815,8.1051,8.1183,8.092,4431.743267,2030-08-15,2030,NTN-B 2030
2026-08-19,20310515,8.0602,8.0783,8.048,4461.370002,2031-05-15,2031,NTN-B 2031
2026-08-19,20320815,8.0803,8.0945,8.0696,4307.958708,2032-08-15,2032,NTN-B 2032
2026-08-19,20330515,8.0502,8.0676,8.0395,4343.138085,2033-05-15,2033,NTN-B 2033
2026-08-19,20350515,7.9588,7.9761,7.9445,4269.246693,2035-05-15,2035,NTN-B 2035
2026-08-19,20370515,7.7792,7.7903,7.7661,4241.10414,2037-05-15,2037,NTN-B 2037
2026-08-19,20400815,7.6794,7.7026,7.661,4102.861848,2040-08-15,2040,NTN-B 2040
2026-08-19,20450515,7.566,7.5876,7.5583,4114.673659,2045-05-15,2045,NTN-B 2045
2026-08-19,20500815,7.52,7.5318,7.505,3988.048765,2050-08-15,2050,NTN-B 2050
2026-08-19,20550515,7.43,7.4468,7.4125,4053.400184,2055-05-15,2055,NTN-B 2055
2026-08-19,20600815,7.426,7.441,7.4107,3949.483746,2060-08-15,2060,NTN-B 2060
2026-08-20,20270515,7.0499,7.059,7.0375,4785.073291,2027-05-15,2027,NTN-B 2027
2026-08-20,20280815,8.0997,8.1117,8.0886,4576.336661,2028-08-15,2028,NTN-B 2028
2026-08-20,20290515,7.9722,7.9839,7.956,4606.633698,2029-05-15,2029,NTN-B 2029
2026-08-20,20300815,8.0534,8.066,8.0453,4440.218094,2030-08-15,2030,NTN-B 2030
2026-08-20,20310515,8.0094,8.02,7.9964,4470.8328,2031-05-15,2031,NTN-B 2031
2026-08-20,20320815,8.0351,8.049,8.0267,4317.944183,2032-08-15,2032,NTN-B 2032
2026-08-20,20330515,8.0114,8.023,8.004,4352.555821,2033-05-15,2033,NTN-B 2033
2026-08-20,20350515,7.9223,7.9365,7.9125,4279.724399,2035-05-15,2035,NTN-B 2035
2026-08-20,20370515,7.749,7.7617,7.7362,4251.11053,2037-05-15,2037,NTN-B 2037
2026-08-20,20400815,7.6447,7.661,7.6323,4115.944969,2040-08-15,2040,NTN-B 2040
2026-08-20,20450515,7.5436,7.5607,7.528,4124.612102,2045-05-15,2045,NTN-B 2045
2026-08-20,20500815,7.5029,7.5273,7.4886,3996.449471,2050-08-15,2050,NTN-B 2050
2026-08-20,20550515,7.4131,7.4354,7.3996,4062.19262,2055-05-15,2055,NTN-B 2055
2026-08-20,20600815,7.4156,7.43,7.4025,3955.318517,2060-08-15,2060,NTN-B 2060
2026-08-21,20270515,7.0024,7.0152,6.993,4787.381946,2027-05-15,2027,NTN-B 2027
2026-08-21,20280815,8.07,8.0835,8.0582,4579.661787,2028-08-15,2028,NTN-B 2028
2026-08-21,20290515,7.969,7.9795,7.9525,4607.912487,2029-05-15,2029,NTN-B 2029
2026-08-21,20300815,8.0435,8.054,8.03,4442.584971,2030-08-15,2030,NTN-B 2030
2026-08-21,20310515,7.99,8.004,7.978,4475.017098,2031-05-15,2031,NTN-B 2031
2026-08-21,20320815,8.0195,8.0309,8.0045,4321.977854,2032-08-15,2032,NTN-B 2032
2026-08-21,20330515,7.9916,8.0063,7.978,4357.799685,2033-05-15,2033,NTN-B 2033
2026-08-21,20350515,7.8962,7.9092,7.8832,4287.478719,2035-05-15,2035,NTN-B 2035
2026-08-21,20370515,7.729,7.7425,7.721,4258.028585,2037-05-15,2037,NTN-B 2037
2026-08-21,20400815,7.6351,7.6486,7.6184,4120.145826,2040-08-15,2040,NTN-B 2040
2026-08-21,20450515,7.5355,7.547,7.5256,4128.707793,2045-05-15,2045,NTN-B 2045
2026-08-21,20500815,7.5065,7.5215,7.493,3995.584843,2050-08-15,2050,NTN-B 2050
2026-08-21,20550515,7.4101,7.43,7.3946,4064.369775,2055-05-15,2055,NTN-B 2055
2026-08-21,20600815,7.41,7.4255,7.3944,3958.800621,2060-08-15,2060,NTN-B 2060
2026-08-24,20270515,6.97,6.9831,6.9596,4789.206573,2027-05-15,2027,NTN-B 2027
2026-08-24,20280815,8.102,8.1134,8.088,4578.065697,2028-08-15,2028,NTN-B 2028
2026-08-24,20290515,8.0325,8.0434,8.0182,4602.127821,2029-05-15,2029,NTN-B 2029
2026-08-24,20300815,8.0826,8.095,8.072,4437.798111,2030-08-15,2030,NTN-B 2030
2026-08-24,20310515,8.019,8.0332,8.01,4471.061296,2031-05-15,2031,NTN-B 2031
2026-08-24,20320815,8.0397,8.0522,8.0271,4318.805311,2032-08-15,2032,NTN-B 2032
2026-08-24,20330515,8.0021,8.0121,7.9911,4356.386975,2033-05-15,2033,NTN-B 2033
2026-08-24,20350515,7.8997,7.9141,7.8879,4287.419313,2035-05-15,2035,NTN-B 2035
2026-08-24,20370515,7.7402,7.7561,7.7276,4255.450249,2037-05-15,2037,NTN-B 2037
2026-08-24,20400815,7.6422,7.6557,7.627,4118.415597,2040-08-15,2040,NTN-B 2040
2026-08-24,20450515,7.5332,7.55,7.5163,4130.427697,2045-05-15,2045,NTN-B 2045
2026-08-24,20500815,7.5018,7.5177,7.486,3998.4368,2050-08-15,2050,NTN-B 2050
2026-08-24,20550515,7.3962,7.4128,7.3879,4071.756122,2055-05-15,2055,NTN-B 2055
2026-08-24,20600815,7.3923,7.4097,7.377,3968.254856,2060-08-15,2060,NTN-B 2060
2026-08-25,20270515,6.9686,6.9812,6.9582,4790.049628,2027-05-15,2027,NTN-B 2027
2026-08-25,20280815,8.1,8.114,8.0926,4579.1811,2028-08-15,2028,NTN-B 2028
2026-08-25,20290515,8.0525,8.0643,8.044,4600.965666,2029-05-15,2029,NTN-B 2029
2026-08-25,20300815,8.0978,8.1076,8.0863,4436.514947,2030-08-15,2030,NTN-B 2030
2026-08-25,20310515,8.0289,8.0372,8.0177,4470.319891,2031-05-15,2031,NTN-B 2031
2026-08-25,20320815,8.02,8.0313,8.01,4323.658005,2032-08-15,2032,NTN-B 2032
2026-08-25,20330515,7.9715,7.9817,7.963,4364.008746,2033-05-15,2033,NTN-B 2033
2026-08-25,20350515,7.8654,7.8821,7.8532,4297.346838,2035-05-15,2035,NTN-B 2035
2026-08-25,20370515,7.707,7.722,7.695,4266.395312,2037-05-15,2037,NTN-B 2037
2026-08-25,20400815,7.6094,7.6253,7.5983,4130.867443,2040-08-15,2040,NTN-B 2040
2026-08-25,20450515,7.5038,7.516,7.49,4143.281233,2045-05-15,2045,NTN-B 2045
2026-08-25,20500815,7.4661,7.4807,7.455,4015.218702,2050-08-15,2050,NTN-B 2050
2026-08-25,20550515,7.3655,7.3813,7.3478,4087.222474,2055-05-15,2055,NTN-B 2055
2026-08-25,20600815,7.3583,7.3726,7.343,3985.836081,2060-08-15,2060,NTN-B 2060
2026-08-26,20270515,6.9803,6.9948,6.968,4790.489615,2027-05-15,2027,NTN-B 2027
2026-08-26,20280815,8.12,8.1328,8.1084,4578.552127,2028-08-15,2028,NTN-B 2028
2026-08-26,20290515,8.07,8.081,8.0583,4600.073844,2029-05-15,2029,NTN-B 2029
2026-08-26,20300815,8.11,8.1213,8.0984,4435.668022,2030-08-15,2030,NTN-B 2030
2026-08-26,20310515,8.0353,8.0498,8.0227,4470.171017,2031-05-15,2031,NTN-B 2031
2026-08-26,20320815,8.0331,8.0455,8.0251,4321.917147,2032-08-15,2032,NTN-B 2032
2026-08-26,20330515,7.9833,7.9955,7.9732,4362.306504,2033-05-15,2033,NTN-B 2033
2026-08-26,20350515,7.8769,7.8932,7.8687,4295.167847,2035-05-15,2035,NTN-B 2035
2026-08-26,20370515,7.7229,7.7362,7.7089,4262.380523,2037-05-15,2037,NTN-B 2037
2026-08-26,20400815,7.61,7.6236,7.5969,4131.439763,2040-08-15,2040,NTN-B 2040
2026-08-26,20450515,7.5068,7.5177,7.4934,4142.823855,2045-05-15,2045,NTN-B 2045
2026-08-26,20500815,7.47,7.4826,7.4569,4014.210151,2050-08-15,2050,NTN-B 2050
2026-08-26,20550515,7.3724,7.3903,7.3559,4084.652186,2055-05-15,2055,NTN-B 2055
2026-08-26,20600815,7.3633,7.3783,7.3469,3984.072165,2060-08-15,2060,NTN-B 2060
2026-08-27,20270515,6.8561,6.8741,6.8426,4793.585551,2027-05-15,2027,NTN-B 2027
2026-08-27,20280815,8.0131,8.0292,7.9942,4586.507832,2028-08-15,2028,NTN-B 2028
2026-08-27,20290515,7.9755,7.99,7.9645,4609.512783,2029-05-15,2029,NTN-B 2029
2026-08-27,20300815,8.0403,8.0567,8.0284,4445.299313,2030-08-15,2030,NTN-B 2030
2026-08-27,20310515,7.9833,8.006,7.966,4478.376036,2031-05-15,2031,NTN-B 2031
2026-08-27,20320815,7.979,7.9888,7.967,4332.302179,2032-08-15,2032,NTN-B 2032
2026-08-27,20330515,7.9318,7.95,7.9192,4373.119859,2033-05-15,2033,NTN-B 2033
2026-08-27,20350515,7.8395,7.8576,7.8223,4304.545588,2035-05-15,2035,NTN-B 2035
2026-08-27,20370515,7.6853,7.7036,7.6731,4273.30225,2037-05-15,2037,NTN-B 2037
2026-08-27,20400815,7.58,7.595,7.5657,4141.601749,2040-08-15,2040,NTN-B 2040
2026-08-27,20450515,7.483,7.4926,7.4689,4152.076202,2045-05-15,2045,NTN-B 2045
2026-08-27,20500815,7.4562,7.4745,7.44,4019.887747,2050-08-15,2050,NTN-B 2050
2026-08-27,20550515,7.359,7.3742,7.3442,4090.527537,2055-05-15,2055,NTN-B 2055
2026-08-27,20600815,7.3531,7.3692,7.3362,3988.592297,2060-08-15,2060,NTN-B 2060
2026-08-28,20270515,6.73,6.7433,6.7176,4798.052943,2027-05-15,2027,NTN-B 2027
2026-08-28,20280815,7.952,7.9728,7.9408,4592.103183,2028-08-15,2028,NTN-B 2028
2026-08-28,20290515,7.9521,7.9746,7.9445,4612.736527,2029-05-15,2029,NTN-B 2029
2026-08-28,20300815,8.08,8.0946,8.0685,4440.275688,2030-08-15,2030,NTN-B 2030
2026-08-28,20310515,8.0501,8.0632,8.0351,4467.928916,2031-05-15,2031,NTN-B 2031
2026-08-28,20320815,8.0433,8.0589,8.0303,4320.094513,2032-08-15,2032,NTN-B 2032
2026-08-28,20330515,8.0008,8.0133,7.9835,4358.680192,2033-05-15,2033,NTN-B 2033
2026-08-28,20350515,7.9049,7.9185,7.89,4287.960307,2035-05-15,2035,NTN-B 2035
2026-08-28,20370515,7.7391,7.7528,7.7263,4257.583439,2037-05-15,2037,NTN-B 2037
2026-08-28,20400815,7.6178,7.6311,7.6045,4128.75767,2040-08-15,2040,NTN-B 2040
2026-08-28,20450515,7.5161,7.533,7.5002,4139.055395,2045-05-15,2045,NTN-B 2045
2026-08-28,20500815,7.4876,7.5046,7.4688,4006.345479,2050-08-15,2050,NTN-B 2050
2026-08-28,20550515,7.391,7.4125,7.3703,4075.753281,2055-05-15,2055,NTN-B 2055
2026-08-28,20600815,7.3784,7.3975,7.3629,3976.593865,2060-08-15,2060,NTN-B 2060
