date,ticker,isin,price,clean_price,yield,ytm,spread_over_ref,volume_traded
2026-07-28,CRA019003V2,,"431,86317147","431,86317147",,,,
2026-07-28,CRA024004H7,,"1039,63923231","1039,63923231","100,0033",,,
2026-07-28,CRA0250018H,,"1017,01188032","1017,01188032","105,3841",,,
2026-07-28,CRA02500BVT,,"1036,51985738","1036,51985738","108,6291",,,
2026-07-28,25I2731571,,"1022,29334169","1022,29334169","103,4952",,,
2026-07-28,24D2765715,,"1046,7817054","1046,7817054","99,24",,,
2026-07-28,CRA023007VD,,"1017,25063796","1017,25063796","97,2466",,,
2026-07-28,24D3313768,,"1026,49155987","1026,49155987","98,6458",,,
2026-07-28,25G5109813,,"946,79958774","946,79958774","116,2",,,
2026-07-28,CRA023003UX,,"1056,64886943","1056,64886943","95,5175",,,
2026-07-28,CRA02500669,,"1115,45207429","1115,45207429","108,9817",,,
2026-07-28,CRA025008HM,,"1016,53511297","1016,53511297","109,5081",,,
2026-07-28,25F0010202,,,,,,,
2026-07-28,24F1277566,,"1016,09683022","1016,09683022","99,6746",,,
2026-07-28,CRA02300209,,"1009,2910254","1009,2910254","95,7563",,,
2026-07-28,CRA025008N8,,"1025,99541497","1025,99541497","106,9361",,,
2026-07-28,22J0346710,,"1010,45584744","1010,45584744","94,9391",,,
2026-07-28,CRA0240066A,,"981,44752452","981,44752452","115,1337",,,
2026-07-28,CRA025006SR,,"985,45291359","985,45291359","107,7693",,,
2026-07-28,CRA025007KD,,"1027,07378685","1027,07378685","109,9277",,,
2026-07-28,25F2573710,,,,,,,
2026-07-28,CRA025002S1,,"976,66085112","976,66085112","120,99",,,
2026-07-28,CRA025005V5,,"942,927408","942,927408","119,7964",,,
2026-07-28,24D0006602,,"1059,28356147","1059,28356147","99,0045",,,
2026-07-28,25E0013305,,"1035,10149825","1035,10149825","103,4555",,,
2026-07-28,CRA02300TSB,,"1058,1799938","1058,1799938","98,7922",,,
2026-07-28,CRA02400AYL,,"986,12245995","986,12245995","116,9671",,,
2026-07-28,CRA025008C3,,"980,07142101","980,07142101","111,83",,,
2026-07-28,CRA025005EI,,"994,77741548","994,77741548","107,653",,,
2026-07-28,23K0018802,,"1032,84388536","1032,84388536","98,6875",,,
2026-07-28,CRA025006NA,,"987,78677787","987,78677787","110,6722",,,
2026-07-28,23K0019201,,"1045,41489234","1045,41489234","100,5247",,,
2026-07-28,CRA026001JL,,"984,2827503","984,2827503","111,5277",,,
2026-07-28,25H0243072,,"999,82898677","999,82898677","108,2398",,,
2026-07-28,CRA02300NRL,,"1078,92843242","1078,92843242","99,3177",,,
2026-07-28,CRA025003UZ,,"1014,12489312","1014,12489312","108,4726",,,
2026-07-28,CRA02300CYQ,,"1078,20369764","1078,20369764","97,5905",,,
2026-07-28,CRA02300HWH,,"1120,91922496","1120,91922496","98,8155",,,
2026-07-28,24I1980390,,"997,00001247","997,00001247","123,1472",,,
2026-07-28,25B3099731,,"1045,49647201","1045,49647201","99,3105",,,
2026-07-28,25D0012202,,"1028,44380526","1028,44380526","98,73",,,
2026-07-28,25J4546988,,"1005,41918368","1005,41918368","100,0444",,,
2026-07-28,25D0012203,,"1025,24683839","1025,24683839","100,005",,,
2026-07-28,26C3164285,,"998,2476262","998,2476262","98,4745",,,
2026-07-28,CRA025003PD,,"980,91986734","980,91986734","103,2522",,,
2026-07-28,24H1684874,,"1058,51725294","1058,51725294","97,3611",,,
2026-07-28,24D2765586,,"691,47113562","691,47113562","98,3726",,,
2026-07-28,25G3629974,,"987,65749313","987,65749313","102,0263",,,
2026-07-28,25I0014209,,,,,,,
2026-07-28,25K0012820,,,,,,,
2026-07-28,CRA024004H5,,"1038,17488289","1038,17488289","98,7425",,,
2026-07-28,25G3629975,,"983,35028543","983,35028543","103,2906",,,
2026-07-28,24E1393588,,"1026,23518099","1026,23518099","99,4788",,,
2026-07-28,CRA024009Q2,,"986,5965218","986,5965218","1,7878",,,
2026-07-28,22D1289009,,"1017,24483107","1017,24483107","0,3684",,,
2026-07-28,CRA02400AYN,,"947,134676","947,134676","2,6285",,,
2026-07-28,CRA02500003,,"980,33105519","980,33105519","1,286",,,
2026-07-28,CRA0250018J,,"961,53473895","961,53473895","2,1108",,,
2026-07-28,CRA025007PT,,"1019,03740386","1019,03740386","1,0736",,,
2026-07-28,CRA02300Q2Y,,,,,,,
2026-07-28,CRA025002S2,,"951,04031878","951,04031878","2,8507",,,
2026-07-28,23J0019601,,,,,,,
2026-07-28,23K0018602,,"1011,00650257","1011,00650257","0,3846",,,
2026-07-28,24B0013201,,"1042,33623866","1042,33623866","2,1183",,,
2026-07-28,23H1188857,,"1058,44003583","1058,44003583","0,1463",,,
2026-07-28,CRA02300RS5,,"998,47730843","998,47730843","2,1803",,,
2026-07-28,22C0023008,,"529,67176711","529,67176711","0,1718",,,
2026-07-28,23K0018401,,"1036,19885963","1036,19885963","0,3372",,,
2026-07-28,CRA02300GCY,,"1007,39621031","1007,39621031","0,3751",,,
2026-07-28,CRA025005V6,,"911,37071836","911,37071836","3,0218",,,
2026-07-28,22E1325261,,"1066,7743299","1066,7743299","0,513",,,
2026-07-28,22F0230096,,"1023,36029664","1023,36029664","0,2229",,,
2026-07-28,22K0934871,,"942,33888793","942,33888793","6,9991",,,
2026-07-28,22I0970801,,"1058,3801205","1058,3801205","0,3472",,,
2026-07-28,22J0305579,,"996,16817223","996,16817223","4,8613",,,
2026-07-28,CRA02300JG2,,"1058,75511738","1058,75511738","0,5269",,,
2026-07-28,CRA02300NRM,,"1048,2786075","1048,2786075","0,3796",,,
2026-07-28,CRA0240066F,,"987,67945244","987,67945244","2,0571",,,
2026-07-28,22E1315701,,"1004,69640126","1004,69640126","0,8813",,,
2026-07-28,23J1142031,,"1041,95960929","1041,95960929","0,8476",,,
2026-07-28,CRA022008NC,,"1060,4660426","1060,4660426","1,2437",,,
2026-07-28,CRA023000GP,,"957,87584996","957,87584996","4,5203",,,
2026-07-28,CRA024007K9,,"991,83803572","991,83803572","1,5322",,,
2026-07-28,22F0315398,,"1025,01742356","1025,01742356","0,4772",,,
2026-07-28,CRA024002MJ,,"1029,10957228","1029,10957228","2,0847",,,
2026-07-28,23H0027402,,"1080,70838371","1080,70838371","0,1734",,,
2026-07-28,CRA022006HJ,,"1002,98187615","1002,98187615","1,2326",,,
2026-07-28,CRA022008C9,,"1058,77566902","1058,77566902","0,7613",,,
2026-07-28,CRA022008CB,,"991,2997433","991,2997433","1,4465",,,
2026-07-28,23H1191899,,"1074,58534225","1074,58534225","0,4197",,,
2026-07-28,CRA024002S1,,"1037,71283263","1037,71283263","1,8685",,,
2026-07-28,CRA02400AHV,,"1018,48622194","1018,48622194","1,5204",,,
2026-07-28,CRA023000MC,,"1437,21575856","1437,21575856","4,2572",,,
2026-07-28,CRA024001P7,,"969,70672207","969,70672207","4,9316",,,
2026-07-28,CRA024007Q4,,"1065,02500877","1065,02500877","1,2522",,,
2026-07-28,23C0247388,,"1067,71947775","1067,71947775","0,5774",,,
2026-07-28,23G0009601,,"1085,21522661","1085,21522661","0,2346",,,
2026-07-28,23C0247702,,"1088,406585","1088,406585","0,3674",,,
2026-07-28,CRA022008NF,,"1071,16861491","1071,16861491","1,0206",,,
2026-07-28,CRA023002GX,,"411,74834284","411,74834284","1,4721",,,
2026-07-28,23J1127308,,"991,73660673","991,73660673","4,1988",,,
2026-07-28,22C1235206,,"1006,06290583","1006,06290583","0,7132",,,
2026-07-28,CRA0220080Y,,"419,54690846","419,54690846","1,5252",,,
2026-07-28,CRA02300G7E,,"1058,54866712","1058,54866712","2,0176",,,
2026-07-28,CRA02300MJ9,,"1054,1481934","1054,1481934","1,6092",,,
2026-07-28,CRA024003UY,,"1006,16079127","1006,16079127","1,5035",,,
2026-07-28,CRA0240020A,,"1038,44682528","1038,44682528","3,0176",,,
2026-07-28,CRA025009KJ,,"981,08181027","981,08181027","2,6963",,,
2026-07-28,24A2720884,,"936,1972436","936,1972436","5,1168",,,
2026-07-28,22L1465644,,"1004,88582378","1004,88582378","1,6869",,,
2026-07-28,CRA0230073L,,"786,25560315","786,25560315","1,0249",,,
2026-07-28,22J0000801,,,,,,,
2026-07-28,23F0012002,,"680,18486399","680,18486399","1,1342",,,
2026-07-28,23L2043099,,"1024,64645629","1024,64645629","1,4047",,,
2026-07-28,CRA02300VBT,,"1026,35764582","1026,35764582","1,3218",,,
2026-07-28,CRA022008NH,,"1086,30282824","1086,30282824","0,9527",,,
2026-07-28,CRA0230012X,,"1061,27144163","1061,27144163","2,0598",,,
2026-07-28,CRA0240005N,,"1006,75324979","1006,75324979","1,6963",,,
2026-07-28,24K0003002,,"1006,94731996","1006,94731996","2,8866",,,
2026-07-28,CRA02300Q8I,,"605,69136686","605,69136686","1,6038",,,
2026-07-28,23H1023846,,"953,21536804","953,21536804","1,2204",,,
2026-07-28,23J1333602,,,,,,,
2026-07-28,CRA022001P6,,"1012,35847192","1012,35847192","1,3029",,,
2026-07-28,CRA022008C2,,"1066,2151673","1066,2151673","2,7652",,,
2026-07-28,CRA024000B7,,"963,58039173","963,58039173","3,4853",,,
2026-07-28,CRA02300BQD,,"586,07508602","586,07508602","4,9089",,,
2026-07-28,CRA025000MJ,,"775,34443752","775,34443752","2,2478",,,
2026-07-28,22L1212138,,"912,11197733","912,11197733","2,1324",,,
2026-07-28,CRA02300KZL,,"799,41298429","799,41298429","0,9656",,,
2026-07-28,CRA024005K1,,"1017,16442848","1017,16442848","3,012",,,
2026-07-28,CRA02300795,,"997,36350989","997,36350989","3,2467",,,
2026-07-28,CRA02300CCH,,"995,70303812","995,70303812","3,3",,,
2026-07-28,CRA0250040I,,"1022,77167618","1022,77167618","2,7316",,,
2026-07-28,CRA0220099D,,"344,97743442","344,97743442","1,1606",,,
2026-07-28,CRA023003JX,,"870,59828713","870,59828713","2,1564",,,
2026-07-28,CRA0240086H,,"1002,8813129","1002,8813129","2,9545",,,
2026-07-28,CRA0250012Y,,"1003,50756216","1003,50756216","3,0729",,,
2026-07-28,23F0012602,,"625,19829894","625,19829894","3,6574",,,
2026-07-28,CRA022000RU,,"187,11436077","187,11436077","3,5755",,,
2026-07-28,CRA024002MM,,"972,12019529","972,12019529","3,4104",,,
2026-07-28,CRA02400ECU,,"5031,3153054","5031,3153054","4,8613",,,
2026-07-28,CRA023001JL,,"583,19872968","583,19872968","3,9421",,,
2026-07-28,CRA02300KOH,,"772,76450935","772,76450935","3,0542",,,
2026-07-28,CRA02300JR6,,"474,72071003","474,72071003",,,,
2026-07-28,CRA019003JY,,"1369,15902981","1369,15902981","7,8305",,,
2026-07-28,CRA019003V3,,"670,28646034","670,28646034",,,,
2026-07-28,CRA021000MG,,"1286,74321739","1286,74321739","8,8598",,,
2026-07-28,CRA021000MH,,"1196,79264045","1196,79264045","8,9281",,,
2026-07-28,CRA02100002,,"707,16366091","707,16366091","10,9782",,,
2026-07-28,CRA020003K0,,,,,,,
2026-07-28,CRA021000MB,,"667,57972989","667,57972989","10,123",,,
2026-07-28,CRA021001PQ,,"1173,06153874","1173,06153874","11,2207",,,
2026-07-28,CRA019001E7,,"1427,5499188","1427,5499188","7,8969",,,
2026-07-28,CRA021001VA,,"1060,42947972","1060,42947972","11,1799",,,
2026-07-28,21G0065100,,"1235,36975692","1235,36975692","8,8138",,,
2026-07-28,CRA0210013B,,"1033,22922724","1033,22922724","11,6548",,,
2026-07-28,CRA021001KB,,"1169,24466176","1169,24466176","8,5702",,,
2026-07-28,CRA021002SO,,"1232,93457334","1232,93457334","8,6661",,,
2026-07-28,21D0737500,,"861,75876167","861,75876167","8,884",,,
2026-07-28,21D0862572,,"1047,69907341","1047,69907341","8,9163",,,
2026-07-28,21H1078699,,"1152,83735753","1152,83735753","11,4512",,,
2026-07-28,21H1078700,,"1055,36504324","1055,36504324","11,399",,,
2026-07-28,CRA021000SC,,,,,,,
2026-07-28,CRA020002GZ,,"1366,70611402","1366,70611402","11,3296",,,
2026-07-28,21D0694886,,"864,7382588","864,7382588","10,3517",,,
2026-07-28,CRA021002NF,,"1206,66837018","1206,66837018","9,1228",,,
2026-07-28,CRA020001P7,,"604,75670964","604,75670964",,,,
2026-07-28,CRA021000RX,,"1227,23165656","1227,23165656","12,874",,,
2026-07-28,21I0278118,,"958,64935352","958,64935352","9,7675",,,
2026-07-28,21K0001806,,"1148,6183931","1148,6183931","8,4335",,,
2026-07-28,CRA021000RY,,"1185,05275251","1185,05275251","10,3452",,,
2026-07-28,CRA020002H1,,"1238,70927989","1238,70927989","11,651",,,
2026-07-28,CRA022002Y1,,"606,61479262","606,61479262","9,0857",,,
2026-07-28,CRA020003PY,,"1167,84802955","1167,84802955","12,9459",,,
2026-07-28,21K0001812,,"829,9224572","829,9224572","17,0227",,,
2026-07-28,CRA021002YA,,"504,85470997","504,85470997","12,0666",,,
2026-07-28,CRA020001P8,,"599,12900731","599,12900731",,,,
2026-07-28,22D1289007,,"1130,01100129","1130,01100129","8,3219",,,
2026-07-28,22D1289010,,"1195,37334758","1195,37334758","8,3794",,,
2026-07-28,CRA022002Y2,,"1166,97190385","1166,97190385","9,1334",,,
2026-07-28,CRA022002XM,,,,,,,
2026-07-28,CRA022006N5,,"1084,58820729","1084,58820729","8,5873",,,
2026-07-28,22D1289008,,"1090,7044975","1090,7044975","8,4894",,,
2026-07-28,CRA022002Y3,,"1118,92076099","1118,92076099","8,7877",,,
2026-07-28,CRA022002XN,,,,,,,
2026-07-28,21K0001807,,"1087,78024043","1087,78024043","8,4937",,,
2026-07-28,22K0001201,,"1152,54555076","1152,54555076","7,9086",,,
2026-07-28,23H0027403,,"1088,92200688","1088,92200688","8,6123",,,
2026-07-28,CRA022006MY,,,,,,,
2026-07-28,22K0001203,,"1152,93503826","1152,93503826","7,8664",,,
2026-07-28,22E1325262,,"1142,67311615","1142,67311615","9,0421",,,
2026-07-28,CRA021002YF,,"121,30984848","121,30984848","12,9693",,,
2026-07-28,CRA02300S35,,"932,23019206","932,23019206","13,3211",,,
2026-07-28,22C1362141,,"831,45094043","831,45094043","10,763",,,
2026-07-28,22B0004808,,"846,75350423","846,75350423","18,5117",,,
2026-07-28,CRA022008N6,,"1124,98038731","1124,98038731","8,5952",,,
2026-07-28,22K0001204,,"1138,84752273","1138,84752273","7,7107",,,
2026-07-28,24B0013203,,"1037,63686333","1037,63686333","10,5586",,,
2026-07-28,CRA02300CYS,,"1045,92476168","1045,92476168","8,2666",,,
2026-07-28,22E1325264,,"1098,58947029","1098,58947029","9,266",,,
2026-07-28,CRA024001P6,,"945,66651489","945,66651489","13,5526",,,
2026-07-28,22E1095384,,"1051,15592352","1051,15592352","12,3494",,,
2026-07-28,21J0001208,,"424,78493322","424,78493322","20,7235",,,
2026-07-28,22F0009804,,"1084,64379804","1084,64379804","9,0829",,,
2026-07-28,22F0009409,,"1080,77753409","1080,77753409","11,4605",,,
2026-07-28,CRA022003JT,,"1159,3531436","1159,3531436","9,5072",,,
2026-07-28,CRA022004MS,,"922,51189026","922,51189026","14,0134",,,
2026-07-28,23H0027404,,"1072,29209752","1072,29209752","8,6582",,,
2026-07-28,CRA022008NB,,"559,95655873","559,95655873",,,,
2026-07-28,22B0006022,,"1151,31574019","1151,31574019","12,5708",,,
2026-07-28,CRA024004SA,,"986,71667921","986,71667921","8,8938",,,
2026-07-28,22J0306937,,"1003,66487294","1003,66487294","14,0506",,,
2026-07-28,CRA02300G7F,,"1012,49998189","1012,49998189","11,4424",,,
2026-07-28,CRA022008C7,,"1187,8751337","1187,8751337","8,4341",,,
2026-07-28,24E1835896,,"1045,06464691","1045,06464691","8,5066",,,
2026-07-28,CRA022007KI,,"1087,5146715","1087,5146715","11,3791",,,
2026-07-28,CRA02300JG3,,"1105,79806739","1105,79806739","8,3724",,,
2026-07-28,CRA022008N7,,"1013,72647533","1013,72647533","9,5735",,,
2026-07-28,CRA022000XF,,"1054,80081493","1054,80081493","11,4724",,,
2026-07-28,CRA02300JG4,,"1071,65535781","1071,65535781","8,5928",,,
2026-07-28,24F1277567,,"1010,95430446","1010,95430446","9,1009",,,
2026-07-28,23L1737622,,"1056,91113718","1056,91113718","8,3527",,,
2026-07-28,22G1414303,,"1110,79499127","1110,79499127","11,3452",,,
2026-07-28,CRA022008ND,,"493,72111029","493,72111029",,,,
2026-07-28,CRA0240066J,,"996,99649358","996,99649358","9,5873",,,
2026-07-28,22J0306938,,"920,4068881","920,4068881","13,9679",,,
2026-07-28,CRA0240020C,,,,,,,
2026-07-28,CRA022007EP,,"1130,03407428","1130,03407428","7,8651",,,
2026-07-28,CRA024004SB,,"975,58423269","975,58423269","8,671",,,
2026-07-28,CRA0240086K,,"956,61945658","956,61945658","9,6224",,,
2026-07-28,22K1520055,,,,,,,
2026-07-28,CRA024002ML,,"905,8471938","905,8471938","11,7051",,,
2026-07-28,22I0970804,,"1153,19928194","1153,19928194","9,3251",,,
2026-07-28,CRA0240066B,,"1008,51025681","1008,51025681","9,7003",,,
2026-07-28,CRA0220079D,,"1007,54891442","1007,54891442","11,5623",,,
2026-07-28,CRA0240086L,,"887,89702218","887,89702218","9,5603",,,
2026-07-28,CRA022006HK,,"1140,48888376","1140,48888376","8,6501",,,
2026-07-28,22I0970868,,"1114,63913372","1114,63913372","9,4376",,,
2026-07-28,23L1737623,,"1033,89248929","1033,89248929","8,3543",,,
2026-07-28,CRA022004S9,,"839,96137442","839,96137442","12,8826",,,
2026-07-28,CRA021002N3,,"1267,6374656","1267,6374656","17,6236",,,
2026-07-28,CRA02300JG5,,"1042,40555014","1042,40555014","8,6631",,,
2026-07-28,CRA024004SC,,"908,04915846","908,04915846","9,4716",,,
2026-07-28,CRA022004XY,,"777,76528014","777,76528014","10,4424",,,
2026-07-28,22F0009410,,"1017,78273594","1017,78273594","11,2787",,,
2026-07-28,23F1519397,,"1035,21035173","1035,21035173","13,9525",,,
2026-07-28,24G1674104,,"867,37685904","867,37685904","9,3194",,,
2026-07-28,CRA02200C6Y,,"1090,70732661","1090,70732661","11,0062",,,
2026-07-28,CRA024007PU,,"989,26271783","989,26271783","9,7548",,,
2026-07-28,22K0934880,,"922,60006922","922,60006922","16,8217",,,
2026-07-28,CRA022006HE,,"1140,50903326","1140,50903326","10,3748",,,
2026-07-28,CRA023000RT,,"967,98267225","967,98267225","14,3436",,,
2026-07-28,CRA022006BU,,"661,86471886","661,86471886","11,8001",,,
2026-07-28,CRA0220073P,,"1034,18794803","1034,18794803","12,9798",,,
2026-07-28,CRA0240066K,,"904,52695744","904,52695744","11,4748",,,
2026-07-28,22K0934889,,"739,57939746","739,57939746","17,0897",,,
2026-07-28,CRA024001QA,,"1107,02478472","1107,02478472","9,5883",,,
2026-07-28,CRA024007Q5,,"1054,0460053","1054,0460053","9,9244",,,
2026-07-28,CRA02200C6Z,,"1033,64198427","1033,64198427","11,3973",,,
2026-07-28,24A2721507,,,,,,,
2026-07-28,CRA022006HF,,"1071,91760423","1071,91760423","10,3983",,,
2026-07-28,CRA024009Q4,,"903,35974809","903,35974809","11,5175",,,
2026-07-28,22E1314836,,"1136,44279968","1136,44279968","10,7069",,,
2026-07-28,CRA022001E2,,"1192,12550425","1192,12550425","11,8755",,,
2026-07-28,CRA022004SD,,"1138,0049567","1138,0049567","12,0241",,,
2026-07-28,CRA02400AHZ,,"925,97187515","925,97187515","10,8284",,,
2026-07-28,24J2539865,,"1006,13076225","1006,13076225","9,4469",,,
2026-07-28,CRA0240005O,,"1102,26727578","1102,26727578","9,3652",,,
2026-07-28,CRA022004H5,,"800,68973568","800,68973568","9,3423",,,
2026-07-28,23L2043184,,"1056,78520491","1056,78520491","10,1106",,,
2026-07-28,CRA024009Q5,,"834,77639962","834,77639962","11,6415",,,
2026-07-28,CRA02300MOQ,,"1021,63029844","1021,63029844","12,4496",,,
2026-07-28,23L0034761,,"888,10975056","888,10975056","11,4872",,,
2026-07-28,CRA021003VT,,,,,,,
2026-07-28,CRA0250080Y,,"950,75461762","950,75461762","9,1269",,,
2026-07-28,25D0012204,,"1029,58440127","1029,58440127","8,7965",,,
2026-07-28,23J1127331,,"905,20140425","905,20140425","13,5469",,,
2026-07-28,CRA0250080X,,"976,30382816","976,30382816","9,3034",,,
2026-07-28,CRA02400AYK,,"1016,518026","1016,518026","10,2025",,,
2026-07-28,CRA0230073N,,"1005,63754266","1005,63754266","8,6669",,,
2026-07-28,CRA025003PJ,,"878,58509938","878,58509938","9,7068",,,
2026-07-28,CRA024003UZ,,"1063,08530813","1063,08530813","9,4748",,,
2026-07-28,CRA021004NV,,"420,56199661","420,56199661","14,9517",,,
2026-07-28,CRA0250066B,,"847,23447285","847,23447285","11,5441",,,
2026-07-28,22E1321749,,"1149,07591462","1149,07591462","9,7871",,,
2026-07-28,CRA0240005P,,"1087,15661303","1087,15661303","9,1597",,,
2026-07-28,22E1321750,,"1114,14407221","1114,14407221","9,8361",,,
2026-07-28,CRA0250020C,,"892,36034169","892,36034169","11,4315",,,
2026-07-28,CRA02200795,,"578,13701464","578,13701464","11,9618",,,
2026-07-28,CRA0250020D,,"867,98787172","867,98787172","11,3671",,,
2026-07-28,CRA0250018K,,"856,05853539","856,05853539","11,6435",,,
2026-07-28,CRA0250018L,,"902,66912579","902,66912579","10,5588",,,
2026-07-28,CRA0240099F,,"1037,66751545","1037,66751545","10,0154",,,
2026-07-28,CRA0250020E,,"899,09238216","899,09238216","10,6185",,,
2026-07-28,CRA02500BVX,,"789,35103765","789,35103765","11,4338",,,
2026-07-28,CRA025008C2,,"990,9169077","990,9169077","9,8873",,,
2026-07-28,CRA02400AHX,,"1024,85660023","1024,85660023","10,0876",,,
2026-07-28,CRA025008HR,,,,,,,
2026-07-28,CRA025006NC,,"992,00762445","992,00762445","10,0939",,,
2026-07-28,CRA02300796,,"1082,16498694","1082,16498694","11,6809",,,
2026-07-28,CRA023003JY,,"1132,93543679","1132,93543679","10,61",,,
2026-07-28,23F2455004,,"962,36913057","962,36913057","16,9563",,,
2026-07-28,23I1259644,,"869,86353329","869,86353329","19,2344",,,
2026-07-28,23J1141681,,"969,30290069","969,30290069","14,9045",,,
2026-07-28,23K0018801,,"916,16840292","916,16840292","14,7256",,,
2026-07-28,23K0022030,,,,,,,
2026-07-28,23K0022041,,"988,81978866","988,81978866","14,9784",,,
2026-07-28,24H0022053,,,,,,,
2026-07-28,25D0271049,,"1001,52083551","1001,52083551","15,6072",,,
2026-07-28,CRA02300G7D,,"997,94809584","997,94809584","16,5884",,,
2026-07-28,CRA02300HWK,,"955,05313653","955,05313653","14,0349",,,
2026-07-28,CRA02300JR7,,"452,40082883","452,40082883",,,,
2026-07-28,CRA02300SPD,,"881,85130996","881,85130996","18,1672",,,
2026-07-28,CRA02300SUZ,,"835,23403203","835,23403203","19,8142",,,
2026-07-28,CRA024000B8,,"872,75717361","872,75717361","18,4957",,,
2026-07-28,CRA024001P5,,"856,3183509","856,3183509","19,685",,,
2026-07-28,CRA0240020B,,,,,,,
2026-07-28,CRA024002MH,,"939,21142051","939,21142051","15,6483",,,
2026-07-28,CRA024002S2,,"911,64478971","911,64478971","18,7317",,,
2026-07-28,CRA024002S3,,"864,53083435","864,53083435","18,4001",,,
2026-07-28,CRA024005K2,,,,,,,
2026-07-28,CRA0240066D,,"938,54892985","938,54892985","18,1013",,,
2026-07-28,CRA0240066G,,"891,51133238","891,51133238","16,9891",,,
2026-07-28,CRA024007PT,,"934,16285192","934,16285192","16,4965",,,
2026-07-28,CRA024007Q3,,"958,71147791","958,71147791","16,8583",,,
2026-07-28,CRA024009Q3,,"918,02195846","918,02195846","17,0633",,,
2026-07-28,CRA02400AHY,,"905,95904207","905,95904207","17,1084",,,
2026-07-28,CRA02400AYM,,"952,47567569","952,47567569","17,4188",,,
2026-07-28,CRA02400AYP,,"890,94528136","890,94528136","18,3817",,,
2026-07-28,CRA02500001,,"992,47923678","992,47923678","15,9508",,,
2026-07-28,CRA0250012X,,"1003,34101616","1003,34101616","17,9664",,,
2026-07-28,CRA0250018I,,"952,25967612","952,25967612","17,2426",,,
2026-07-28,CRA025002S3,,"967,66370937","967,66370937","18,7775",,,
2026-07-28,CRA025002S4,,"938,15012614","938,15012614","18,9486",,,
2026-07-28,CRA0250040J,,,,,,,
2026-07-28,CRA025005EH,,"978,63031807","978,63031807","15,9125",,,
2026-07-28,CRA025005V7,,"861,87108936","861,87108936","18,8198",,,
2026-07-28,CRA025005V8,,"856,2686178","856,2686178","18,8453",,,
2026-07-28,CRA0250066A,,"898,58049776","898,58049776","17,0908",,,
2026-07-28,CRA025006NB,,"942,38259309","942,38259309","16,479",,,
2026-07-28,CRA025006SS,,,,,,,
2026-07-28,CRA025007KE,,"975,79264006","975,79264006","16,7159",,,
2026-07-28,CRA025007KK,,"1004,59932835","1004,59932835","15,318",,,
2026-07-28,CRA025008C1,,,,,,,
2026-07-28,CRA025008NA,,"975,8729585","975,8729585","15,8466",,,
2026-07-28,CRA025008ND,,"961,74382154","961,74382154","16,1145",,,
2026-07-28,CRA025009VO,,,,,,,
2026-07-28,CRA02500A15,,"956,62430442","956,62430442","16,6126",,,
2026-07-28,CRA02500AHU,,"1004,84310637","1004,84310637","15,7278",,,
2026-07-28,CRA026001JM,,,,,,,
2026-07-27,CRA019003V2,,"426,76016047","426,76016047",,,,
2026-07-27,CRA024004H7,,"1039,1619152","1039,1619152","99,981",,,
2026-07-27,CRA0250018H,,"1015,35810393","1015,35810393","105,6255",,,
2026-07-27,CRA02500BVT,,"1035,8335869","1035,8335869","108,5791",,,
2026-07-27,25I2731571,,,,,,,
2026-07-27,24D2765715,,"1046,17438754","1046,17438754","99,2633",,,
2026-07-27,CRA023007VD,,"1016,79334758","1016,79334758","97,2427",,,
2026-07-27,24D3313768,,"1025,91813872","1025,91813872","98,6925",,,
2026-07-27,25G5109813,,"947,31610897","947,31610897","115,8388",,,
2026-07-27,CRA023003UX,,"1056,19164828","1056,19164828","95,4491",,,
2026-07-27,CRA02500669,,"1116,02618329","1116,02618329","108,6483",,,
2026-07-27,CRA025008HM,,"1014,45699502","1014,45699502","109,7944",,,
2026-07-27,25F0010202,,,,,,,
2026-07-27,24F1277566,,"1015,46908053","1015,46908053","99,726",,,
2026-07-27,CRA02300209,,"1009,28089994","1009,28089994","94,9597",,,
2026-07-27,CRA025008N8,,"1025,3240144","1025,3240144","106,9402",,,
2026-07-27,22J0346710,,"1010,01735109","1010,01735109","94,8466",,,
2026-07-27,CRA0240066A,,"1015,12642262","1015,12642262","104,4372",,,
2026-07-27,CRA025006SR,,"984,70535522","984,70535522","107,7902",,,
2026-07-27,CRA025007KD,,"1024,41823212","1024,41823212","110,3769",,,
2026-07-27,25F2573710,,,,,,,
2026-07-27,CRA025002S1,,"976,46769762","976,46769762","120,7744",,,
2026-07-27,CRA025005V5,,"941,27734295","941,27734295","119,9727",,,
2026-07-27,24D0006602,,"1059,24529918","1059,24529918","98,8836",,,
2026-07-27,25E0013305,,"1034,63996985","1034,63996985","103,44",,,
2026-07-27,CRA02300TSB,,"1062,64579277","1062,64579277","98,0747",,,
2026-07-27,CRA02400AYL,,"984,41860876","984,41860876","117,1981",,,
2026-07-27,CRA025008C3,,"977,11280186","977,11280186","112,25",,,
2026-07-27,CRA025005EI,,"995,19257518","995,19257518","107,463",,,
2026-07-27,23K0018802,,"1032,78283582","1032,78283582","98,6116",,,
2026-07-27,CRA025006NA,,"987,19552031","987,19552031","110,6477",,,
2026-07-27,23K0019201,,"1044,25809323","1044,25809323","100,7813",,,
2026-07-27,CRA026001JL,,"983,6708205","983,6708205","111,5077",,,
2026-07-27,25H0243072,,"1000,21327242","1000,21327242","108,0091",,,
2026-07-27,CRA02300NRL,,"1081,98748381","1081,98748381","98,8077",,,
2026-07-27,CRA025003UZ,,"1013,42589755","1013,42589755","108,4988",,,
2026-07-27,CRA02300CYQ,,"1080,48987048","1080,48987048","97,2003",,,
2026-07-27,CRA02300HWH,,"1119,52777014","1119,52777014","98,9633",,,
2026-07-27,24I1980390,,"994,56026912","994,56026912","123,5939",,,
2026-07-27,25B3099731,,"1044,84531865","1044,84531865","99,3147",,,
2026-07-27,25D0012202,,"1027,83346691","1027,83346691","98,7355",,,
2026-07-27,25J4546988,,"1004,77522689","1004,77522689","100,05",,,
2026-07-27,25D0012203,,"1023,96484324","1023,96484324","100,17",,,
2026-07-27,26C3164285,,"997,43464947","997,43464947","98,53",,,
2026-07-27,CRA025003PD,,"980,23745101","980,23745101","103,2544",,,
2026-07-27,24H1684874,,"1058,02124913","1058,02124913","97,3366",,,
2026-07-27,24D2765586,,"691,1555864","691,1555864","98,3281",,,
2026-07-27,25G3629974,,"986,94030982","986,94030982","102,0458",,,
2026-07-27,25I0014209,,,,,,,
2026-07-27,25K0012820,,,,,,,
2026-07-27,CRA024004H5,,"1037,90556339","1037,90556339","98,4416",,,
2026-07-27,25G3629975,,"982,34542039","982,34542039","103,3633",,,
2026-07-27,24E1393588,,"1025,82879192","1025,82879192","99,43",,,
2026-07-27,CRA024009Q2,,"988,01677063","988,01677063","1,7338",,,
2026-07-27,22D1289009,,"1016,8275359","1016,8275359","0,3527",,,
2026-07-27,CRA02400AYN,,"944,44380985","944,44380985","2,6945",,,
2026-07-27,CRA02500003,,"979,72096864","979,72096864","1,2886",,,
2026-07-27,CRA0250018J,,"970,08680216","970,08680216","1,9034",,,
2026-07-27,CRA025007PT,,"1019,93480223","1019,93480223","1,0406",,,
2026-07-27,CRA02300Q2Y,,,,,,,
2026-07-27,CRA025002S2,,"962,18235923","962,18235923","2,5256",,,
2026-07-27,23J0019601,,,,,,,
2026-07-27,23K0018602,,"1010,37395408","1010,37395408","0,3873",,,
2026-07-27,24B0013201,,"1042,23167395","1042,23167395","2,0804",,,
2026-07-27,23H1188857,,"1057,84692455","1057,84692455","0,1489",,,
2026-07-27,CRA02300RS5,,"998,54922812","998,54922812","2,1458",,,
2026-07-27,22C0023008,,"529,39511957","529,39511957","0,17",,,
2026-07-27,23K0018401,,"1035,49126824","1035,49126824","0,3443",,,
2026-07-27,CRA02300GCY,,"1006,96590113","1006,96590113","0,3627",,,
2026-07-27,CRA025005V6,,"924,85892189","924,85892189","2,6551",,,
2026-07-27,22E1325261,,"1066,21181231","1066,21181231","0,511",,,
2026-07-27,22F0230096,,"1022,74786936","1022,74786936","0,2256",,,
2026-07-27,22K0934871,,"941,53485718","941,53485718","7,0051",,,
2026-07-27,22I0970801,,"1057,77808189","1057,77808189","0,35",,,
2026-07-27,22J0305579,,"994,96022211","994,96022211","4,9088",,,
2026-07-27,CRA02300JG2,,"1058,09234747","1058,09234747","0,5311",,,
2026-07-27,CRA02300NRM,,"1051,96068312","1051,96068312","0,29",,,
2026-07-27,CRA0240066F,,"990,16372764","990,16372764","1,9253",,,
2026-07-27,22E1315701,,"1003,51865625","1003,51865625","0,9414",,,
2026-07-27,23J1142031,,"1041,59496042","1041,59496042","0,8335",,,
2026-07-27,CRA022008NC,,"1059,54949779","1059,54949779","1,2668",,,
2026-07-27,CRA023000GP,,"957,13938071","957,13938071","4,5262",,,
2026-07-27,CRA024007K9,,"991,22775491","991,22775491","1,534",,,
2026-07-27,22F0315398,,"1024,54124738","1024,54124738","0,4674",,,
2026-07-27,CRA024002MJ,,"1031,50773683","1031,50773683","1,9457",,,
2026-07-27,23H0027402,,"1080,09042693","1080,09042693","0,1754",,,
2026-07-27,CRA022006HJ,,"1002,35316214","1002,35316214","1,2382",,,
2026-07-27,CRA022008C9,,"1058,34518789","1058,34518789","0,7529",,,
2026-07-27,CRA022008CB,,"991,20769853","991,20769853","1,4343",,,
2026-07-27,23H1191899,,"1074,33455547","1074,33455547","0,4076",,,
2026-07-27,CRA024002S1,,"1036,25662706","1036,25662706","1,9073",,,
2026-07-27,CRA02400AHV,,"1018,19324669","1018,19324669","1,5093",,,
2026-07-27,CRA023000MC,,"1435,70118138","1435,70118138","4,2681",,,
2026-07-27,CRA024001P7,,"969,03283823","969,03283823","4,9355",,,
2026-07-27,CRA024007Q4,,"1064,724321","1064,724321","1,241",,,
2026-07-27,23C0247388,,"1067,76120498","1067,76120498","0,5356",,,
2026-07-27,23G0009601,,"1084,59986174","1084,59986174","0,2373",,,
2026-07-27,23C0247702,,"1087,80288129","1087,80288129","0,3667",,,
2026-07-27,CRA022008NF,,"1070,85198078","1070,85198078","0,9917",,,
2026-07-27,CRA023002GX,,"411,53341393","411,53341393","1,4669",,,
2026-07-27,23J1127308,,"991,40647155","991,40647155","4,1803",,,
2026-07-27,22C1235206,,"1005,50790489","1005,50790489","0,7128",,,
2026-07-27,CRA0220080Y,,"419,29829808","419,29829808","1,5257",,,
2026-07-27,CRA02300G7E,,"1059,06469899","1059,06469899","1,9529",,,
2026-07-27,CRA02300MJ9,,"1053,87126195","1053,87126195","1,5908",,,
2026-07-27,CRA024003UY,,"1005,62916691","1005,62916691","1,5004",,,
2026-07-27,CRA0240020A,,"1037,69761653","1037,69761653","3,0224",,,
2026-07-27,CRA025009KJ,,"980,43777867","980,43777867","2,6989",,,
2026-07-27,24A2720884,,"935,08731846","935,08731846","5,1419",,,
2026-07-27,22L1465644,,"1004,19324041","1004,19324041","1,6948",,,
2026-07-27,CRA0230073L,,"785,8866155","785,8866155","1,0138",,,
2026-07-27,22J0000801,,,,,,,
2026-07-27,23F0012002,,"679,04266889","679,04266889","1,2228",,,
2026-07-27,23L2043099,,"1024,15992133","1024,15992133","1,3992",,,
2026-07-27,CRA02300VBT,,"1025,69285682","1025,69285682","1,325",,,
2026-07-27,CRA022008NH,,"1085,58671263","1085,58671263","0,9569",,,
2026-07-27,CRA0230012X,,"1060,78175479","1060,78175479","2,0551",,,
2026-07-27,CRA0240005N,,"1005,86589986","1005,86589986","1,7184",,,
2026-07-27,24K0003002,,"1003,49920705","1003,49920705","3,0127",,,
2026-07-27,CRA02300Q8I,,"605,30014458","605,30014458","1,6073",,,
2026-07-27,23H1023846,,"952,24782732","952,24782732","1,2349",,,
2026-07-27,23J1333602,,,,,,,
2026-07-27,CRA022001P6,,"1011,75453166","1011,75453166","1,3039",,,
2026-07-27,CRA022008C2,,"1065,58529129","1065,58529129","2,7563",,,
2026-07-27,CRA024000B7,,"966,06655884","966,06655884","3,3734",,,
2026-07-27,CRA02300BQD,,"584,08662758","584,08662758","5,1605",,,
2026-07-27,CRA025000MJ,,"774,85859681","774,85859681","2,2486",,,
2026-07-27,22L1212138,,"911,72978584","911,72978584","2,125",,,
2026-07-27,CRA02300KZL,,"797,67855655","797,67855655","1,0761",,,
2026-07-27,CRA024005K1,,"1016,23174936","1016,23174936","3,025",,,
2026-07-27,CRA02300795,,"996,78303816","996,78303816","3,2442",,,
2026-07-27,CRA02300CCH,,"995,00680383","995,00680383","3,3023",,,
2026-07-27,CRA0250040I,,"1022,10744171","1022,10744171","2,7325",,,
2026-07-27,CRA0220099D,,"344,76852842","344,76852842","1,1645",,,
2026-07-27,CRA023003JX,,"870,01879565","870,01879565","2,1607",,,
2026-07-27,CRA0240086H,,"998,60392114","998,60392114","3,1304",,,
2026-07-27,CRA0250012Y,,"1001,22940325","1001,22940325","3,1249",,,
2026-07-27,23F0012602,,"624,90778296","624,90778296","3,6345",,,
2026-07-27,CRA022000RU,,"187,04990436","187,04990436","3,4754",,,
2026-07-27,CRA024002MM,,"971,55803265","971,55803265","3,4042",,,
2026-07-27,CRA02400ECU,,"5036,65806748","5036,65806748","4,7578",,,
2026-07-27,CRA023001JL,,"582,75032435","582,75032435","3,9499",,,
2026-07-27,CRA02300KOH,,"772,32660357","772,32660357","3,0454",,,
2026-07-27,CRA02300JR6,,"474,12680372","474,12680372",,,,
2026-07-27,CRA019003JY,,"1370,4807472","1370,4807472","7,7488",,,
2026-07-27,CRA019003V3,,"669,8489642","669,8489642",,,,
2026-07-27,CRA021000MG,,"1286,39854881","1286,39854881","8,8502",,,
2026-07-27,CRA021000MH,,"1196,56953397","1196,56953397","8,9207",,,
2026-07-27,CRA02100002,,"707,52211908","707,52211908","10,8301",,,
2026-07-27,CRA020003K0,,,,,,,
2026-07-27,CRA021000MB,,"667,82709967","667,82709967","9,9697",,,
2026-07-27,CRA021001PQ,,"1171,94108631","1171,94108631","11,2462",,,
2026-07-27,CRA019001E7,,"1428,0840978","1428,0840978","7,8427",,,
2026-07-27,CRA021001VA,,"1063,28230959","1063,28230959","11,0796",,,
2026-07-27,21G0065100,,"1236,37183951","1236,37183951","8,7432",,,
2026-07-27,CRA0210013B,,"1036,790014","1036,790014","11,5488",,,
2026-07-27,CRA021001KB,,"1170,27759466","1170,27759466","8,5304",,,
2026-07-27,CRA021002SO,,"1233,70891329","1233,70891329","8,609",,,
2026-07-27,21D0737500,,"862,64243416","862,64243416","8,7472",,,
2026-07-27,21D0862572,,"1053,78816595","1053,78816595","8,8173",,,
2026-07-27,21H1078699,,"1154,41255624","1154,41255624","11,3497",,,
2026-07-27,21H1078700,,"1055,71315483","1055,71315483","11,3729",,,
2026-07-27,CRA021000SC,,,,,,,
2026-07-27,CRA020002GZ,,"1368,67032856","1368,67032856","11,0993",,,
2026-07-27,21D0694886,,"865,53083154","865,53083154","10,2175",,,
2026-07-27,CRA021002NF,,"1206,9249447","1206,9249447","9,1035",,,
2026-07-27,CRA020001P7,,"610,68569704","610,68569704",,,,
2026-07-27,CRA021000RX,,"1227,12236174","1227,12236174","12,84",,,
2026-07-27,21I0278118,,"960,03401918","960,03401918","9,5714",,,
2026-07-27,21K0001806,,"1148,50996511","1148,50996511","8,4243",,,
2026-07-27,CRA021000RY,,"1186,76960725","1186,76960725","10,2797",,,
2026-07-27,CRA020002H1,,"1238,67940858","1238,67940858","11,6297",,,
2026-07-27,CRA022002Y1,,"606,82184732","606,82184732","8,9451",,,
2026-07-27,CRA020003PY,,"1171,15615898","1171,15615898","12,8143",,,
2026-07-27,21K0001812,,"834,9605521","834,9605521","16,829",,,
2026-07-27,CRA021002YA,,"505,06962604","505,06962604","11,8844",,,
2026-07-27,CRA020001P8,,"608,43025484","608,43025484",,,,
2026-07-27,22D1289007,,"1130,29846203","1130,29846203","8,2945",,,
2026-07-27,22D1289010,,"1196,11049764","1196,11049764","8,2488",,,
2026-07-27,CRA022002Y2,,"1165,84387275","1165,84387275","9,1623",,,
2026-07-27,CRA022002XM,,,,,,,
2026-07-27,CRA022006N5,,"1085,75454457","1085,75454457","8,5484",,,
2026-07-27,22D1289008,,"1092,06072145","1092,06072145","8,4463",,,
2026-07-27,CRA022002Y3,,"1121,82602892","1121,82602892","8,7041",,,
2026-07-27,CRA022002XN,,,,,,,
2026-07-27,21K0001807,,"1089,96842837","1089,96842837","8,456",,,
2026-07-27,22K0001201,,"1151,36209876","1151,36209876","7,9288",,,
2026-07-27,23H0027403,,"1090,46116362","1090,46116362","8,5553",,,
2026-07-27,CRA022006MY,,,,,,,
2026-07-27,22K0001203,,"1152,92088016","1152,92088016","7,8582",,,
2026-07-27,22E1325262,,"1139,27068994","1139,27068994","9,1438",,,
2026-07-27,CRA021002YF,,"121,60103416","121,60103416","11,1326",,,
2026-07-27,CRA02300S35,,"934,20298481","934,20298481","13,2284",,,
2026-07-27,22C1362141,,"831,75081354","831,75081354","10,7331",,,
2026-07-27,22B0004808,,"869,97812746","869,97812746","17,6121",,,
2026-07-27,CRA022008N6,,"1127,29065571","1127,29065571","8,5323",,,
2026-07-27,22K0001204,,"1143,54437724","1143,54437724","7,6445",,,
2026-07-27,24B0013203,,"1039,00611843","1039,00611843","10,4841",,,
2026-07-27,CRA02300CYS,,"1050,48863668","1050,48863668","8,175",,,
2026-07-27,22E1325264,,"1099,16844327","1099,16844327","9,2404",,,
2026-07-27,CRA024001P6,,"945,06759283","945,06759283","13,5537",,,
2026-07-27,22E1095384,,"1045,30008428","1045,30008428","12,5571",,,
2026-07-27,21J0001208,,"426,60949762","426,60949762","17,9829",,,
2026-07-27,22F0009804,,"1085,36139884","1085,36139884","9,0538",,,
2026-07-27,22F0009409,,"1082,12746848","1082,12746848","11,3694",,,
2026-07-27,CRA022003JT,,"1160,15034561","1160,15034561","9,4314",,,
2026-07-27,CRA022004MS,,"920,66379741","920,66379741","14,0533",,,
2026-07-27,23H0027404,,"1072,85212521","1072,85212521","8,6369",,,
2026-07-27,CRA022008NB,,"559,65428732","559,65428732",,,,
2026-07-27,22B0006022,,"1149,97844495","1149,97844495","12,6066",,,
2026-07-27,CRA024004SA,,"989,06317066","989,06317066","8,8428",,,
2026-07-27,22J0306937,,"1003,72689638","1003,72689638","14,0232",,,
2026-07-27,CRA02300G7F,,"1013,05080742","1013,05080742","11,4077",,,
2026-07-27,CRA022008C7,,"1189,24660879","1189,24660879","8,3477",,,
2026-07-27,24E1835896,,"1044,97961716","1044,97961716","8,4973",,,
2026-07-27,CRA022007KI,,"1088,12947781","1088,12947781","11,3346",,,
2026-07-27,CRA02300JG3,,"1107,15844584","1107,15844584","8,3223",,,
2026-07-27,CRA022008N7,,"1012,11862547","1012,11862547","9,5911",,,
2026-07-27,CRA022000XF,,"1055,32519912","1055,32519912","11,4424",,,
2026-07-27,CRA02300JG4,,"1073,11859702","1073,11859702","8,5533",,,
2026-07-27,24F1277567,,"1012,13024446","1012,13024446","9,0556",,,
2026-07-27,23L1737622,,"1053,7991108","1053,7991108","8,4057",,,
2026-07-27,22G1414303,,"1110,35679838","1110,35679838","11,339",,,
2026-07-27,CRA022008ND,,"487,61085843","487,61085843",,,,
2026-07-27,CRA0240066J,,"997,28452665","997,28452665","9,5663",,,
2026-07-27,22J0306938,,"921,00679252","921,00679252","13,9334",,,
2026-07-27,CRA0240020C,,,,,,,
2026-07-27,CRA022007EP,,"1130,55617868","1130,55617868","7,8497",,,
2026-07-27,CRA024004SB,,"978,47419386","978,47419386","8,6244",,,
2026-07-27,CRA0240086K,,"958,58213399","958,58213399","9,5768",,,
2026-07-27,22K1520055,,,,,,,
2026-07-27,CRA024002ML,,"905,43715336","905,43715336","11,7032",,,
2026-07-27,22I0970804,,"1153,10819109","1153,10819109","9,3104",,,
2026-07-27,CRA0240066B,,"1005,89232036","1005,89232036","9,7624",,,
2026-07-27,CRA0220079D,,"1011,58526539","1011,58526539","11,4407",,,
2026-07-27,CRA0240086L,,"890,71284272","890,71284272","9,5158",,,
2026-07-27,CRA022006HK,,"1141,40974339","1141,40974339","8,6",,,
2026-07-27,22I0970868,,"1115,10355425","1115,10355425","9,4149",,,
2026-07-27,23L1737623,,"1038,88906225","1038,88906225","8,2814",,,
2026-07-27,CRA022004S9,,"843,89175804","843,89175804","12,7918",,,
2026-07-27,CRA021002N3,,"1272,42280737","1272,42280737","15,2595",,,
2026-07-27,CRA02300JG5,,"1045,40162275","1045,40162275","8,6152",,,
2026-07-27,CRA024004SC,,"911,12854926","911,12854926","9,4246",,,
2026-07-27,CRA022004XY,,"778,91483771","778,91483771","10,2649",,,
2026-07-27,22F0009410,,"1017,38945984","1017,38945984","11,2749",,,
2026-07-27,23F1519397,,"1033,60158277","1033,60158277","14,0147",,,
2026-07-27,24G1674104,,"867,28426135","867,28426135","9,3118",,,
2026-07-27,CRA02200C6Y,,"1088,32463283","1088,32463283","11,0715",,,
2026-07-27,CRA024007PU,,"990,60377646","990,60377646","9,7174",,,
2026-07-27,22K0934880,,"925,49083254","925,49083254","16,6707",,,
2026-07-27,CRA022006HE,,"1141,15664559","1141,15664559","10,3073",,,
2026-07-27,CRA023000RT,,"968,33070218","968,33070218","14,3066",,,
2026-07-27,CRA022006BU,,"661,73569474","661,73569474","11,7784",,,
2026-07-27,CRA0220073P,,"1033,1105899","1033,1105899","12,9991",,,
2026-07-27,CRA0240066K,,"909,64450446","909,64450446","11,3447",,,
2026-07-27,22K0934889,,"743,55792218","743,55792218","16,9536",,,
2026-07-27,CRA024001QA,,"1106,68626478","1106,68626478","9,5822",,,
2026-07-27,CRA024007Q5,,"1053,45610885","1053,45610885","9,9286",,,
2026-07-27,CRA02200C6Z,,"1034,77820325","1034,77820325","11,3543",,,
2026-07-27,24A2721507,,,,,,,
2026-07-27,CRA022006HF,,"1072,63563277","1072,63563277","10,3667",,,
2026-07-27,CRA024009Q4,,"905,447247","905,447247","11,4586",,,
2026-07-27,22E1314836,,"1137,33005603","1137,33005603","10,6351",,,
2026-07-27,CRA022001E2,,"1191,59745107","1191,59745107","11,8673",,,
2026-07-27,CRA022004SD,,"1138,64932851","1138,64932851","11,9476",,,
2026-07-27,CRA02400AHZ,,"936,56911816","936,56911816","10,5889",,,
2026-07-27,24J2539865,,"1006,10876005","1006,10876005","9,4388",,,
2026-07-27,CRA0240005O,,"1102,41954569","1102,41954569","9,3181",,,
2026-07-27,CRA022004H5,,"801,59297444","801,59297444","9,1917",,,
2026-07-27,23L2043184,,"1056,29201284","1056,29201284","10,1101",,,
2026-07-27,CRA024009Q5,,"843,24711665","843,24711665","11,4796",,,
2026-07-27,CRA02300MOQ,,"1018,19841431","1018,19841431","12,5514",,,
2026-07-27,23L0034761,,"888,54709833","888,54709833","11,4615",,,
2026-07-27,CRA021003VT,,,,,,,
2026-07-27,CRA0250080Y,,"953,67217497","953,67217497","9,081",,,
2026-07-27,25D0012204,,"1030,15426092","1030,15426092","8,7713",,,
2026-07-27,23J1127331,,"904,40002566","904,40002566","13,5537",,,
2026-07-27,CRA0250080X,,"978,28411275","978,28411275","9,2611",,,
2026-07-27,CRA02400AYK,,"1015,88271517","1015,88271517","10,2068",,,
2026-07-27,CRA0230073N,,"1006,75331595","1006,75331595","8,5733",,,
2026-07-27,CRA025003PJ,,"881,87886326","881,87886326","9,6624",,,
2026-07-27,CRA024003UZ,,"1063,69673775","1063,69673775","9,4392",,,
2026-07-27,CRA021004NV,,"422,85075411","422,85075411","12,6869",,,
2026-07-27,CRA0250066B,,"852,65789196","852,65789196","11,4214",,,
2026-07-27,22E1321749,,"1148,10550344","1148,10550344","9,8053",,,
2026-07-27,CRA0240005P,,"1088,55362345","1088,55362345","9,1047",,,
2026-07-27,22E1321750,,"1117,43055721","1117,43055721","9,7449",,,
2026-07-27,CRA0250020C,,"895,95248745","895,95248745","11,3474",,,
2026-07-27,CRA02200795,,"578,31893764","578,31893764","11,8592",,,
2026-07-27,CRA0250020D,,"881,77617189","881,77617189","11,1217",,,
2026-07-27,CRA0250018K,,"864,75266373","864,75266373","11,4813",,,
2026-07-27,CRA0250018L,,"920,08396522","920,08396522","10,3089",,,
2026-07-27,CRA0240099F,,"1037,86407628","1037,86407628","9,9999",,,
2026-07-27,CRA0250020E,,"904,83356617","904,83356617","10,5303",,,
2026-07-27,CRA02500BVX,,"789,50259508","789,50259508","11,4251",,,
2026-07-27,CRA025008C2,,"990,73286498","990,73286498","9,8805",,,
2026-07-27,CRA02400AHX,,"1026,85897752","1026,85897752","10,0387",,,
2026-07-27,CRA025008HR,,,,,,,
2026-07-27,CRA025006NC,,"989,09410224","989,09410224","10,1558",,,
2026-07-27,CRA02300796,,"1079,89181534","1079,89181534","11,7438",,,
2026-07-27,CRA023003JY,,"1133,58871762","1133,58871762","10,547",,,
2026-07-27,23F2455004,,"961,18449321","961,18449321","17,0328",,,
2026-07-27,23I1259644,,"868,21417523","868,21417523","19,2805",,,
2026-07-27,23J1141681,,"966,94582143","966,94582143","15,0153",,,
2026-07-27,23K0018801,,"913,57488741","913,57488741","14,8167",,,
2026-07-27,23K0022030,,,,,,,
2026-07-27,23K0022041,,"989,43576835","989,43576835","14,8944",,,
2026-07-27,24H0022053,,,,,,,
2026-07-27,25D0271049,,"999,51838535","999,51838535","15,6521",,,
2026-07-27,CRA02300G7D,,"996,87600661","996,87600661","16,6443",,,
2026-07-27,CRA02300HWK,,"958,8424286","958,8424286","13,9264",,,
2026-07-27,CRA02300JR7,,,,,,,
2026-07-27,CRA02300SPD,,"881,80937079","881,80937079","18,143",,,
2026-07-27,CRA02300SUZ,,"830,7655947","830,7655947","20,001",,,
2026-07-27,CRA024000B8,,"869,19188002","869,19188002","18,6291",,,
2026-07-27,CRA024001P5,,,,,,,
2026-07-27,CRA0240020B,,,,,,,
2026-07-27,CRA024002MH,,"938,66972818","938,66972818","15,6483",,,
2026-07-27,CRA024002S2,,"910,12808617","910,12808617","18,7847",,,
2026-07-27,CRA024002S3,,"859,65506706","859,65506706","18,5741",,,
2026-07-27,CRA024005K2,,,,,,,
2026-07-27,CRA0240066D,,"935,46667311","935,46667311","18,2074",,,
2026-07-27,CRA0240066G,,"888,88286843","888,88286843","17,0642",,,
2026-07-27,CRA024007PT,,"932,83072435","932,83072435","16,5252",,,
2026-07-27,CRA024007Q3,,"956,07966828","956,07966828","16,9509",,,
2026-07-27,CRA024009Q3,,"917,51199957","917,51199957","17,0611",,,
2026-07-27,CRA02400AHY,,"904,00043738","904,00043738","17,1536",,,
2026-07-27,CRA02400AYM,,"950,72049231","950,72049231","17,4722",,,
2026-07-27,CRA02400AYP,,"888,75594116","888,75594116","18,4299",,,
2026-07-27,CRA02500001,,"990,02246603","990,02246603","16,0317",,,
2026-07-27,CRA0250012X,,"1002,71342629","1002,71342629","17,9651",,,
2026-07-27,CRA0250018I,,"949,84333963","949,84333963","17,3008",,,
2026-07-27,CRA025002S3,,"965,95025739","965,95025739","18,8237",,,
2026-07-27,CRA025002S4,,"935,93990689","935,93990689","19,0018",,,
2026-07-27,CRA0250040J,,,,,,,
2026-07-27,CRA025005EH,,"976,54604555","976,54604555","15,9576",,,
2026-07-27,CRA025005V7,,"863,69173705","863,69173705","18,7412",,,
2026-07-27,CRA025005V8,,"858,28997504","858,28997504","18,7679",,,
2026-07-27,CRA0250066A,,"896,09302827","896,09302827","17,1516",,,
2026-07-27,CRA025006NB,,"941,16775581","941,16775581","16,4999",,,
2026-07-27,CRA025006SS,,,,,,,
2026-07-27,CRA025007KE,,"974,57819647","974,57819647","16,7354",,,
2026-07-27,CRA025007KK,,"1002,66822885","1002,66822885","15,3564",,,
2026-07-27,CRA025008C1,,,,,,,
2026-07-27,CRA025008NA,,,,,,,
2026-07-27,CRA025008ND,,"961,55058551","961,55058551","16,1044",,,
2026-07-27,CRA025009VO,,,,,,,
2026-07-27,CRA02500A15,,"958,27359585","958,27359585","16,5438",,,
2026-07-27,CRA02500AHU,,"1004,93301495","1004,93301495","15,7039",,,
2026-07-27,CRA026001JM,,,,,,,
2026-07-24,CRA019003V2,,"425,26509164","425,26509164",,,,
2026-07-24,CRA024004H7,,"1038,61815439","1038,61815439","99,9801",,,
2026-07-24,CRA0250018H,,"1015,02689231","1015,02689231","105,5466",,,
2026-07-24,CRA02500BVT,,"1038,48261537","1038,48261537","107,9458",,,
2026-07-24,25I2731571,,,,,,,
2026-07-24,24D2765715,,"1045,66045024","1045,66045024","99,2608",,,
2026-07-24,CRA023007VD,,"1016,34050216","1016,34050216","97,2416",,,
2026-07-24,24D3313768,,"1025,48951291","1025,48951291","98,6123",,,
2026-07-24,25G5109813,,"950,73943976","950,73943976","114,7977",,,
2026-07-24,CRA023003UX,,"1055,67851304","1055,67851304","95,4591",,,
2026-07-24,CRA02500669,,"1115,14429776","1115,14429776","108,6638",,,
2026-07-24,CRA025008HM,,"1015,35432533","1015,35432533","109,4566",,,
2026-07-24,25F0010202,,,,,,,
2026-07-24,24F1277566,,"1014,99972763","1014,99972763","99,7233",,,
2026-07-24,CRA02300209,,"1008,73272448","1008,73272448","95,0597",,,
2026-07-24,CRA025008N8,,"1024,57456713","1024,57456713","106,9697",,,
2026-07-24,22J0346710,,"1009,46773327","1009,46773327","94,95",,,
2026-07-24,CRA0240066A,,"1014,25768342","1014,25768342","104,5288",,,
2026-07-24,CRA025006SR,,"984,73094619","984,73094619","107,6732",,,
2026-07-24,CRA025007KD,,"1024,99896109","1024,99896109","110,0855",,,
2026-07-24,25F2573710,,,,,,,
2026-07-24,CRA025002S1,,"976,06600102","976,06600102","120,6577",,,
2026-07-24,CRA025005V5,,"942,37094002","942,37094002","119,4977",,,
2026-07-24,24D0006602,,"1058,79325973","1058,79325973","98,8863",,,
2026-07-24,25E0013305,,"1034,19362438","1034,19362438","103,4166",,,
2026-07-24,CRA02300TSB,,"1061,97178189","1061,97178189","98,0936",,,
2026-07-24,CRA02400AYL,,"983,84352547","983,84352547","117,1371",,,
2026-07-24,CRA025008C3,,"976,50860767","976,50860767","112,25",,,
2026-07-24,CRA025005EI,,"995,01619218","995,01619218","107,3888",,,
2026-07-24,23K0018802,,"1032,33330926","1032,33330926","98,6175",,,
2026-07-24,CRA025006NA,,"986,57773453","986,57773453","110,6433",,,
2026-07-24,23K0019201,,"1044,11308064","1044,11308064","100,6736",,,
2026-07-24,CRA026001JL,,"983,0208869","983,0208869","111,51",,,
2026-07-24,25H0243072,,"1000,18280869","1000,18280869","107,8805",,,
2026-07-24,CRA02300NRL,,"1083,95107736","1083,95107736","98,4375",,,
2026-07-24,CRA025003UZ,,"1013,20319796","1013,20319796","108,3988",,,
2026-07-24,CRA02300CYQ,,"1086,5687888","1086,5687888","96,2261",,,
2026-07-24,CRA02300HWH,,"1119,08809381","1119,08809381","98,9466",,,
2026-07-24,24I1980390,,"987,38979551","987,38979551","125,4545",,,
2026-07-24,25B3099731,,"1045,10931575","1045,10931575","99,0961",,,
2026-07-24,25D0012202,,"1027,24911819","1027,24911819","98,7355",,,
2026-07-24,25J4546988,,"1004,23689749","1004,23689749","100,0494",,,
2026-07-24,25D0012203,,"1023,37625428","1023,37625428","100,17",,,
2026-07-24,26C3164285,,"996,88530251","996,88530251","98,5333",,,
2026-07-24,CRA025003PD,,"979,66050717","979,66050717","103,2566",,,
2026-07-24,24H1684874,,"1057,59684397","1057,59684397","97,2752",,,
2026-07-24,24D2765586,,"690,79097958","690,79097958","98,3315",,,
2026-07-24,25G3629974,,"986,3548272","986,3548272","102,0458",,,
2026-07-24,25I0014209,,,,,,,
2026-07-24,25K0012820,,,,,,,
2026-07-24,CRA024004H5,,"1037,33843345","1037,33843345","98,4716",,,
2026-07-24,25G3629975,,"981,79994666","981,79994666","103,3566",,,
2026-07-24,24E1393588,,"1025,27513685","1025,27513685","99,4355",,,
2026-07-24,CRA024009Q2,,"987,98544178","987,98544178","1,7202",,,
2026-07-24,22D1289009,,"1016,25877591","1016,25877591","0,3547",,,
2026-07-24,CRA02400AYN,,"944,72091343","944,72091343","2,6723",,,
2026-07-24,CRA02500003,,"979,1484426","979,1484426","1,2898",,,
2026-07-24,CRA0250018J,,"969,93358976","969,93358976","1,8956",,,
2026-07-24,CRA025007PT,,"1019,87332343","1019,87332343","1,0294",,,
2026-07-24,CRA02300Q2Y,,,,,,,
2026-07-24,CRA025002S2,,"961,65189408","961,65189408","2,5267",,,
2026-07-24,23J0019601,,,,,,,
2026-07-24,23K0018602,,"1009,78348902","1009,78348902","0,3884",,,
2026-07-24,24B0013201,,"1045,14133294","1045,14133294","1,8269",,,
2026-07-24,23H1188857,,"1057,2701318","1057,2701318","0,1501",,,
2026-07-24,CRA02300RS5,,"997,87928276","997,87928276","2,1501",,,
2026-07-24,22C0023008,,"529,12285377","529,12285377","0,1667",,,
2026-07-24,23K0018401,,"1034,26288608","1034,26288608","0,3767",,,
2026-07-24,CRA02300GCY,,"1006,69326603","1006,69326603","0,3333",,,
2026-07-24,CRA025005V6,,"932,27173366","932,27173366","2,45",,,
2026-07-24,22E1325261,,"1065,6033101","1065,6033101","0,5135",,,
2026-07-24,22F0230096,,"1022,16431259","1022,16431259","0,2267",,,
2026-07-24,22K0934871,,"940,76260662","940,76260662","7,0091",,,
2026-07-24,22I0970801,,"1057,18831638","1057,18831638","0,3517",,,
2026-07-24,22J0305579,,"995,28096613","995,28096613","4,8121",,,
2026-07-24,CRA02300JG2,,"1057,49445351","1057,49445351","0,5319",,,
2026-07-24,CRA02300NRM,,"1050,77229768","1050,77229768","0,3023",,,
2026-07-24,CRA0240066F,,"989,51621874","989,51621874","1,9287",,,
2026-07-24,22E1315701,,"1003,43001149","1003,43001149","0,8949",,,
2026-07-24,23J1142031,,"1041,10289005","1041,10289005","0,8276",,,
2026-07-24,CRA022008NC,,"1058,96155176","1058,96155176","1,2654",,,
2026-07-24,CRA023000GP,,"955,78026818","955,78026818","4,5823",,,
2026-07-24,CRA024007K9,,"990,63866103","990,63866103","1,5349",,,
2026-07-24,22F0315398,,"1023,97067976","1023,97067976","0,469",,,
2026-07-24,CRA024002MJ,,"1030,96648529","1030,96648529","1,943",,,
2026-07-24,23H0027402,,"1079,48828858","1079,48828858","0,1763",,,
2026-07-24,CRA022006HJ,,"1001,78693914","1001,78693914","1,2368",,,
2026-07-24,CRA022008C9,,"1057,9659167","1057,9659167","0,7418",,,
2026-07-24,CRA022008CB,,"990,69124203","990,69124203","1,4333",,,
2026-07-24,23H1191899,,"1073,68814764","1073,68814764","0,4089",,,
2026-07-24,CRA024002S1,,"1036,03003953","1036,03003953","1,8899",,,
2026-07-24,CRA02400AHV,,"1017,58044644","1017,58044644","1,5103",,,
2026-07-24,CRA023000MC,,"1436,80458977","1436,80458977","4,2238",,,
2026-07-24,CRA024001P7,,"967,60341439","967,60341439","4,9711",,,
2026-07-24,CRA024007Q4,,"1064,07992003","1064,07992003","1,2422",,,
2026-07-24,23C0247388,,"1067,07234728","1067,07234728","0,5423",,,
2026-07-24,23G0009601,,"1084,00664884","1084,00664884","0,2384",,,
2026-07-24,23C0247702,,"1087,14531424","1087,14531424","0,3678",,,
2026-07-24,CRA022008NF,,"1070,08863081","1070,08863081","1,0073",,,
2026-07-24,CRA023002GX,,"411,32531408","411,32531408","1,4603",,,
2026-07-24,23J1127308,,"990,93237506","990,93237506","4,1706",,,
2026-07-24,22C1235206,,"1017,98768722","1017,98768722","0,6968",,,
2026-07-24,CRA0220080Y,,"419,07946793","419,07946793","1,5197",,,
2026-07-24,CRA02300G7E,,"1058,63943512","1058,63943512","1,9413",,,
2026-07-24,CRA02300MJ9,,"1053,2693075","1053,2693075","1,5899",,,
2026-07-24,CRA024003UY,,"1005,00051171","1005,00051171","1,5025",,,
2026-07-24,CRA0240020A,,"1040,21593523","1040,21593523","2,8694",,,
2026-07-24,CRA025009KJ,,"979,82352237","979,82352237","2,7001",,,
2026-07-24,24A2720884,,"936,29860003","936,29860003","5,0444",,,
2026-07-24,22L1465644,,"1003,79490586","1003,79490586","1,6788",,,
2026-07-24,CRA0230073L,,"785,44362729","785,44362729","1,0132",,,
2026-07-24,22J0000801,,,,,,,
2026-07-24,23F0012002,,"678,77720023","678,77720023","1,2078",,,
2026-07-24,23L2043099,,"1023,67669632","1023,67669632","1,3934",,,
2026-07-24,CRA02300VBT,,"1025,00995067","1025,00995067","1,3289",,,
2026-07-24,CRA022008NH,,"1084,84981714","1084,84981714","0,9618",,,
2026-07-24,CRA0230012X,,"1060,32748399","1060,32748399","2,0492",,,
2026-07-24,CRA0240005N,,"1005,30594727","1005,30594727","1,7151",,,
2026-07-24,24K0003002,,"999,37409925","999,37409925","3,17",,,
2026-07-24,CRA02300Q8I,,"604,91522362","604,91522362","1,6101",,,
2026-07-24,23H1023846,,"951,55071848","951,55071848","1,2395",,,
2026-07-24,23J1333602,,,,,,,
2026-07-24,CRA022001P6,,"1011,14297411","1011,14297411","1,3052",,,
2026-07-24,CRA022008C2,,"1064,90196124","1064,90196124","2,7577",,,
2026-07-24,CRA024000B7,,"964,92021022","964,92021022","3,3941",,,
2026-07-24,CRA02300BQD,,"583,57378613","583,57378613","5,1767",,,
2026-07-24,CRA025000MJ,,"774,37803188","774,37803188","2,2489",,,
2026-07-24,22L1212138,,"911,8214301","911,8214301","2,0996",,,
2026-07-24,CRA02300KZL,,,,,,,
2026-07-24,CRA024005K1,,"1016,26661989","1016,26661989","2,9945",,,
2026-07-24,CRA02300795,,"995,75285731","995,75285731","3,2604",,,
2026-07-24,CRA02300CCH,,"993,34599351","993,34599351","3,3433",,,
2026-07-24,CRA0250040I,,"1021,28938528","1021,28938528","2,7428",,,
2026-07-24,CRA0220099D,,"344,56997394","344,56997394","1,1645",,,
2026-07-24,CRA023003JX,,"869,4142927","869,4142927","2,1672",,,
2026-07-24,CRA0240086H,,"998,03610565","998,03610565","3,1267",,,
2026-07-24,CRA0250012Y,,"999,99667723","999,99667723","3,1437",,,
2026-07-24,23F0012602,,"624,60282006","624,60282006","3,6145",,,
2026-07-24,CRA022000RU,,"186,92306126","186,92306126","3,4804",,,
2026-07-24,CRA024002MM,,"970,93229449","970,93229449","3,4026",,,
2026-07-24,CRA02400ECU,,"5032,08139114","5032,08139114","4,7701",,,
2026-07-24,CRA023001JL,,"582,1220674","582,1220674","3,9856",,,
2026-07-24,CRA02300KOH,,"772,19906717","772,19906717","2,9949",,,
2026-07-24,CRA02300JR6,,"473,65926044","473,65926044",,,,
2026-07-24,CRA019003JY,,"1367,27785455","1367,27785455","7,865",,,
2026-07-24,CRA019003V3,,"669,8489642","669,8489642",,,,
2026-07-24,CRA021000MG,,"1284,31426564","1284,31426564","8,9343",,,
2026-07-24,CRA021000MH,,"1192,87269068","1192,87269068","9,01",,,
2026-07-24,CRA02100002,,"706,94438531","706,94438531","10,8747",,,
2026-07-24,CRA020003K0,,,,,,,
2026-07-24,CRA021000MB,,"667,27080785","667,27080785","10,0333",,,
2026-07-24,CRA021001PQ,,"1171,36847163","1171,36847163","11,2442",,,
2026-07-24,CRA019001E7,,"1425,03262735","1425,03262735","7,964",,,
2026-07-24,CRA021001VA,,"1064,78137908","1064,78137908","11,0195",,,
2026-07-24,21G0065100,,"1234,87716413","1234,87716413","8,79",,,
2026-07-24,CRA0210013B,,"1036,80188465","1036,80188465","11,5343",,,
2026-07-24,CRA021001KB,,"1163,82148339","1163,82148339","8,6856",,,
2026-07-24,CRA021002SO,,"1230,71534515","1230,71534515","8,7169",,,
2026-07-24,21D0737500,,"861,84275577","861,84275577","8,7933",,,
2026-07-24,21D0862572,,"1051,9026592","1051,9026592","8,8388",,,
2026-07-24,21H1078699,,"1153,3708967","1153,3708967","11,3698",,,
2026-07-24,21H1078700,,"1050,13717324","1050,13717324","11,5179",,,
2026-07-24,CRA021000SC,,,,,,,
2026-07-24,CRA020002GZ,,"1369,22032635","1369,22032635","10,992",,,
2026-07-24,21D0694886,,"864,69615575","864,69615575","10,263",,,
2026-07-24,CRA021002NF,,"1203,0122681","1203,0122681","9,1904",,,
2026-07-24,CRA020001P7,,"607,72120327","607,72120327",,,,
2026-07-24,CRA021000RX,,"1219,29321856","1219,29321856","13,2425",,,
2026-07-24,21I0278118,,"958,89288705","958,89288705","9,6499",,,
2026-07-24,21K0001806,,"1142,86642545","1142,86642545","8,5511",,,
2026-07-24,CRA021000RY,,"1188,85264758","1188,85264758","10,2041",,,
2026-07-24,CRA020002H1,,"1234,50077","1234,50077","11,7476",,,
2026-07-24,CRA022002Y1,,"606,45388874","606,45388874","8,9747",,,
2026-07-24,CRA020003PY,,"1166,13626241","1166,13626241","12,9575",,,
2026-07-24,21K0001812,,"834,92682941","834,92682941","16,8097",,,
2026-07-24,CRA021002YA,,"504,77289501","504,77289501","11,8922",,,
2026-07-24,CRA020001P8,,"604,43160787","604,43160787",,,,
2026-07-24,22D1289007,,"1125,87242888","1125,87242888","8,4375",,,
2026-07-24,22D1289010,,"1195,252855","1195,252855","8,2868",,,
2026-07-24,CRA022002Y2,,"1162,6989188","1162,6989188","9,2873",,,
2026-07-24,CRA022002XM,,,,,,,
2026-07-24,CRA022006N5,,"1081,6017871","1081,6017871","8,6366",,,
2026-07-24,22D1289008,,"1088,75387571","1088,75387571","8,5138",,,
2026-07-24,CRA022002Y3,,"1121,69237595","1121,69237595","8,6955",,,
2026-07-24,CRA022002XN,,,,,,,
2026-07-24,21K0001807,,"1084,82071074","1084,82071074","8,5228",,,
2026-07-24,22K0001201,,"1150,09277885","1150,09277885","7,9514",,,
2026-07-24,23H0027403,,"1084,15115644","1084,15115644","8,7218",,,
2026-07-24,CRA022006MY,,,,,,,
2026-07-24,22K0001203,,"1148,53280878","1148,53280878","7,9303",,,
2026-07-24,22E1325262,,"1136,22767048","1136,22767048","9,233",,,
2026-07-24,CRA021002YF,,"121,58186824","121,58186824","10,9331",,,
2026-07-24,CRA02300S35,,"939,29765267","939,29765267","13,0227",,,
2026-07-24,22C1362141,,"827,68195872","827,68195872","10,885",,,
2026-07-24,22B0004808,,"865,70355401","865,70355401","17,7464",,,
2026-07-24,CRA022008N6,,"1122,09010211","1122,09010211","8,6388",,,
2026-07-24,22K0001204,,"1139,9744185","1139,9744185","7,6846",,,
2026-07-24,24B0013203,,"1039,29116652","1039,29116652","10,4526",,,
2026-07-24,CRA02300CYS,,"1049,93031305","1049,93031305","8,1773",,,
2026-07-24,22E1325264,,"1096,30168523","1096,30168523","9,2969",,,
2026-07-24,CRA024001P6,,"935,05525592","935,05525592","13,9313",,,
2026-07-24,22E1095384,,"1041,59588465","1041,59588465","12,6809",,,
2026-07-24,21J0001208,,"426,8315671","426,8315671","17,3347",,,
2026-07-24,22F0009804,,"1080,05121081","1080,05121081","9,1711",,,
2026-07-24,22F0009409,,"1078,78988641","1078,78988641","11,5004",,,
2026-07-24,CRA022003JT,,"1157,60500658","1157,60500658","9,546",,,
2026-07-24,CRA022004MS,,"924,26303993","924,26303993","13,9232",,,
2026-07-24,23H0027404,,"1067,84521884","1067,84521884","8,732",,,
2026-07-24,CRA022008NB,,"562,60952983","562,60952983",,,,
2026-07-24,22B0006022,,"1150,20483005","1150,20483005","12,5603",,,
2026-07-24,CRA024004SA,,"983,21406742","983,21406742","8,9424",,,
2026-07-24,22J0306937,,"1001,25731982","1001,25731982","14,097",,,
2026-07-24,CRA02300G7F,,"1012,95796436","1012,95796436","11,3936",,,
2026-07-24,CRA022008C7,,"1186,80987301","1186,80987301","8,4371",,,
2026-07-24,24E1835896,,"1039,45828854","1039,45828854","8,6435",,,
2026-07-24,CRA022007KI,,"1085,19118196","1085,19118196","11,427",,,
2026-07-24,CRA02300JG3,,"1101,70566961","1101,70566961","8,4596",,,
2026-07-24,CRA022008N7,,"1009,7123986","1009,7123986","9,6211",,,
2026-07-24,CRA022000XF,,"1056,41800971","1056,41800971","11,3968",,,
2026-07-24,CRA02300JG4,,"1067,97606629","1067,97606629","8,6498",,,
2026-07-24,24F1277567,,"1007,39621285","1007,39621285","9,1751",,,
2026-07-24,23L1737622,,"1045,46737303","1045,46737303","8,5633",,,
2026-07-24,22G1414303,,"1107,78612648","1107,78612648","11,4232",,,
2026-07-24,CRA022008ND,,"486,8537756","486,8537756",,,,
2026-07-24,CRA0240066J,,"993,68868781","993,68868781","9,6542",,,
2026-07-24,22J0306938,,"920,2109292","920,2109292","13,9401",,,
2026-07-24,CRA0240020C,,,,,,,
2026-07-24,CRA022007EP,,"1124,44312457","1124,44312457","7,9394",,,
2026-07-24,CRA024004SB,,"975,82360783","975,82360783","8,6558",,,
2026-07-24,CRA0240086K,,"955,05700529","955,05700529","9,6352",,,
2026-07-24,22K1520055,,,,,,,
2026-07-24,CRA024002ML,,"916,22025287","916,22025287","11,4318",,,
2026-07-24,22I0970804,,"1147,79551981","1147,79551981","9,4737",,,
2026-07-24,CRA0240066B,,"998,23330444","998,23330444","9,9715",,,
2026-07-24,CRA0220079D,,"1016,42211315","1016,42211315","11,2989",,,
2026-07-24,CRA0240086L,,"890,09188553","890,09188553","9,5187",,,
2026-07-24,CRA022006HK,,"1136,79331867","1136,79331867","8,7468",,,
2026-07-24,22I0970868,,"1109,47042284","1109,47042284","9,5345",,,
2026-07-24,23L1737623,,"1035,75632398","1035,75632398","8,3176",,,
2026-07-24,CRA022004S9,,"857,79731677","857,79731677","12,5007",,,
2026-07-24,CRA021002N3,,"1272,77601068","1272,77601068","14,781",,,
2026-07-24,CRA02300JG5,,"1042,44348111","1042,44348111","8,6501",,,
2026-07-24,CRA024004SC,,"910,33164857","910,33164857","9,4297",,,
2026-07-24,CRA022004XY,,"781,53728174","781,53728174","9,9204",,,
2026-07-24,22F0009410,,"1014,25032196","1014,25032196","11,3458",,,
2026-07-24,23F1519397,,"1031,48210252","1031,48210252","14,1086",,,
2026-07-24,24G1674104,,"863,34648208","863,34648208","9,411",,,
2026-07-24,CRA02200C6Y,,"1080,92363114","1080,92363114","11,3178",,,
2026-07-24,CRA024007PU,,"985,44274723","985,44274723","9,8149",,,
2026-07-24,22K0934880,,"923,14704294","923,14704294","16,7422",,,
2026-07-24,CRA022006HE,,"1140,14105016","1140,14105016","10,3328",,,
2026-07-24,CRA023000RT,,,,,,,
2026-07-24,CRA022006BU,,"661,12468565","661,12468565","11,8022",,,
2026-07-24,CRA0220073P,,"1030,29136903","1030,29136903","13,0895",,,
2026-07-24,CRA0240066K,,"912,26322333","912,26322333","11,2732",,,
2026-07-24,22K0934889,,"743,99901536","743,99901536","16,9243",,,
2026-07-24,CRA024001QA,,"1104,37826261","1104,37826261","9,6616",,,
2026-07-24,CRA024007Q5,,"1050,01017652","1050,01017652","10,0321",,,
2026-07-24,CRA02200C6Z,,"1033,9748437","1033,9748437","11,3609",,,
2026-07-24,24A2721507,,,,,,,
2026-07-24,CRA022006HF,,"1068,98483506","1068,98483506","10,446",,,
2026-07-24,CRA024009Q4,,"908,05546758","908,05546758","11,3881",,,
2026-07-24,22E1314836,,"1136,11489255","1136,11489255","10,6693",,,
2026-07-24,CRA022001E2,,"1189,44617787","1189,44617787","11,9684",,,
2026-07-24,CRA022004SD,,"1135,36301953","1135,36301953","12,1078",,,
2026-07-24,CRA02400AHZ,,"937,30036242","937,30036242","10,5632",,,
2026-07-24,24J2539865,,"1004,03676068","1004,03676068","9,4714",,,
2026-07-24,CRA0240005O,,"1100,14880547","1100,14880547","9,4455",,,
2026-07-24,CRA022004H5,,"801,12679923","801,12679923","9,2043",,,
2026-07-24,23L2043184,,"1051,01901747","1051,01901747","10,258",,,
2026-07-24,CRA024009Q5,,"856,83315077","856,83315077","11,23",,,
2026-07-24,CRA02300MOQ,,"1024,69132446","1024,69132446","12,3001",,,
2026-07-24,23L0034761,,"884,79599284","884,79599284","11,5544",,,
2026-07-24,CRA021003VT,,,,,,,
2026-07-24,CRA0250080Y,,"951,03990233","951,03990233","9,1113",,,
2026-07-24,25D0012204,,"1025,37658512","1025,37658512","8,8788",,,
2026-07-24,23J1127331,,"901,63568211","901,63568211","13,613",,,
2026-07-24,CRA0250080X,,"974,16889566","974,16889566","9,3253",,,
2026-07-24,CRA02400AYK,,"1014,69598991","1014,69598991","10,2278",,,
2026-07-24,CRA0230073N,,"1004,419766","1004,419766","8,6883",,,
2026-07-24,CRA025003PJ,,"880,16343996","880,16343996","9,678",,,
2026-07-24,CRA024003UZ,,"1060,2281958","1060,2281958","9,5358",,,
2026-07-24,CRA021004NV,,,,,,,
2026-07-24,CRA0250066B,,"856,18489845","856,18489845","11,339",,,
2026-07-24,22E1321749,,"1144,43534347","1144,43534347","9,9379",,,
2026-07-24,CRA0240005P,,"1083,35456392","1083,35456392","9,2425",,,
2026-07-24,22E1321750,,"1115,62910045","1115,62910045","9,7754",,,
2026-07-24,CRA0250020C,,"895,74773343","895,74773343","11,3419",,,
2026-07-24,CRA02200795,,"577,82830266","577,82830266","11,8952",,,
2026-07-24,CRA0250020D,,"894,29986389","894,29986389","10,9033",,,
2026-07-24,CRA0250018K,,"878,68736556","878,68736556","11,2315",,,
2026-07-24,CRA0250018L,,"919,00238701","919,00238701","10,3176",,,
2026-07-24,CRA0240099F,,"1036,84902528","1036,84902528","10,0115",,,
2026-07-24,CRA0250020E,,"907,2782491","907,2782491","10,4894",,,
2026-07-24,CRA02500BVX,,"786,62329943","786,62329943","11,4628",,,
2026-07-24,CRA025008C2,,"985,68948477","985,68948477","9,9897",,,
2026-07-24,CRA02400AHX,,"1020,83438966","1020,83438966","10,1493",,,
2026-07-24,CRA025008HR,,,,,,,
2026-07-24,CRA025006NC,,"986,00302861","986,00302861","10,2224",,,
2026-07-24,CRA02300796,,"1077,1507208","1077,1507208","11,8242",,,
2026-07-24,CRA023003JY,,"1130,56054055","1130,56054055","10,6742",,,
2026-07-24,23F2455004,,"960,46786436","960,46786436","17,048",,,
2026-07-24,23I1259644,,"867,49847513","867,49847513","19,2853",,,
2026-07-24,23J1141681,,"966,04078889","966,04078889","15,0377",,,
2026-07-24,23K0018801,,"912,8100592","912,8100592","14,8282",,,
2026-07-24,23K0022030,,,,,,,
2026-07-24,23K0022041,,"989,40640689","989,40640689","14,8573",,,
2026-07-24,24H0022053,,,,,,,
2026-07-24,25D0271049,,"998,77672121","998,77672121","15,6573",,,
2026-07-24,CRA02300G7D,,"996,67818925","996,67818925","16,595",,,
2026-07-24,CRA02300HWK,,"958,27904666","958,27904666","13,9281",,,
2026-07-24,CRA02300JR7,,"440,1044364","440,1044364",,,,
2026-07-24,CRA02300SPD,,"882,69444731","882,69444731","18,0776",,,
2026-07-24,CRA02300SUZ,,"830,37957696","830,37957696","19,9906",,,
2026-07-24,CRA024000B8,,"864,23951831","864,23951831","18,8257",,,
2026-07-24,CRA024001P5,,,,,,,
2026-07-24,CRA0240020B,,,,,,,
2026-07-24,CRA024002MH,,"938,12834828","938,12834828","15,6483",,,
2026-07-24,CRA024002S2,,"909,10771191","909,10771191","18,8083",,,
2026-07-24,CRA024002S3,,"857,88167922","857,88167922","18,6226",,,
2026-07-24,CRA024005K2,,,,,,,
2026-07-24,CRA0240066D,,"935,46288415","935,46288415","18,1808",,,
2026-07-24,CRA0240066G,,"889,08611815","889,08611815","17,0367",,,
2026-07-24,CRA024007PT,,"931,62968182","931,62968182","16,549",,,
2026-07-24,CRA024007Q3,,"955,42637428","955,42637428","16,9536",,,
2026-07-24,CRA024009Q3,,"919,71241973","919,71241973","16,9657",,,
2026-07-24,CRA02400AHY,,"902,97161537","902,97161537","17,1686",,,
2026-07-24,CRA02400AYM,,"949,10967568","949,10967568","17,5189",,,
2026-07-24,CRA02400AYP,,"891,34078283","891,34078283","18,3338",,,
2026-07-24,CRA02500001,,"989,18848009","989,18848009","16,0425",,,
2026-07-24,CRA0250012X,,"1003,17722959","1003,17722959","17,9167",,,
2026-07-24,CRA0250018I,,"951,0144563","951,0144563","17,244",,,
2026-07-24,CRA025002S3,,"964,44226634","964,44226634","18,8609",,,
2026-07-24,CRA025002S4,,"933,84148932","933,84148932","19,0513",,,
2026-07-24,CRA0250040J,,"983,76624594","983,76624594","19,6694",,,
2026-07-24,CRA025005EH,,"976,37768947","976,37768947","15,9455",,,
2026-07-24,CRA025005V7,,"864,82401984","864,82401984","18,6853",,,
2026-07-24,CRA025005V8,,"859,56198601","859,56198601","18,713",,,
2026-07-24,CRA0250066A,,"896,85038199","896,85038199","17,1099",,,
2026-07-24,CRA025006NB,,"942,17846616","942,17846616","16,4487",,,
2026-07-24,CRA025006SS,,,,,,,
2026-07-24,CRA025007KE,,"975,63758951","975,63758951","16,683",,,
2026-07-24,CRA025007KK,,"1002,35900235","1002,35900235","15,3491",,,
2026-07-24,CRA025008C1,,,,,,,
2026-07-24,CRA025008NA,,,,,,,
2026-07-24,CRA025008ND,,"961,25355869","961,25355869","16,0971",,,
2026-07-24,CRA025009VO,,,,,,,
2026-07-24,CRA02500A15,,"959,2838296","959,2838296","16,4949",,,
2026-07-24,CRA02500AHU,,"1004,49793681","1004,49793681","15,6987",,,
2026-07-24,CRA026001JM,,"940,50618828","940,50618828","16,8711",,,
2026-07-23,CRA019003V2,,"425,28399176","425,28399176",,,,
2026-07-23,CRA024004H7,,"1038,10545187","1038,10545187","99,9693",,,
2026-07-23,CRA0250018H,,"1014,58516495","1014,58516495","105,46",,,
2026-07-23,CRA02500BVT,,"1040,34312106","1040,34312106","107,4066",,,
2026-07-23,25I2731571,,"1019,06162975","1019,06162975","103,7411",,,
2026-07-23,24D2765715,,"1045,19389345","1045,19389345","99,2583",,,
2026-07-23,CRA023007VD,,"1015,94884974","1015,94884974","97,2394",,,
2026-07-23,24D3313768,,"1024,94477202","1024,94477202","98,6524",,,
2026-07-23,25G5109813,,"951,40301601","951,40301601","114,3661",,,
2026-07-23,CRA023003UX,,"1055,15074573","1055,15074573","95,5041",,,
2026-07-23,CRA02500669,,"1112,83974905","1112,83974905","108,9418",,,
2026-07-23,CRA025008HM,,"1019,62351732","1019,62351732","108,3488",,,
2026-07-23,25F0010202,,,,,,,
2026-07-23,24F1277566,,"1014,60082895","1014,60082895","99,7213",,,
2026-07-23,CRA02300209,,"1008,24230414","1008,24230414","95,0713",,,
2026-07-23,CRA025008N8,,"1023,75222472","1023,75222472","106,995",,,
2026-07-23,22J0346710,,"1008,97285366","1008,97285366","94,97",,,
2026-07-23,CRA0240066A,,"1013,39880938","1013,39880938","104,6122",,,
2026-07-23,CRA025006SR,,"984,55594213","984,55594213","107,5732",,,
2026-07-23,CRA025007KD,,"1025,29603945","1025,29603945","109,8225",,,
2026-07-23,25F2573710,,,,,,,
2026-07-23,CRA025002S1,,"975,49310251","975,49310251","120,4833",,,
2026-07-23,CRA025005V5,,"943,00811355","943,00811355","119,0419",,,
2026-07-23,24D0006602,,"1058,46989822","1058,46989822","98,889",,,
2026-07-23,25E0013305,,"1033,81381254","1033,81381254","103,3877",,,
2026-07-23,CRA02300TSB,,"1062,62799079","1062,62799079","97,9582",,,
2026-07-23,CRA02400AYL,,"982,924839","982,924839","117,0926",,,
2026-07-23,CRA025008C3,,"975,65887662","975,65887662","112,2488",,,
2026-07-23,CRA025005EI,,"992,42646885","992,42646885","107,75",,,
2026-07-23,23K0018802,,"1032,07145577","1032,07145577","98,6208",,,
2026-07-23,CRA025006NA,,"985,78130511","985,78130511","110,6566",,,
2026-07-23,23K0019201,,"1044,46373489","1044,46373489","100,4255",,,
2026-07-23,CRA026001JL,,"982,16887944","982,16887944","111,5333",,,
2026-07-23,25H0243072,,"1000,0058402","1000,0058402","107,7823",,,
2026-07-23,CRA02300NRL,,"1085,99325921","1085,99325921","98,108",,,
2026-07-23,CRA025003UZ,,"1013,49677927","1013,49677927","108,1577",,,
2026-07-23,CRA02300CYQ,,"1079,36827546","1079,36827546","97,2816",,,
2026-07-23,CRA02300HWH,,"1118,99064028","1118,99064028","98,9333",,,
2026-07-23,24I1980390,,"1002,46453422","1002,46453422","120,7318",,,
2026-07-23,25B3099731,,"1044,44110735","1044,44110735","99,095",,,
2026-07-23,25D0012202,,"1026,59945948","1026,59945948","98,7377",,,
2026-07-23,25J4546988,,"1003,56503143","1003,56503143","100,0488",,,
2026-07-23,25D0012203,,"1022,70814327","1022,70814327","100,1683",,,
2026-07-23,26C3164285,,"996,29168771","996,29168771","98,5366",,,
2026-07-23,CRA025003PD,,"978,85411108","978,85411108","103,2622",,,
2026-07-23,24H1684874,,"1057,5033557","1057,5033557","97,0427",,,
2026-07-23,24D2765586,,"690,4240314","690,4240314","98,3348",,,
2026-07-23,25G3629974,,"985,64519602","985,64519602","102,0466",,,
2026-07-23,25I0014209,,,,,,,
2026-07-23,25K0012820,,,,,,,
2026-07-23,CRA024004H5,,"1036,77041607","1036,77041607","98,4991",,,
2026-07-23,25G3629975,,"981,14586775","981,14586775","103,3455",,,
2026-07-23,24E1393588,,"1024,72426514","1024,72426514","99,44",,,
2026-07-23,CRA024009Q2,,"987,90095433","987,90095433","1,7109",,,
2026-07-23,22D1289009,,"1015,6867516","1015,6867516","0,3571",,,
2026-07-23,CRA02400AYN,,"951,25492672","951,25492672","2,4717",,,
2026-07-23,CRA02500003,,"978,82579591","978,82579591","1,2828",,,
2026-07-23,CRA0250018J,,"969,92314216","969,92314216","1,8895",,,
2026-07-23,CRA025007PT,,"1018,77291627","1018,77291627","1,0443",,,
2026-07-23,CRA02300Q2Y,,,,,,,
2026-07-23,CRA025002S2,,"961,27035142","961,27035142","2,5284",,,
2026-07-23,23J0019601,,,,,,,
2026-07-23,23K0018602,,"1009,1374598","1009,1374598","0,3912",,,
2026-07-23,24B0013201,,"1046,73208685","1046,73208685","1,6698",,,
2026-07-23,23H1188857,,"1056,67430511","1056,67430511","0,1528",,,
2026-07-23,CRA02300RS5,,"997,17206297","997,17206297","2,1573",,,
2026-07-23,22C0023008,,"528,95439186","528,95439186","0,1295",,,
2026-07-23,23K0018401,,"1033,63597743","1033,63597743","0,3795",,,
2026-07-23,CRA02300GCY,,,,,,,
2026-07-23,CRA025005V6,,"931,97288532","931,97288532","2,45",,,
2026-07-23,22E1325261,,"1064,99084079","1064,99084079","0,5164",,,
2026-07-23,22F0230096,,"1021,53860758","1021,53860758","0,2295",,,
2026-07-23,22K0934871,,"940,09910408","940,09910408","7,0047",,,
2026-07-23,22I0970801,,"1056,58434681","1056,58434681","0,3546",,,
2026-07-23,22J0305579,,"994,29081365","994,29081365","4,8397",,,
2026-07-23,CRA02300JG2,,"1056,82302907","1056,82302907","0,5363",,,
2026-07-23,CRA02300NRM,,"1049,54379701","1049,54379701","0,314",,,
2026-07-23,CRA0240066F,,"988,87114476","988,87114476","1,933",,,
2026-07-23,22E1315701,,"1003,24995072","1003,24995072","0,8576",,,
2026-07-23,23J1142031,,"1040,6024184","1040,6024184","0,8222",,,
2026-07-23,CRA022008NC,,"1058,78019888","1058,78019888","1,234",,,
2026-07-23,CRA023000GP,,"954,58864237","954,58864237","4,6257",,,
2026-07-23,CRA024007K9,,"989,97385775","989,97385775","1,5399",,,
2026-07-23,22F0315398,,"1023,38937563","1023,38937563","0,4719",,,
2026-07-23,CRA024002MJ,,"1030,41765728","1030,41765728","1,9414",,,
2026-07-23,23H0027402,,"1078,8574485","1078,8574485","0,1784",,,
2026-07-23,CRA022006HJ,,"1001,53672461","1001,53672461","1,2012",,,
2026-07-23,CRA022008C9,,"1057,75576255","1057,75576255","0,7217",,,
2026-07-23,CRA022008CB,,"990,3061377","990,3061377","1,4298",,,
2026-07-23,23H1191899,,"1072,98370464","1072,98370464","0,4112",,,
2026-07-23,CRA024002S1,,"1039,1966408","1039,1966408","1,7177",,,
2026-07-23,CRA02400AHV,,"1017,10777747","1017,10777747","1,5064",,,
2026-07-23,CRA023000MC,,"1436,64949985","1436,64949985","4,206",,,
2026-07-23,CRA024001P7,,"966,45730091","966,45730091","5,0",,,
2026-07-23,CRA024007Q4,,"1063,47618261","1063,47618261","1,242",,,
2026-07-23,23C0247388,,"1066,38960426","1066,38960426","0,5484",,,
2026-07-23,23G0009601,,"1083,39362099","1083,39362099","0,2412",,,
2026-07-23,23C0247702,,"1087,08762693","1087,08762693","0,3475",,,
2026-07-23,CRA022008NF,,"1069,47197463","1069,47197463","1,0083",,,
2026-07-23,CRA023002GX,,"411,62584607","411,62584607","1,3517",,,
2026-07-23,23J1127308,,"990,0700141","990,0700141","4,1843",,,
2026-07-23,22C1235206,,"1017,3921801","1017,3921801","0,7006",,,
2026-07-23,CRA0220080Y,,"418,93661181","418,93661181","1,4917",,,
2026-07-23,CRA02300G7E,,"1058,18259447","1058,18259447","1,9317",,,
2026-07-23,CRA02300MJ9,,"1052,60351133","1052,60351133","1,5924",,,
2026-07-23,CRA024003UY,,"1003,77064006","1003,77064006","1,537",,,
2026-07-23,CRA0240020A,,"1047,5394162","1047,5394162","2,4879",,,
2026-07-23,CRA025009KJ,,"979,21443537","979,21443537","2,7028",,,
2026-07-23,24A2720884,,"935,13266437","935,13266437","5,0757",,,
2026-07-23,22L1465644,,"1004,19090699","1004,19090699","1,5988",,,
2026-07-23,CRA0230073L,,"784,66818405","784,66818405","1,0597",,,
2026-07-23,22J0000801,,,,,,,
2026-07-23,23F0012002,,,,,,,
2026-07-23,23L2043099,,"1024,31846595","1024,31846595","1,333",,,
2026-07-23,CRA02300VBT,,"1023,18376291","1023,18376291","1,3879",,,
2026-07-23,CRA022008NH,,"1083,11808483","1083,11808483","1,0114",,,
2026-07-23,CRA0230012X,,"1062,65994704","1062,65994704","1,9517",,,
2026-07-23,CRA0240005N,,"1005,54547111","1005,54547111","1,6506",,,
2026-07-23,24K0003002,,"994,01026219","994,01026219","3,3856",,,
2026-07-23,CRA02300Q8I,,"604,33060936","604,33060936","1,6344",,,
2026-07-23,23H1023846,,"951,52662038","951,52662038","1,2173",,,
2026-07-23,23J1333602,,"1013,68712197","1013,68712197","4,4976",,,
2026-07-23,CRA022001P6,,"1010,58259413","1010,58259413","1,3027",,,
2026-07-23,CRA022008C2,,"1065,11629043","1065,11629043","2,5885",,,
2026-07-23,CRA024000B7,,"963,84469989","963,84469989","3,4146",,,
2026-07-23,CRA02300BQD,,"581,6327997","581,6327997","5,423",,,
2026-07-23,CRA025000MJ,,"773,87119786","773,87119786","2,2514",,,
2026-07-23,22L1212138,,"910,7091802","910,7091802","2,1198",,,
2026-07-23,CRA02300KZL,,"799,68899087","799,68899087","0,8196",,,
2026-07-23,CRA024005K1,,"1016,21018836","1016,21018836","2,9686",,,
2026-07-23,CRA02300795,,"994,94624465","994,94624465","3,2678",,,
2026-07-23,CRA02300CCH,,"992,36498554","992,36498554","3,3577",,,
2026-07-23,CRA0250040I,,"1020,44755299","1020,44755299","2,7545",,,
2026-07-23,CRA0220099D,,"344,39901706","344,39901706","1,1546",,,
2026-07-23,CRA023003JX,,"868,58558403","868,58558403","2,1952",,,
2026-07-23,CRA0240086H,,"997,56507024","997,56507024","3,1184",,,
2026-07-23,CRA0250012Y,,"998,67290931","998,67290931","3,1658",,,
2026-07-23,23F0012602,,"625,32363317","625,32363317","3,4119",,,
2026-07-23,CRA022000RU,,"186,79647697","186,79647697","3,485",,,
2026-07-23,CRA024002MM,,"970,4997266","970,4997266","3,3863",,,
2026-07-23,CRA02400ECU,,"5027,72103959","5027,72103959","4,7806",,,
2026-07-23,CRA023001JL,,"581,48769293","581,48769293","4,0217",,,
2026-07-23,CRA02300KOH,,"771,61431394","771,61431394","3,0044",,,
2026-07-23,CRA02300JR6,,"473,58344257","473,58344257",,,,
2026-07-23,CRA019003JY,,"1365,26894948","1365,26894948","7,9289",,,
2026-07-23,CRA019003V3,,"674,42812638","674,42812638",,,,
2026-07-23,CRA021000MG,,"1281,42920349","1281,42920349","9,0614",,,
2026-07-23,CRA021000MH,,"1188,56488547","1188,56488547","9,1166",,,
2026-07-23,CRA02100002,,"706,51639912","706,51639912","10,8885",,,
2026-07-23,CRA020003K0,,,,,,,
2026-07-23,CRA021000MB,,"666,98377319","666,98377319","10,0246",,,
2026-07-23,CRA021001PQ,,"1167,90653009","1167,90653009","11,387",,,
2026-07-23,CRA019001E7,,"1423,14854395","1423,14854395","8,028",,,
2026-07-23,CRA021001VA,,"1064,87918528","1064,87918528","11,0006",,,
2026-07-23,21G0065100,,"1234,40210069","1234,40210069","8,7889",,,
2026-07-23,CRA0210013B,,"1042,46188407","1042,46188407","11,3756",,,
2026-07-23,CRA021001KB,,"1162,55527832","1162,55527832","8,7056",,,
2026-07-23,CRA021002SO,,"1227,70606631","1227,70606631","8,8255",,,
2026-07-23,21D0737500,,"861,05875369","861,05875369","8,8375",,,
2026-07-23,21D0862572,,"1052,59897618","1052,59897618","8,8214",,,
2026-07-23,21H1078699,,"1152,16228221","1152,16228221","11,3976",,,
2026-07-23,21H1078700,,"1048,47774185","1048,47774185","11,5498",,,
2026-07-23,CRA021000SC,,,,,,,
2026-07-23,CRA020002GZ,,"1370,89615427","1370,89615427","10,7904",,,
2026-07-23,21D0694886,,"863,40138153","863,40138153","10,3588",,,
2026-07-23,CRA021002NF,,"1199,20251187","1199,20251187","9,2749",,,
2026-07-23,CRA020001P7,,"610,68569704","610,68569704",,,,
2026-07-23,CRA021000RX,,"1216,13169284","1216,13169284","13,381",,,
2026-07-23,21I0278118,,"958,1745363","958,1745363","9,6824",,,
2026-07-23,21K0001806,,"1140,98089577","1140,98089577","8,5856",,,
2026-07-23,CRA021000RY,,"1197,41812003","1197,41812003","9,9465",,,
2026-07-23,CRA020002H1,,"1227,1322695","1227,1322695","11,9736",,,
2026-07-23,CRA022002Y1,,"606,11612756","606,11612756","8,9952",,,
2026-07-23,CRA020003PY,,"1164,84197529","1164,84197529","12,9778",,,
2026-07-23,21K0001812,,"837,45877198","837,45877198","16,7031",,,
2026-07-23,CRA021002YA,,"504,73128657","504,73128657","11,8071",,,
2026-07-23,CRA020001P8,,"608,43025484","608,43025484",,,,
2026-07-23,22D1289007,,"1126,73904814","1126,73904814","8,389",,,
2026-07-23,22D1289010,,"1194,38114694","1194,38114694","8,326",,,
2026-07-23,CRA022002Y2,,"1158,65725962","1158,65725962","9,4553",,,
2026-07-23,CRA022002XM,,,,,,,
2026-07-23,CRA022006N5,,"1077,56225077","1077,56225077","8,7224",,,
2026-07-23,22D1289008,,"1086,13870383","1086,13870383","8,565",,,
2026-07-23,CRA022002Y3,,"1119,00578101","1119,00578101","8,7497",,,
2026-07-23,CRA022002XN,,,,,,,
2026-07-23,21K0001807,,"1084,05948492","1084,05948492","8,5271",,,
2026-07-23,22K0001201,,"1145,86378784","1145,86378784","8,0572",,,
2026-07-23,23H0027403,,"1084,13840651","1084,13840651","8,7088",,,
2026-07-23,CRA022006MY,,,,,,,
2026-07-23,22K0001203,,"1142,4301128","1142,4301128","8,0344",,,
2026-07-23,22E1325262,,"1131,68396966","1131,68396966","9,3754",,,
2026-07-23,CRA021002YF,,"121,49577277","121,49577277","11,0672",,,
2026-07-23,CRA02300S35,,"944,67590156","944,67590156","12,8088",,,
2026-07-23,22C1362141,,"827,29595186","827,29595186","10,8835",,,
2026-07-23,22B0004808,,"894,57313802","894,57313802","16,6771",,,
2026-07-23,CRA022008N6,,"1119,25074591","1119,25074591","8,6922",,,
2026-07-23,22K0001204,,"1133,13958741","1133,13958741","7,7671",,,
2026-07-23,24B0013203,,"1043,24167003","1043,24167003","10,2776",,,
2026-07-23,CRA02300CYS,,"1045,82138274","1045,82138274","8,2446",,,
2026-07-23,22E1325264,,"1091,31902763","1091,31902763","9,4042",,,
2026-07-23,CRA024001P6,,"934,77120622","934,77120622","13,9195",,,
2026-07-23,22E1095384,,"1039,64060045","1039,64060045","12,7358",,,
2026-07-23,21J0001208,,"426,4373468","426,4373468","17,447",,,
2026-07-23,22F0009804,,"1079,32515294","1079,32515294","9,177",,,
2026-07-23,22F0009409,,"1076,68333448","1076,68333448","11,5731",,,
2026-07-23,CRA022003JT,,"1155,31985331","1155,31985331","9,6457",,,
2026-07-23,CRA022004MS,,"923,13635943","923,13635943","13,9405",,,
2026-07-23,23H0027404,,"1065,59747705","1065,59747705","8,7695",,,
2026-07-23,CRA022008NB,,"564,74385925","564,74385925",,,,
2026-07-23,22B0006022,,"1150,64022967","1150,64022967","12,5033",,,
2026-07-23,CRA024004SA,,"986,48263867","986,48263867","8,8743",,,
2026-07-23,22J0306937,,"998,34129068","998,34129068","14,1888",,,
2026-07-23,CRA02300G7F,,"1012,39494085","1012,39494085","11,3945",,,
2026-07-23,CRA022008C7,,"1184,28338991","1184,28338991","8,5306",,,
2026-07-23,24E1835896,,"1038,17374485","1038,17374485","8,6685",,,
2026-07-23,CRA022007KI,,"1084,39574028","1084,39574028","11,4368",,,
2026-07-23,CRA02300JG3,,"1099,29573861","1099,29573861","8,5133",,,
2026-07-23,CRA022008N7,,"1008,16083231","1008,16083231","9,6379",,,
2026-07-23,CRA022000XF,,"1059,35839268","1059,35839268","11,3006",,,
2026-07-23,CRA02300JG4,,"1064,58363246","1064,58363246","8,7105",,,
2026-07-23,24F1277567,,"1006,24749648","1006,24749648","9,1946",,,
2026-07-23,23L1737622,,"1044,96737431","1044,96737431","8,5644",,,
2026-07-23,22G1414303,,"1104,62642453","1104,62642453","11,5325",,,
2026-07-23,CRA022008ND,,"489,94643418","489,94643418",,,,
2026-07-23,CRA0240066J,,"991,96669325","991,96669325","9,6896",,,
2026-07-23,22J0306938,,"915,60380789","915,60380789","14,0595",,,
2026-07-23,CRA0240020C,,,,,,,
2026-07-23,CRA022007EP,,"1121,99789791","1121,99789791","7,9711",,,
2026-07-23,CRA024004SB,,"971,13875405","971,13875405","8,7161",,,
2026-07-23,CRA0240086K,,"955,50888835","955,50888835","9,6182",,,
2026-07-23,22K1520055,,,,,,,
2026-07-23,CRA024002ML,,"920,62209311","920,62209311","11,3156",,,
2026-07-23,22I0970804,,"1146,57229267","1146,57229267","9,4975",,,
2026-07-23,CRA0240066B,,"997,03889424","997,03889424","9,9925",,,
2026-07-23,CRA0220079D,,"1017,4350898","1017,4350898","11,2583",,,
2026-07-23,CRA0240086L,,"888,84680179","888,84680179","9,5302",,,
2026-07-23,CRA022006HK,,"1134,67199379","1134,67199379","8,8049",,,
2026-07-23,22I0970868,,"1108,51030129","1108,51030129","9,545",,,
2026-07-23,23L1737623,,"1033,98501898","1033,98501898","8,3356",,,
2026-07-23,CRA022004S9,,"854,60924324","854,60924324","12,5548",,,
2026-07-23,CRA021002N3,,"1272,06793164","1272,06793164","14,7359",,,
2026-07-23,CRA02300JG5,,"1037,72749198","1037,72749198","8,7097",,,
2026-07-23,CRA024004SC,,"909,87056497","909,87056497","9,4303",,,
2026-07-23,CRA022004XY,,"780,8099795","780,8099795","9,961",,,
2026-07-23,22F0009410,,"1009,66032862","1009,66032862","11,4566",,,
2026-07-23,23F1519397,,"1028,07404956","1028,07404956","14,2828",,,
2026-07-23,24G1674104,,"863,28008618","863,28008618","9,4026",,,
2026-07-23,CRA02200C6Y,,"1077,784624","1077,784624","11,4109",,,
2026-07-23,CRA024007PU,,"984,25335203","984,25335203","9,83",,,
2026-07-23,22K0934880,,"924,20979143","924,20979143","16,6692",,,
2026-07-23,CRA022006HE,,"1137,63958502","1137,63958502","10,4411",,,
2026-07-23,CRA023000RT,,,,,,,
2026-07-23,CRA022006BU,,"660,83727748","660,83727748","11,7955",,,
2026-07-23,CRA0220073P,,"1029,91839722","1029,91839722","13,08",,,
2026-07-23,CRA0240066K,,"917,05715134","917,05715134","11,1523",,,
2026-07-23,22K0934889,,"740,57341782","740,57341782","17,0111",,,
2026-07-23,CRA024001QA,,"1101,21583982","1101,21583982","9,7782",,,
2026-07-23,CRA024007Q5,,"1049,12544241","1049,12544241","10,0465",,,
2026-07-23,CRA02200C6Z,,"1030,68874002","1030,68874002","11,431",,,
2026-07-23,24A2721507,,"928,24077296","928,24077296","13,6141",,,
2026-07-23,CRA022006HF,,"1067,20694885","1067,20694885","10,4778",,,
2026-07-23,CRA024009Q4,,"907,09771792","907,09771792","11,399",,,
2026-07-23,22E1314836,,"1132,98218183","1132,98218183","10,8",,,
2026-07-23,CRA022001E2,,"1186,95270181","1186,95270181","12,0924",,,
2026-07-23,CRA022004SD,,"1133,57779834","1133,57779834","12,1775",,,
2026-07-23,CRA02400AHZ,,"945,52258638","945,52258638","10,3783",,,
2026-07-23,24J2539865,,"998,67104224","998,67104224","9,5698",,,
2026-07-23,CRA0240005O,,"1099,38491701","1099,38491701","9,4642",,,
2026-07-23,CRA022004H5,,"800,50516529","800,50516529","9,2352",,,
2026-07-23,23L2043184,,"1049,38635776","1049,38635776","10,2929",,,
2026-07-23,CRA024009Q5,,"863,57493216","863,57493216","11,1045",,,
2026-07-23,CRA02300MOQ,,"1035,30888824","1035,30888824","11,9078",,,
2026-07-23,23L0034761,,"882,70707479","882,70707479","11,6004",,,
2026-07-23,CRA021003VT,,,,,,,
2026-07-23,CRA0250080Y,,"946,51146469","946,51146469","9,1679",,,
2026-07-23,25D0012204,,"1025,06882457","1025,06882457","8,8753",,,
2026-07-23,23J1127331,,"897,68852173","897,68852173","13,7043",,,
2026-07-23,CRA0250080X,,"970,40146633","970,40146633","9,3837",,,
2026-07-23,CRA02400AYK,,"1010,20720843","1010,20720843","10,3491",,,
2026-07-23,CRA0230073N,,"1002,52723066","1002,52723066","8,7766",,,
2026-07-23,CRA025003PJ,,"878,09389426","878,09389426","9,6979",,,
2026-07-23,CRA024003UZ,,"1056,30391691","1056,30391691","9,6475",,,
2026-07-23,CRA021004NV,,"422,64917127","422,64917127","12,446",,,
2026-07-23,CRA0250066B,,"859,69018334","859,69018334","11,2576",,,
2026-07-23,22E1321749,,"1140,12262173","1140,12262173","10,0981",,,
2026-07-23,CRA0240005P,,"1080,80769906","1080,80769906","9,3029",,,
2026-07-23,22E1321750,,"1114,3514523","1114,3514523","9,7934",,,
2026-07-23,CRA0250020C,,"901,40994158","901,40994158","11,2161",,,
2026-07-23,CRA02200795,,"577,12722372","577,12722372","11,974",,,
2026-07-23,CRA0250020D,,"904,13739357","904,13739357","10,7335",,,
2026-07-23,CRA0250018K,,"885,65794412","885,65794412","11,105",,,
2026-07-23,CRA0250018L,,"912,91473536","912,91473536","10,3957",,,
2026-07-23,CRA0240099F,,"1033,0632446","1033,0632446","10,0852",,,
2026-07-23,CRA0250020E,,"923,11208001","923,11208001","10,2632",,,
2026-07-23,CRA02500BVX,,"771,87362274","771,87362274","11,6868",,,
2026-07-23,CRA025008C2,,"984,51313501","984,51313501","10,0066",,,
2026-07-23,CRA02400AHX,,"1017,48041735","1017,48041735","10,2071",,,
2026-07-23,CRA025008HR,,,,,,,
2026-07-23,CRA025006NC,,"981,7068248","981,7068248","10,3201",,,
2026-07-23,CRA02300796,,"1073,13525786","1073,13525786","11,9524",,,
2026-07-23,CRA023003JY,,"1127,85285757","1127,85285757","10,7849",,,
2026-07-23,23F2455004,,"960,03018363","960,03018363","17,027",,,
2026-07-23,23I1259644,,"867,31233849","867,31233849","19,2667",,,
2026-07-23,23J1141681,,"966,28650976","966,28650976","14,9902",,,
2026-07-23,23K0018801,,"913,19920108","913,19920108","14,7895",,,
2026-07-23,23K0022030,,,,,,,
2026-07-23,23K0022041,,"990,1737707","990,1737707","14,7633",,,
2026-07-23,24H0022053,,,,,,,
2026-07-23,25D0271049,,"998,74994258","998,74994258","15,64",,,
2026-07-23,CRA02300G7D,,"996,78477066","996,78477066","16,5098",,,
2026-07-23,CRA02300HWK,,"962,95693073","962,95693073","13,7982",,,
2026-07-23,CRA02300JR7,,"449,25823537","449,25823537",,,,
2026-07-23,CRA02300SPD,,"884,11797005","884,11797005","17,9886",,,
2026-07-23,CRA02300SUZ,,"830,70630229","830,70630229","19,9458",,,
2026-07-23,CRA024000B8,,"863,64153394","863,64153394","18,826",,,
2026-07-23,CRA024001P5,,,,,,,
2026-07-23,CRA0240020B,,,,,,,
2026-07-23,CRA024002MH,,"937,58728062","937,58728062","15,6483",,,
2026-07-23,CRA024002S2,,"907,47053256","907,47053256","18,8684",,,
2026-07-23,CRA024002S3,,"859,29432463","859,29432463","18,5416",,,
2026-07-23,CRA024005K2,,,,,,,
2026-07-23,CRA0240066D,,"938,42718644","938,42718644","18,0269",,,
2026-07-23,CRA0240066G,,"887,91832839","887,91832839","17,0589",,,
2026-07-23,CRA024007PT,,"931,76861148","931,76861148","16,5226",,,
2026-07-23,CRA024007Q3,,"957,36834333","957,36834333","16,8387",,,
2026-07-23,CRA024009Q3,,"922,23597354","922,23597354","16,8598",,,
2026-07-23,CRA02400AHY,,"904,53489598","904,53489598","17,0994",,,
2026-07-23,CRA02400AYM,,"946,16824592","946,16824592","17,6277",,,
2026-07-23,CRA02400AYP,,"894,61720747","894,61720747","18,2176",,,
2026-07-23,CRA02500001,,"988,85250735","988,85250735","16,0318",,,
2026-07-23,CRA0250012X,,"1005,53743903","1005,53743903","17,787",,,
2026-07-23,CRA0250018I,,"953,55458397","953,55458397","17,1438",,,
2026-07-23,CRA025002S3,,"965,92556754","965,92556754","18,7669",,,
2026-07-23,CRA025002S4,,"929,94414271","929,94414271","19,1625",,,
2026-07-23,CRA0250040J,,"982,25141486","982,25141486","19,7305",,,
2026-07-23,CRA025005EH,,"977,71762618","977,71762618","15,8885",,,
2026-07-23,CRA025005V7,,"867,61697542","867,61697542","18,576",,,
2026-07-23,CRA025005V8,,"862,50383575","862,50383575","18,6093",,,
2026-07-23,CRA0250066A,,"898,96042914","898,96042914","17,0258",,,
2026-07-23,CRA025006NB,,"942,87563343","942,87563343","16,4078",,,
2026-07-23,CRA025006SS,,,,,,,
2026-07-23,CRA025007KE,,"979,69704192","979,69704192","16,5366",,,
2026-07-23,CRA025007KK,,"1003,54383204","1003,54383204","15,2998",,,
2026-07-23,CRA025008C1,,,,,,,
2026-07-23,CRA025008NA,,"970,45495375","970,45495375","15,9533",,,
2026-07-23,CRA025008ND,,"961,53294864","961,53294864","16,0744",,,
2026-07-23,CRA025009VO,,,,,,,
2026-07-23,CRA02500A15,,"958,86917028","958,86917028","16,4898",,,
2026-07-23,CRA02500AHU,,"1004,70923024","1004,70923024","15,6706",,,
2026-07-23,CRA026001JM,,"940,92392645","940,92392645","16,8403",,,
2026-07-22,CRA019003V2,,"435,87512096","435,87512096",,,,
2026-07-22,CRA024004H7,,"1037,49887708","1037,49887708","99,9891",,,
2026-07-22,CRA0250018H,,"1015,3400541","1015,3400541","105,173",,,
2026-07-22,CRA02500BVT,,"1040,05410799","1040,05410799","107,4191",,,
2026-07-22,25I2731571,,"1018,66211602","1018,66211602","103,7311",,,
2026-07-22,24D2765715,,"1044,71120477","1044,71120477","99,2333",,,
2026-07-22,CRA023007VD,,"1015,33920987","1015,33920987","97,2377",,,
2026-07-22,24D3313768,,"1024,64975281","1024,64975281","98,4133",,,
2026-07-22,25G5109813,,"951,13729251","951,13729251","114,3827",,,
2026-07-22,CRA023003UX,,"1054,51282642","1054,51282642","95,5833",,,
2026-07-22,CRA02500669,,"1111,40971899","1111,40971899","109,1911",,,
2026-07-22,CRA025008HM,,"1023,93914416","1023,93914416","107,3377",,,
2026-07-22,25F0010202,,,,,,,
2026-07-22,24F1277566,,"1014,15042365","1014,15042365","99,6706",,,
2026-07-22,CRA02300209,,"1007,58044409","1007,58044409","95,2883",,,
2026-07-22,CRA025008N8,,"1023,31010367","1023,31010367","106,9891",,,
2026-07-22,22J0346710,,"1008,31373495","1008,31373495","95,1816",,,
2026-07-22,CRA0240066A,,"1010,48000726","1010,48000726","105,33",,,
2026-07-22,CRA025006SR,,"984,36645296","984,36645296","107,5201",,,
2026-07-22,CRA025007KD,,"1024,92668972","1024,92668972","109,8108",,,
2026-07-22,25F2573710,,,,,,,
2026-07-22,CRA025002S1,,"976,10529289","976,10529289","120,2788",,,
2026-07-22,CRA025005V5,,"943,26436596","943,26436596","118,9375",,,
2026-07-22,24D0006602,,"1057,59523238","1057,59523238","98,934",,,
2026-07-22,25E0013305,,"1033,36492597","1033,36492597","103,35",,,
2026-07-22,CRA02300TSB,,"1060,53579053","1060,53579053","98,1544",,,
2026-07-22,CRA02400AYL,,"983,8757749","983,8757749","116,7538",,,
2026-07-22,CRA025008C3,,"975,2876292","975,2876292","112,2477",,,
2026-07-22,CRA025005EI,,"990,57906772","990,57906772","108,0",,,
2026-07-22,23K0018802,,"1031,00809636","1031,00809636","98,6983",,,
2026-07-22,CRA025006NA,,"985,24784634","985,24784634","110,6811",,,
2026-07-22,23K0019201,,"1044,95025783","1044,95025783","99,9911",,,
2026-07-22,CRA026001JL,,"981,55516552","981,55516552","111,5777",,,
2026-07-22,25H0243072,,"997,46926197","997,46926197","108,2481",,,
2026-07-22,CRA02300NRL,,"1084,40512167","1084,40512167","98,2208",,,
2026-07-22,CRA025003UZ,,"1011,94214545","1011,94214545","108,4255",,,
2026-07-22,CRA02300CYQ,,"1078,00946105","1078,00946105","97,3466",,,
2026-07-22,CRA02300HWH,,"1119,12414692","1119,12414692","98,7855",,,
2026-07-22,24I1980390,,"1002,92222656","1002,92222656","120,5044",,,
2026-07-22,25B3099731,,"1043,13784175","1043,13784175","99,3136",,,
2026-07-22,25D0012202,,"1026,15974191","1026,15974191","98,7355",,,
2026-07-22,25J4546988,,"1003,15834058","1003,15834058","100,0458",,,
2026-07-22,25D0012203,,"1022,95479407","1022,95479407","100,0008",,,
2026-07-22,26C3164285,,"995,77595762","995,77595762","98,5466",,,
2026-07-22,CRA025003PD,,"978,45701936","978,45701936","103,2711",,,
2026-07-22,24H1684874,,"1056,90259646","1056,90259646","97,0716",,,
2026-07-22,24D2765586,,"690,02407331","690,02407331","98,3833",,,
2026-07-22,25G3629974,,"985,22954781","985,22954781","102,0516",,,
2026-07-22,25I0014209,,,,,,,
2026-07-22,25K0012820,,,,,,,
2026-07-22,CRA024004H5,,"1035,93334613","1035,93334613","98,8308",,,
2026-07-22,25G3629975,,"980,90303784","980,90303784","103,3144",,,
2026-07-22,24E1393588,,"1024,05545603","1024,05545603","99,49",,,
2026-07-22,CRA024009Q2,,"988,65098257","988,65098257","1,6695",,,
2026-07-22,22D1289009,,"1014,99590841","1014,99590841","0,3742",,,
2026-07-22,CRA02400AYN,,"950,65973062","950,65973062","2,4659",,,
2026-07-22,CRA02500003,,"978,01162086","978,01162086","1,2906",,,
2026-07-22,CRA0250018J,,"965,19712","965,19712","1,9798",,,
2026-07-22,CRA025007PT,,"1019,63349727","1019,63349727","1,0086",,,
2026-07-22,CRA02300Q2Y,,,,,,,
2026-07-22,CRA025002S2,,"960,50264326","960,50264326","2,527",,,
2026-07-22,23J0019601,,,,,,,
2026-07-22,23K0018602,,"1008,64991414","1008,64991414","0,3898",,,
2026-07-22,24B0013201,,"1049,86038516","1049,86038516","1,4046",,,
2026-07-22,23H1188857,,"1056,13126249","1056,13126249","0,1515",,,
2026-07-22,CRA02300RS5,,"998,07894439","998,07894439","2,0776",,,
2026-07-22,22C0023008,,"528,67496246","528,67496246","0,1293",,,
2026-07-22,23K0018401,,"1033,11368592","1033,11368592","0,3782",,,
2026-07-22,CRA02300GCY,,,,,,,
2026-07-22,CRA025005V6,,,,,,,
2026-07-22,22E1325261,,"1064,29499006","1064,29499006","0,5278",,,
2026-07-22,22F0230096,,"1021,03854626","1021,03854626","0,2282",,,
2026-07-22,22K0934871,,"938,92386073","938,92386073","7,04",,,
2026-07-22,22I0970801,,"1056,00925607","1056,00925607","0,3553",,,
2026-07-22,22J0305579,,"994,25875604","994,25875604","4,7752",,,
2026-07-22,CRA02300JG2,,"1056,25503215","1056,25503215","0,5362",,,
2026-07-22,CRA02300NRM,,"1044,66427701","1044,66427701","0,4059",,,
2026-07-22,CRA0240066F,,"986,02289266","986,02289266","2,0282",,,
2026-07-22,22E1315701,,"1002,88455531","1002,88455531","0,8388",,,
2026-07-22,23J1142031,,"1040,65160673","1040,65160673","0,7822",,,
2026-07-22,CRA022008NC,,"1058,17519847","1058,17519847","1,2335",,,
2026-07-22,CRA023000GP,,"953,89557467","953,89557467","4,6257",,,
2026-07-22,CRA024007K9,,"989,40849049","989,40849049","1,5385",,,
2026-07-22,22F0315398,,"1022,74154549","1022,74154549","0,4828",,,
2026-07-22,CRA024002MJ,,"1027,57440556","1027,57440556","2,0425",,,
2026-07-22,23H0027402,,"1078,31635056","1078,31635056","0,1774",,,
2026-07-22,CRA022006HJ,,"1000,97363528","1000,97363528","1,2006",,,
2026-07-22,CRA022008C9,,"1057,33337121","1057,33337121","0,7135",,,
2026-07-22,CRA022008CB,,"990,83286919","990,83286919","1,3985",,,
2026-07-22,23H1191899,,"1072,06072238","1072,06072238","0,4242",,,
2026-07-22,CRA024002S1,,"1041,98871721","1041,98871721","1,5621",,,
2026-07-22,CRA02400AHV,,"1016,11804953","1016,11804953","1,5208",,,
2026-07-22,CRA023000MC,,"1437,15170411","1437,15170411","4,1748",,,
2026-07-22,CRA024001P7,,"965,57318086","965,57318086","5,0",,,
2026-07-22,CRA024007Q4,,"1061,92273148","1061,92273148","1,276",,,
2026-07-22,23C0247388,,"1065,16044577","1065,16044577","0,5915",,,
2026-07-22,23G0009601,,"1082,83306142","1082,83306142","0,2398",,,
2026-07-22,23C0247702,,"1086,73825829","1086,73825829","0,3416",,,
2026-07-22,CRA022008NF,,"1068,76907753","1068,76907753","1,0182",,,
2026-07-22,CRA023002GX,,"411,39375547","411,39375547","1,3509",,,
2026-07-22,23J1127308,,"988,27896864","988,27896864","4,2436",,,
2026-07-22,22C1235206,,"1016,70545716","1016,70545716","0,7182",,,
2026-07-22,CRA0220080Y,,"418,61937609","418,61937609","1,5078",,,
2026-07-22,CRA02300G7E,,"1057,39297579","1057,39297579","1,9399",,,
2026-07-22,CRA02300MJ9,,"1052,56845431","1052,56845431","1,5613",,,
2026-07-22,CRA024003UY,,"1003,04267394","1003,04267394","1,5446",,,
2026-07-22,CRA0240020A,,"1045,54967221","1045,54967221","2,5505",,,
2026-07-22,CRA025009KJ,,"978,56861281","978,56861281","2,7015",,,
2026-07-22,24A2720884,,"934,77927716","934,77927716","5,0546",,,
2026-07-22,22L1465644,,"1004,28916927","1004,28916927","1,5436",,,
2026-07-22,CRA0230073L,,"784,48177684","784,48177684","1,0237",,,
2026-07-22,22J0000801,,,,,,,
2026-07-22,23F0012002,,"678,24737166","678,24737166","1,1787",,,
2026-07-22,23L2043099,,"1024,19235987","1024,19235987","1,3112",,,
2026-07-22,CRA02300VBT,,"1022,62732899","1022,62732899","1,3867",,,
2026-07-22,CRA022008NH,,"1082,54414355","1082,54414355","1,0107",,,
2026-07-22,CRA0230012X,,"1062,03498594","1062,03498594","1,9509",,,
2026-07-22,CRA0240005N,,"1005,20549416","1005,20549416","1,632",,,
2026-07-22,24K0003002,,"987,83353466","987,83353466","3,6351",,,
2026-07-22,CRA02300Q8I,,"604,00710045","604,00710045","1,6313",,,
2026-07-22,23H1023846,,"951,49531652","951,49531652","1,1999",,,
2026-07-22,23J1333602,,"1012,91607932","1012,91607932","4,5021",,,
2026-07-22,CRA022001P6,,"1023,39920472","1023,39920472","1,3009",,,
2026-07-22,CRA022008C2,,"1063,83789812","1063,83789812","2,7039",,,
2026-07-22,CRA024000B7,,"961,16331423","961,16331423","3,4861",,,
2026-07-22,CRA02300BQD,,"581,08043471","581,08043471","5,4399",,,
2026-07-22,CRA025000MJ,,"773,40842557","773,40842557","2,2506",,,
2026-07-22,22L1212138,,"910,19647295","910,19647295","2,1192",,,
2026-07-22,CRA02300KZL,,"799,28190678","799,28190678","0,8186",,,
2026-07-22,CRA024005K1,,"1017,10155199","1017,10155199","2,8986",,,
2026-07-22,CRA02300795,,"994,08936962","994,08936962","3,2757",,,
2026-07-22,CRA02300CCH,,"991,89492905","991,89492905","3,3495",,,
2026-07-22,CRA0250040I,,"1019,74991493","1019,74991493","2,7581",,,
2026-07-22,CRA0220099D,,"344,21609372","344,21609372","1,1507",,,
2026-07-22,CRA023003JX,,"868,04882399","868,04882399","2,1967",,,
2026-07-22,CRA0240086H,,"1008,194463","1008,194463","3,2613",,,
2026-07-22,CRA0250012Y,,"998,84529825","998,84529825","3,1392",,,
2026-07-22,23F0012602,,"624,96854136","624,96854136","3,4022",,,
2026-07-22,CRA022000RU,,"186,64508553","186,64508553","3,5303",,,
2026-07-22,CRA024002MM,,"969,92307605","969,92307605","3,3827",,,
2026-07-22,CRA02400ECU,,"5015,34406096","5015,34406096","4,882",,,
2026-07-22,CRA023001JL,,"581,10907385","581,10907385","4,0199",,,
2026-07-22,CRA02300KOH,,"771,1337847","771,1337847","3,0043",,,
2026-07-22,CRA02300JR6,,"483,40185171","483,40185171",,,,
2026-07-22,CRA019003JY,,"1362,8054593","1362,8054593","8,0126",,,
2026-07-22,CRA019003V3,,"673,34301691","673,34301691",,,,
2026-07-22,CRA021000MG,,"1280,3699164","1280,3699164","9,0899",,,
2026-07-22,CRA021000MH,,"1188,71464975","1188,71464975","9,0986",,,
2026-07-22,CRA02100002,,"705,6478072","705,6478072","10,9915",,,
2026-07-22,CRA020003K0,,,,,,,
2026-07-22,CRA021000MB,,"666,44962093","666,44962093","10,0814",,,
2026-07-22,CRA021001PQ,,"1167,55961681","1167,55961681","11,3735",,,
2026-07-22,CRA019001E7,,"1421,76630175","1421,76630175","8,0673",,,
2026-07-22,CRA021001VA,,"1066,66445517","1066,66445517","10,9325",,,
2026-07-22,21G0065100,,"1232,66915875","1232,66915875","8,8467",,,
2026-07-22,CRA0210013B,,"1046,51800396","1046,51800396","11,2588",,,
2026-07-22,CRA021001KB,,"1158,44835547","1158,44835547","8,8",,,
2026-07-22,CRA021002SO,,"1225,87639439","1225,87639439","8,8823",,,
2026-07-22,21D0737500,,"860,21069215","860,21069215","8,8884",,,
2026-07-22,21D0862572,,"1053,69009077","1053,69009077","8,7981",,,
2026-07-22,21H1078699,,"1149,50618384","1149,50618384","11,4924",,,
2026-07-22,21H1078700,,"1047,70460297","1047,70460297","11,556",,,
2026-07-22,CRA021000SC,,,,,,,
2026-07-22,CRA020002GZ,,"1370,28145808","1370,28145808","10,7837",,,
2026-07-22,21D0694886,,"862,53574581","862,53574581","10,4072",,,
2026-07-22,CRA021002NF,,"1197,89250707","1197,89250707","9,2955",,,
2026-07-22,CRA020001P7,,"610,68569704","610,68569704",,,,
2026-07-22,CRA021000RX,,"1222,2375879","1222,2375879","12,9947",,,
2026-07-22,21I0278118,,"956,11273852","956,11273852","9,8596",,,
2026-07-22,21K0001806,,"1140,08462089","1140,08462089","8,5957",,,
2026-07-22,CRA021000RY,,"1192,32135133","1192,32135133","10,0736",,,
2026-07-22,CRA020002H1,,"1235,63176356","1235,63176356","11,665",,,
2026-07-22,CRA022002Y1,,"605,52602604","605,52602604","9,0886",,,
2026-07-22,CRA020003PY,,"1161,02027366","1161,02027366","13,0818",,,
2026-07-22,21K0001812,,"850,43083264","850,43083264","16,2473",,,
2026-07-22,CRA021002YA,,"504,2285564","504,2285564","11,8899",,,
2026-07-22,CRA020001P8,,"607,55199947","607,55199947",,,,
2026-07-22,22D1289007,,"1123,14799986","1123,14799986","8,5018",,,
2026-07-22,22D1289010,,"1192,92681795","1192,92681795","8,4257",,,
2026-07-22,CRA022002Y2,,"1157,2632147","1157,2632147","9,4966",,,
2026-07-22,CRA022002XM,,,,,,,
2026-07-22,CRA022006N5,,"1077,57158235","1077,57158235","8,711",,,
2026-07-22,22D1289008,,"1084,37856506","1084,37856506","8,5959",,,
2026-07-22,CRA022002Y3,,"1116,47684417","1116,47684417","8,8001",,,
2026-07-22,CRA022002XN,,"1015,7741727","1015,7741727","8,8763",,,
2026-07-22,21K0001807,,"1084,74756968","1084,74756968","8,5107",,,
2026-07-22,22K0001201,,"1145,27626264","1145,27626264","8,0606",,,
2026-07-22,23H0027403,,"1083,61840676","1083,61840676","8,7103",,,
2026-07-22,CRA022006MY,,,,,,,
2026-07-22,22K0001203,,"1140,90757685","1140,90757685","8,054",,,
2026-07-22,22E1325262,,"1129,28236566","1129,28236566","9,4422",,,
2026-07-22,CRA021002YF,,"121,44843323","121,44843323","11,0115",,,
2026-07-22,CRA02300S35,,"959,70573686","959,70573686","12,256",,,
2026-07-22,22C1362141,,"827,74269657","827,74269657","10,8473",,,
2026-07-22,22B0004808,,"895,86895286","895,86895286","16,6089",,,
2026-07-22,CRA022008N6,,"1116,77252717","1116,77252717","8,7375",,,
2026-07-22,22K0001204,,"1132,08112501","1132,08112501","7,775",,,
2026-07-22,24B0013203,,"1044,45093077","1044,45093077","10,2106",,,
2026-07-22,CRA02300CYS,,"1043,24301229","1043,24301229","8,284",,,
2026-07-22,22E1325264,,"1090,61235705","1090,61235705","9,4092",,,
2026-07-22,CRA024001P6,,"935,77792354","935,77792354","13,8559",,,
2026-07-22,22E1095384,,"1041,97790692","1041,97790692","12,6213",,,
2026-07-22,21J0001208,,"426,43039735","426,43039735","17,1007",,,
2026-07-22,22F0009804,,"1079,03854572","1079,03854572","9,1722",,,
2026-07-22,22F0009409,,"1073,8530431","1073,8530431","11,6802",,,
2026-07-22,CRA022003JT,,"1153,23464434","1153,23464434","9,7339",,,
2026-07-22,CRA022004MS,,"924,20213428","924,20213428","13,8897",,,
2026-07-22,23H0027404,,"1064,90247131","1064,90247131","8,7744",,,
2026-07-22,CRA022008NB,,"563,89962587","563,89962587",,,,
2026-07-22,22B0006022,,"1148,20892137","1148,20892137","12,5962",,,
2026-07-22,CRA024004SA,,"984,08133448","984,08133448","8,9105",,,
2026-07-22,22J0306937,,"994,87536352","994,87536352","14,3029",,,
2026-07-22,CRA02300G7F,,"1013,32650224","1013,32650224","11,3479",,,
2026-07-22,CRA022008C7,,"1182,57821239","1182,57821239","8,5861",,,
2026-07-22,24E1835896,,"1037,9089383","1037,9089383","8,6642",,,
2026-07-22,CRA022007KI,,"1082,86342903","1082,86342903","11,475",,,
2026-07-22,CRA02300JG3,,"1095,81987966","1095,81987966","8,5966",,,
2026-07-22,CRA022008N7,,"1011,17216779","1011,17216779","9,584",,,
2026-07-22,CRA022000XF,,"1059,11266636","1059,11266636","11,2921",,,
2026-07-22,CRA02300JG4,,"1061,71492248","1061,71492248","8,7605",,,
2026-07-22,24F1277567,,"1006,24657914","1006,24657914","9,182",,,
2026-07-22,23L1737622,,"1048,88518143","1048,88518143","8,4771",,,
2026-07-22,22G1414303,,"1103,51087513","1103,51087513","11,5549",,,
2026-07-22,CRA022008ND,,"504,89410076","504,89410076",,,,
2026-07-22,CRA0240066J,,"992,30078215","992,30078215","9,6672",,,
2026-07-22,22J0306938,,"916,5272472","916,5272472","14,0153",,,
2026-07-22,CRA0240020C,,,,,,,
2026-07-22,CRA022007EP,,"1122,392459","1122,392459","7,9576",,,
2026-07-22,CRA024004SB,,"967,23018333","967,23018333","8,7657",,,
2026-07-22,CRA0240086K,,"955,93079397","955,93079397","9,6018",,,
2026-07-22,22K1520055,,,,,,,
2026-07-22,CRA024002ML,,"922,39711817","922,39711817","11,2622",,,
2026-07-22,22I0970804,,"1145,43926118","1145,43926118","9,5182",,,
2026-07-22,CRA0240066B,,"996,90132324","996,90132324","9,9826",,,
2026-07-22,CRA0220079D,,"1020,42374611","1020,42374611","11,1662",,,
2026-07-22,CRA0240086L,,"888,03806796","888,03806796","9,5357",,,
2026-07-22,CRA022006HK,,"1132,22921084","1132,22921084","8,8745",,,
2026-07-22,22I0970868,,"1108,08411463","1108,08411463","9,543",,,
2026-07-22,23L1737623,,"1031,85242897","1031,85242897","8,3585",,,
2026-07-22,CRA022004S9,,"853,41583518","853,41583518","12,569",,,
2026-07-22,CRA021002N3,,"1272,05717493","1272,05717493","14,4242",,,
2026-07-22,CRA02300JG5,,"1033,7176145","1033,7176145","8,7597",,,
2026-07-22,CRA024004SC,,"910,26003602","910,26003602","9,4195",,,
2026-07-22,CRA022004XY,,"779,82843887","779,82843887","10,0304",,,
2026-07-22,22F0009410,,"1008,62484897","1008,62484897","11,4703",,,
2026-07-22,23F1519397,,"1026,06864166","1026,06864166","14,3695",,,
2026-07-22,24G1674104,,"863,91223982","863,91223982","9,3748",,,
2026-07-22,CRA02200C6Y,,"1071,00144594","1071,00144594","11,637",,,
2026-07-22,CRA024007PU,,"983,28513681","983,28513681","9,8405",,,
2026-07-22,22K0934880,,"933,04036069","933,04036069","16,2706",,,
2026-07-22,CRA022006HE,,"1136,24569988","1136,24569988","10,4875",,,
2026-07-22,CRA023000RT,,,,,,,
2026-07-22,CRA022006BU,,"661,34886212","661,34886212","11,7139",,,
2026-07-22,CRA0220073P,,"1032,06211836","1032,06211836","12,9681",,,
2026-07-22,CRA0240066K,,"917,88699669","917,88699669","11,1225",,,
2026-07-22,22K0934889,,"752,44286749","752,44286749","16,6419",,,
2026-07-22,CRA024001QA,,"1100,11598649","1100,11598649","9,805",,,
2026-07-22,CRA024007Q5,,"1048,73741375","1048,73741375","10,0436",,,
2026-07-22,CRA02200C6Z,,"1031,40176544","1031,40176544","11,3988",,,
2026-07-22,24A2721507,,"920,72053443","920,72053443","13,864",,,
2026-07-22,CRA022006HF,,"1067,39780127","1067,39780127","10,4595",,,
2026-07-22,CRA024009Q4,,"908,57499954","908,57499954","11,3545",,,
2026-07-22,22E1314836,,"1130,42175136","1130,42175136","10,9019",,,
2026-07-22,CRA022001E2,,"1186,00696289","1186,00696289","12,1119",,,
2026-07-22,CRA022004SD,,"1132,11264216","1132,11264216","12,2278",,,
2026-07-22,CRA02400AHZ,,"953,3242599","953,3242599","10,2046",,,
2026-07-22,24J2539865,,"999,41554455","999,41554455","9,5463",,,
2026-07-22,CRA0240005O,,"1098,04507165","1098,04507165","9,5242",,,
2026-07-22,CRA022004H5,,"799,31146359","799,31146359","9,3334",,,
2026-07-22,23L2043184,,"1047,51048704","1047,51048704","10,3354",,,
2026-07-22,CRA024009Q5,,"872,16158385","872,16158385","10,949",,,
2026-07-22,CRA02300MOQ,,"1033,37796185","1033,37796185","11,9553",,,
2026-07-22,23L0034761,,"883,95052883","883,95052883","11,5516",,,
2026-07-22,CRA021003VT,,,,,,,
2026-07-22,CRA0250080Y,,"946,09478823","946,09478823","9,1678",,,
2026-07-22,25D0012204,,"1027,8088792","1027,8088792","8,7962",,,
2026-07-22,23J1127331,,"897,05235172","897,05235172","13,7067",,,
2026-07-22,CRA0250080X,,"969,96494261","969,96494261","9,3836",,,
2026-07-22,CRA02400AYK,,"1009,63935388","1009,63935388","10,3513",,,
2026-07-22,CRA0230073N,,"1000,62548738","1000,62548738","8,8654",,,
2026-07-22,CRA025003PJ,,"884,04149948","884,04149948","9,622",,,
2026-07-22,CRA024003UZ,,"1057,63253703","1057,63253703","9,5883",,,
2026-07-22,CRA021004NV,,"422,57379629","422,57379629","12,309",,,
2026-07-22,CRA0250066B,,"865,31608973","865,31608973","11,1336",,,
2026-07-22,22E1321749,,"1138,18181014","1138,18181014","10,1574",,,
2026-07-22,CRA0240005P,,"1078,29079539","1078,29079539","9,3625",,,
2026-07-22,22E1321750,,"1112,4177226","1112,4177226","9,8271",,,
2026-07-22,CRA0250020C,,"905,90317709","905,90317709","11,1152",,,
2026-07-22,CRA02200795,,"576,47552758","576,47552758","12,0423",,,
2026-07-22,CRA0250020D,,"909,42671733","909,42671733","10,64",,,
2026-07-22,CRA0250018K,,"894,53015802","894,53015802","10,9484",,,
2026-07-22,CRA0250018L,,"911,38903383","911,38903383","10,4107",,,
2026-07-22,CRA0240099F,,"1033,22148076","1033,22148076","10,0705",,,
2026-07-22,CRA0250020E,,"925,60561016","925,60561016","10,223",,,
2026-07-22,CRA02500BVX,,"773,84189932","773,84189932","11,649",,,
2026-07-22,CRA025008C2,,"982,89109992","982,89109992","10,0342",,,
2026-07-22,CRA02400AHX,,"1015,23167625","1015,23167625","10,2429",,,
2026-07-22,CRA025008HR,,,,,,,
2026-07-22,CRA025006NC,,"982,05701557","982,05701557","10,2988",,,
2026-07-22,CRA02300796,,"1071,73561282","1071,73561282","11,9828",,,
2026-07-22,CRA023003JY,,"1125,82053836","1125,82053836","10,8606",,,
2026-07-22,23F2455004,,"959,91741398","959,91741398","16,9643",,,
2026-07-22,23I1259644,,"867,93914187","867,93914187","19,2123",,,
2026-07-22,23J1141681,,"967,3977735","967,3977735","14,8906",,,
2026-07-22,23K0018801,,"914,94206669","914,94206669","14,6923",,,
2026-07-22,23K0022030,,,,,,,
2026-07-22,23K0022041,,"989,5391249","989,5391249","14,77",,,
2026-07-22,24H0022053,,,,,,,
2026-07-22,25D0271049,,"999,77870237","999,77870237","15,5896",,,
2026-07-22,CRA02300G7D,,"997,25163042","997,25163042","16,3826",,,
2026-07-22,CRA02300HWK,,"964,63095962","964,63095962","13,7441",,,
2026-07-22,CRA02300JR7,,"454,9526075","454,9526075",,,,
2026-07-22,CRA02300SPD,,"886,48813523","886,48813523","17,8583",,,
2026-07-22,CRA02300SUZ,,"834,49687176","834,49687176","19,7348",,,
2026-07-22,CRA024000B8,,"864,76433338","864,76433338","18,7487",,,
2026-07-22,CRA024001P5,,,,,,,
2026-07-22,CRA0240020B,,,,,,,
2026-07-22,CRA024002MH,,"937,04652502","937,04652502","15,6483",,,
2026-07-22,CRA024002S2,,"907,62808154","907,62808154","18,8223",,,
2026-07-22,CRA024002S3,,"861,77698178","861,77698178","18,4178",,,
2026-07-22,CRA024005K2,,,,,,,
2026-07-22,CRA0240066D,,"941,49318089","941,49318089","17,8698",,,
2026-07-22,CRA0240066G,,"895,85419214","895,85419214","16,7535",,,
2026-07-22,CRA024007PT,,"931,98446432","931,98446432","16,4934",,,
2026-07-22,CRA024007Q3,,"959,05720555","959,05720555","16,7359",,,
2026-07-22,CRA024009Q3,,"926,64048499","926,64048499","16,6908",,,
2026-07-22,CRA02400AHY,,"908,19556132","908,19556132","16,9629",,,
2026-07-22,CRA02400AYM,,"944,18477343","944,18477343","17,6919",,,
2026-07-22,CRA02400AYP,,"896,27499837","896,27499837","18,1504",,,
2026-07-22,CRA02500001,,"989,47632058","989,47632058","15,9798",,,
2026-07-22,CRA0250012X,,"1006,38611773","1006,38611773","17,7227",,,
2026-07-22,CRA0250018I,,"957,89473866","957,89473866","16,9873",,,
2026-07-22,CRA025002S3,,"963,98723794","963,98723794","18,8229",,,
2026-07-22,CRA025002S4,,"928,33558517","928,33558517","19,1955",,,
2026-07-22,CRA0250040J,,"974,88564289","974,88564289","20,2333",,,
2026-07-22,CRA025005EH,,"977,81513756","977,81513756","15,8686",,,
2026-07-22,CRA025005V7,,"870,10765963","870,10765963","18,4771",,,
2026-07-22,CRA025005V8,,"865,17134923","865,17134923","18,5143",,,
2026-07-22,CRA0250066A,,"902,91073676","902,91073676","16,8847",,,
2026-07-22,CRA025006NB,,"945,02331419","945,02331419","16,3204",,,
2026-07-22,CRA025006SS,,,,,,,
2026-07-22,CRA025007KE,,"981,73635159","981,73635159","16,4543",,,
2026-07-22,CRA025007KK,,"1008,2618717","1008,2618717","15,152",,,
2026-07-22,CRA025008C1,,,,,,,
2026-07-22,CRA025008NA,,"969,92326222","969,92326222","15,9522",,,
2026-07-22,CRA025008ND,,"959,89886548","959,89886548","16,1029",,,
2026-07-22,CRA025009VO,,,,,,,
2026-07-22,CRA02500A15,,"957,08217188","957,08217188","16,5268",,,
2026-07-22,CRA02500AHU,,"1002,78080072","1002,78080072","15,7184",,,
2026-07-22,CRA026001JM,,"943,04862345","943,04862345","16,7572",,,
2026-07-28,AALM12,,"1068,150488","1068,150488","0,7075",,,
2026-07-28,ABSP12,,"1045,194886","1045,194886","1,477",,,
2026-07-28,ACOV15,,"1006,696172","1006,696172","1,5989",,,
2026-07-28,ADPA21,,"1023,319457","1023,319457","2,3216",,,
2026-07-28,AEGE16,,"1027,964017","1027,964017","5,0928",,,
2026-07-28,AEGE17,,"951,948829","951,948829","5,1939",,,
2026-07-28,AEGP17,,"349,48106","349,48106","1,7998",,,
2026-07-28,AEGP19,,"1040,133645","1040,133645","2,6936",,,
2026-07-28,AEGPA4,,"1046,845667","1046,845667","2,8576",,,
2026-07-28,AEGPA9,,"1007,82871","1007,82871","3,0931",,,
2026-07-28,AEGPB3,,"1016,889399","1016,889399","3,2636",,,
2026-07-28,AEGPB5,,"970,958846","970,958846","3,3183",,,
2026-07-28,AEGPB7,,"1070,189824","1070,189824","2,3568",,,
2026-07-28,AERI11,,"118,197611","118,197611",--,,,
2026-07-28,AERI12,,"159,172278","159,172278",--,,,
2026-07-28,AESLA8,,"1019,14104","1019,14104","0,4719",,,
2026-07-28,AGAU13,,"533,164986","533,164986","4,6833",,,
2026-07-28,AGPI11,,N/D,N/D,--,,,
2026-07-28,ALGAA2,,"1013,691826","1013,691826","1,0659",,,
2026-07-28,ALGTA5,,"1009,461167","1009,461167","1,0393",,,
2026-07-28,ALGTA6,,"1069,791405","1069,791405","1,1266",,,
2026-07-28,ALPA22,,"1034,332185","1034,332185","0,8573",,,
2026-07-28,AMBP16,,"160,687856","160,687856",--,,,
2026-07-28,ANHBA5,,"1030,175871","1030,175871","0,5276",,,
2026-07-28,ANHBA6,,"1002,074528","1002,074528","0,5727",,,
2026-07-28,ANIM15,,"772,994325","772,994325","1,962",,,
2026-07-28,ANIM17,,"1020,259036","1020,259036","2,1335",,,
2026-07-28,ANIM18,,"1022,721019","1022,721019","2,3577",,,
2026-07-28,APFL18,,"1004,69291","1004,69291","1,4055",,,
2026-07-28,APPSB2,,"666,526787","666,526787","1,3893",,,
2026-07-28,APRB28,,"315,501155","315,501155","0,632",,,
2026-07-28,ARML13,,"1039,861187","1039,861187","2,1587",,,
2026-07-28,ARML14,,"1030,520563","1030,520563","2,7273",,,
2026-07-28,ARML15,,"1001,018108","1001,018108","2,7702",,,
2026-07-28,ARML25,,"991,112219","991,112219","3,0343",,,
2026-07-28,ARML26,,"988,304262","988,304262","3,0661",,,
2026-07-28,ARTRA1,,"353,018933","353,018933","1,5813",,,
2026-07-28,ARTRA4,,"1076,234884","1076,234884","2,1",,,
2026-07-28,ARTRA5,,"1049,066268","1049,066268","2,2443",,,
2026-07-28,ASAI18,,"1021,137633","1021,137633","1,4263",,,
2026-07-28,ASAI19,,"1041,199738","1041,199738","1,7635",,,
2026-07-28,ASAI22,,"1033,387779","1033,387779","1,6242",,,
2026-07-28,ASAI28,,"1018,906793","1018,906793","1,7971",,,
2026-07-28,ASAIA0,,"1003,214292","1003,214292","1,833",,,
2026-07-28,ASAIA1,,"1036,901877","1036,901877","1,8755",,,
2026-07-28,ASAIA2,,"1002,718428","1002,718428","1,9092",,,
2026-07-28,ASAIA3,,"1005,536989","1005,536989","1,8779",,,
2026-07-28,AURE13,,"1033,417243","1033,417243","0,8114",,,
2026-07-28,AZZA11,,"1044,68543","1044,68543","1,4159",,,
2026-07-28,AZZA12,,"1057,303478","1057,303478","1,5839",,,
2026-07-28,AZZA13,,"985,35967","985,35967","2,0694",,,
2026-07-28,BCBF16,,"683,956848","683,956848","4,64",,,
2026-07-28,BCPSA4,,"1069,656614","1069,656614","0,3859",,,
2026-07-28,BCPSA6,,"1044,346749","1044,346749","0,4219",,,
2026-07-28,BKBR19,,"521,543377","521,543377","1,4847",,,
2026-07-28,BRIT11,,"715,049058","715,049058","0,9384",,,
2026-07-28,BRIT12,,"1014,693117","1014,693117","1,2839",,,
2026-07-28,BRKMA6,,"489,062999","489,062999",--,,,
2026-07-28,BRKMA8,,"488,227099","488,227099",--,,,
2026-07-28,BRKMB6,,"490,147761","490,147761",--,,,
2026-07-28,BRKMB8,,"489,430016","489,430016",--,,,
2026-07-28,BRKPA0,,"408,20408","408,20408","2,4007",,,
2026-07-28,BRKPA2,,"1088,268672","1088,268672","2,5596",,,
2026-07-28,BRKPA3,,"1081,027205","1081,027205","2,57",,,
2026-07-28,BRKPA4,,"1017,628893","1017,628893","2,7503",,,
2026-07-28,BRKPA5,,"1049,217821","1049,217821","2,2059",,,
2026-07-28,BRMLA1,,"1069,178624","1069,178624","0,4386",,,
2026-07-28,BRMLB1,,"1081,328432","1081,328432","0,5718",,,
2026-07-28,BRST14,,"1025,862305","1025,862305","1,55",,,
2026-07-28,BSA312,,"10375,887297","10375,887297","0,437",,,
2026-07-28,BSA318,,"1028,077234","1028,077234","0,3375",,,
2026-07-28,BSA319,,"1010,462331","1010,462331","0,5013",,,
2026-07-28,BSA3A0,,"1053,827287","1053,827287","0,351",,,
2026-07-28,BTGH18,,"1028,288149","1028,288149","1,0943",,,
2026-07-28,CAEC13,,"1070,775411","1070,775411","1,3605",,,
2026-07-28,CAEC22,,"1036,928567","1036,928567","1,2409",,,
2026-07-28,CAEC32,,"1053,01228","1053,01228","1,4304",,,
2026-07-28,CAMLA1,,"1034,06028","1034,06028","1,719",,,
2026-07-28,CAMLB1,,"1034,236589","1034,236589","1,7077",,,
2026-07-28,CASN13,,"783,963449","783,963449","2,522",,,
2026-07-28,CASN14,,"1014,86246","1014,86246","1,7851",,,
2026-07-28,CBAN22,,"869,655267","869,655267","0,8067",,,
2026-07-28,CBOH11,,"1005,814393","1005,814393","1,5083",,,
2026-07-28,CBRDB8,,"383,882934","383,882934",--,,,
2026-07-28,CCROA7,,"1012,861362","1012,861362","0,3589",,,
2026-07-28,CDAR11,,"1054,851305","1054,851305","1,5646",,,
2026-07-28,CDES12,,"1066,031488","1066,031488","1,4",,,
2026-07-28,CDGS26,,"1017,136815","1017,136815","0,7853",,,
2026-07-28,CEAB13,,"1011,203578","1011,203578","1,1636",,,
2026-07-28,CEAB14,,"1052,50797","1052,50797","0,85",,,
2026-07-28,CEAB22,,"526,989188","526,989188","0,6907",,,
2026-07-28,CEAP15,,"1038,207564","1038,207564","0,8095",,,
2026-07-28,CEAP16,,"1067,605574","1067,605574","0,7759",,,
2026-07-28,CEBD14,,"1071,336844","1071,336844","1,1542",,,
2026-07-28,CEBD25,,"1029,564797","1029,564797","1,0369",,,
2026-07-28,CEEBA3,,"1043,401647","1043,401647","0,882",,,
2026-07-28,CEEBA6,,"1078,769361","1078,769361","1,4553",,,
2026-07-28,CEEBA7,,"1038,779824","1038,779824","0,7348",,,
2026-07-28,CEEBA8,,"1026,578609","1026,578609","0,6518",,,
2026-07-28,CEEBB3,,"1049,574679","1049,574679","1,0517",,,
2026-07-28,CEEBB8,,"1031,684318","1031,684318","0,7356",,,
2026-07-28,CEED16,,"1080,545367","1080,545367","0,6327",,,
2026-07-28,CEED18,,"1054,886449","1054,886449","0,606",,,
2026-07-28,CEEDA0,,"1036,203787","1036,203787","0,7627",,,
2026-07-28,CEEDA1,,"1033,694394","1033,694394","0,7757",,,
2026-07-28,CEMTE2,,"1024,960302","1024,960302","0,7185",,,
2026-07-28,CEPEA1,,"1043,614767","1043,614767","0,9016",,,
2026-07-28,CEPEA3,,"1038,718843","1038,718843","0,7378",,,
2026-07-28,CEPEA4,,"1060,267395","1060,267395","0,8854",,,
2026-07-28,CEPEB1,,"1051,68287","1051,68287","0,9751",,,
2026-07-28,CEPEB2,,"1054,873598","1054,873598","1,0818",,,
2026-07-28,CERO19,,"1045,731455","1045,731455","0,6433",,,
2026-07-28,CEROA2,,"1026,626484","1026,626484","0,6241",,,
2026-07-28,CEROB2,,"1031,828778","1031,828778","0,7113",,,
2026-07-28,CESE22,,"808,602034","808,602034","0,7368",,,
2026-07-28,CESPA4,,"1056,031954","1056,031954","0,814",,,
2026-07-28,CGASA3,,"1028,038104","1028,038104","0,4651",,,
2026-07-28,CGASA5,,"1050,991496","1050,991496","0,6628",,,
2026-07-28,CGBP14,,"982,148016","982,148016","0,8696",,,
2026-07-28,CGOS15,,"1060,390079","1060,390079","0,6699",,,
2026-07-28,CGOS17,,"1078,80603","1078,80603","0,6426",,,
2026-07-28,CGOS18,,"1063,188158","1063,188158","0,6512",,,
2026-07-28,CGOS19,,"1034,519597","1034,519597","0,6915",,,
2026-07-28,CGOSA1,,"1035,721655","1035,721655","0,7758",,,
2026-07-28,CHSF12,,"1049,411195","1049,411195","0,4853",,,
2026-07-28,CHSF14,,"1061,81696","1061,81696","0,6321",,,
2026-07-28,CHSF24,,"1070,450573","1070,450573","0,7003",,,
2026-07-28,CHTH11,,"1014,937992","1014,937992","0,5139",,,
2026-07-28,CIEL17,,"1019,013496","1019,013496","0,3074",,,
2026-07-28,CIEL18,,"1033,869799","1033,869799","0,4327",,,
2026-07-28,CIEL19,,"1037,926973","1037,926973","0,3871",,,
2026-07-28,CLCD16,,"1040,667102","1040,667102","0,8144",,,
2026-07-28,CLCD17,,"1006,072524","1006,072524","0,9191",,,
2026-07-28,CLCD18,,"1066,410195","1066,410195","0,8059",,,
2026-07-28,CLCD19,,"1094,453867","1094,453867","0,3941",,,
2026-07-28,CLII12,,"1015,953222","1015,953222","1,8578",,,
2026-07-28,CLIS11,,"1095,685234","1095,685234","1,7998",,,
2026-07-28,CLMOA4,,"1033,971513","1033,971513","0,7055",,,
2026-07-28,CMED13,,"1034,469999","1034,469999","0,7331",,,
2026-07-28,CMGD18,,"1023,019578","1023,019578","0,7687",,,
2026-07-28,CMGDA0,,"1070,709846","1070,709846","0,4623",,,
2026-07-28,CMGDA1,,"1049,582328","1049,582328","0,6337",,,
2026-07-28,CMGDA2,,"1060,947399","1060,947399","0,6656",,,
2026-07-28,CMGDA3,,"1041,994782","1041,994782","0,5773",,,
2026-07-28,CMGDB3,,"1045,297877","1045,297877","0,681",,,
2026-07-28,CMGTA0,,"1055,270132","1055,270132","0,5463",,,
2026-07-28,CMGTA2,,"1019,195364","1019,195364","0,6778",,,
2026-07-28,CMPH14,,"493,709447","493,709447",--,,,
2026-07-28,CMTR19,,"682,23352","682,23352","0,7011",,,
2026-07-28,CNLM17,,"1048,462142","1048,462142","0,7754",,,
2026-07-28,COCEA2,,"1030,806012","1030,806012","1,0499",,,
2026-07-28,COGNA4,,"1038,709823","1038,709823","1,2039",,,
2026-07-28,COGNA5,,"996,699953","996,699953","0,9964",,,
2026-07-28,COGNB2,,"1039,558513","1039,558513","1,1503",,,
2026-07-28,COLNA3,,"999,487965","999,487965","0,8162",,,
2026-07-28,CPFGA3,,"1017,755895","1017,755895","0,6228",,,
2026-07-28,CPFPA6,,"480,661182","480,661182","0,4758",,,
2026-07-28,CPFPA8,,"1018,135627","1018,135627","0,5174",,,
2026-07-28,CPFPB8,,"1019,535091","1019,535091","0,5708",,,
2026-07-28,CPGT17,,"521,871871","521,871871","0,8217",,,
2026-07-28,CPGT18,,"1023,181582","1023,181582","0,6724",,,
2026-07-28,CPGT19,,"1041,922215","1041,922215","0,5108",,,
2026-07-28,CPGT29,,"1041,566113","1041,566113","0,7098",,,
2026-07-28,CPGT39,,"1049,96975","1049,96975","0,7996",,,
2026-07-28,CPGTA0,,"1065,872866","1065,872866","0,4649",,,
2026-07-28,CPGTB0,,"1065,815882","1065,815882","0,7548",,,
2026-07-28,CPLD19,,"1028,598399","1028,598399","0,5999",,,
2026-07-28,CPLD27,,"516,900115","516,900115","0,8882",,,
2026-07-28,CPLD38,,"1031,435733","1031,435733","1,521",,,
2026-07-28,CPLDA0,,"1001,488774","1001,488774","0,5663",,,
2026-07-28,CPLDB0,,"1000,590461","1000,590461","0,6891",,,
2026-07-28,CPREA0,,"1027,27619","1027,27619","0,6921",,,
2026-07-28,CPTE12,,"642,248002","642,248002","0,8999",,,
2026-07-28,CSAN15,,"1047,01724","1047,01724","2,1681",,,
2026-07-28,CSAN18,,"1012,150132","1012,150132","1,499",,,
2026-07-28,CSAN23,,"1083,078839","1083,078839","1,5753",,,
2026-07-28,CSAN24,,"1038,643918","1038,643918","1,8316",,,
2026-07-28,CSANA0,,"1000,680917","1000,680917","1,5467",,,
2026-07-28,CSANA2,,"1177,074615","1177,074615","1,7017",,,
2026-07-28,CSANB0,,"1004,416185","1004,416185","1,6822",,,
2026-07-28,CSANB1,,"984,288272","984,288272","1,5762",,,
2026-07-28,CSANB2,,"1188,678918","1188,678918","1,4368",,,
2026-07-28,CSANC1,,"970,243436","970,243436","2,0919",,,
2026-07-28,CSANC2,,"1184,553522","1184,553522","1,7768",,,
2026-07-28,CSED12,,"1079,641393","1079,641393","0,975",,,
2026-07-28,CSMGA7,,"844,313775","844,313775","0,7847",,,
2026-07-28,CSMGA8,,"1023,507717","1023,507717","0,8845",,,
2026-07-28,CSMGA9,,"1011,269574","1011,269574","0,7038",,,
2026-07-28,CSMGB0,,"1026,009342","1026,009342","0,6716",,,
2026-07-28,CSMGB6,,"78,373312","78,373312","0,7151",,,
2026-07-28,CSMGD1,,"995,620545","995,620545","0,7647",,,
2026-07-28,CSMGD2,,"1012,738694","1012,738694","0,7631",,,
2026-07-28,CSNAA1,,"828,442171","828,442171","17,408",,,
2026-07-28,CSNAA2,,"919,306981","919,306981","15,7907",,,
2026-07-28,CSRNA2,,"1060,948099","1060,948099","0,7444",,,
2026-07-28,CTEE19,,"1061,894845","1061,894845","0,4001",,,
2026-07-28,CTNSA2,,"1072,130548","1072,130548","0,6601",,,
2026-07-28,CVCB14,,"0,597431","0,597431","4,1775",,,
2026-07-28,DASAB2,,"1053,366588","1053,366588","2,5786",,,
2026-07-28,DASAB4,,"1049,768454","1049,768454","1,4838",,,
2026-07-28,DASAB5,,"1026,987471","1026,987471","2,2202",,,
2026-07-28,DASAC2,,"1045,977769","1045,977769","2,8631",,,
2026-07-28,DASAC5,,"1007,416644","1007,416644","2,9032",,,
2026-07-28,DXCO13,,"1032,348767","1032,348767","0,7477",,,
2026-07-28,EBENA6,,"1061,829229","1061,829229","0,5917",,,
2026-07-28,EBENA7,,"1011,779661","1011,779661","0,8893",,,
2026-07-28,EBENB1,,"1015,064608","1015,064608","0,6267",,,
2026-07-28,EBENC1,,"1016,538156","1016,538156","0,6942",,,
2026-07-28,ECOV17,,"1078,36292","1078,36292","0,8132",,,
2026-07-28,EDPR13,,"1016,091556","1016,091556","0,6338",,,
2026-07-28,EDPR23,,"1012,721647","1012,721647","0,7512",,,
2026-07-28,EDVP18,,"1073,532407","1073,532407","0,2817",,,
2026-07-28,EEELA3,,"1019,216235","1019,216235","0,4685",,,
2026-07-28,EEELA5,,"1025,835776","1025,835776","0,5325",,,
2026-07-28,EGIED1,,"1037,212211","1037,212211","0,5201",,,
2026-07-28,EGIEE1,,"1039,148187","1039,148187","0,783",,,
2026-07-28,EKTRA0,,"1043,486883","1043,486883","0,7303",,,
2026-07-28,EKTRA1,,"1007,727709","1007,727709","1,004",,,
2026-07-28,EKTRA3,,"1049,141504","1049,141504","0,7388",,,
2026-07-28,EKTRA4,,"1070,183106","1070,183106","0,7361",,,
2026-07-28,EKTRB0,,"1051,11402","1051,11402","0,8939",,,
2026-07-28,ELET15,,"1048,242187","1048,242187","0,5354",,,
2026-07-28,ELET17,,"1034,257912","1034,257912","0,7467",,,
2026-07-28,ELET24,,"1064,749272","1064,749272","0,9793",,,
2026-07-28,ELET25,,"1054,059898","1054,059898","0,6411",,,
2026-07-28,ELFA12,,"304,80935","304,80935",--,,,
2026-07-28,ELPLA6,,"1034,314794","1034,314794","2,5373",,,
2026-07-28,ELPLB8,,"1007,3982","1007,3982","2,5",,,
2026-07-28,ELTN16,,"1059,666261","1059,666261","0,6892",,,
2026-07-28,ELTN19,,"1026,016265","1026,016265","0,7127",,,
2026-07-28,ELTN26,,"1070,264884","1070,264884","0,7043",,,
2026-07-28,ENERB5,,"1020,981975","1020,981975","0,6716",,,
2026-07-28,ENERC3,,"1062,640273","1062,640273","0,635",,,
2026-07-28,ENEV38,,"1022,428592","1022,428592","0,8907",,,
2026-07-28,ENEV48,,"1048,228701","1048,228701","0,8144",,,
2026-07-28,ENEVA3,,"1023,760175","1023,760175","0,6754",,,
2026-07-28,ENEVC0,,"1050,54417","1050,54417","0,6043",,,
2026-07-28,ENEVD0,,"1055,763096","1055,763096","0,7197",,,
2026-07-28,ENGIA7,,"1048,271902","1048,271902","0,4539",,,
2026-07-28,ENGIB1,,"1061,956433","1061,956433","0,6614",,,
2026-07-28,ENGIB5,,"1045,593725","1045,593725","0,5955",,,
2026-07-28,ENGIB7,,"1062,538888","1062,538888","0,7344",,,
2026-07-28,ENGIB8,,"1037,766071","1037,766071","0,8131",,,
2026-07-28,ENGIC3,,"1064,728336","1064,728336","0,6867",,,
2026-07-28,ENGIC4,,"1055,300004","1055,300004","0,6988",,,
2026-07-28,ENGIC5,,"1065,091848","1065,091848","0,7054",,,
2026-07-28,ENGIC6,,"1050,157257","1050,157257","0,4482",,,
2026-07-28,ENGIC9,,"1072,431119","1072,431119","0,5807",,,
2026-07-28,ENGID3,,"1071,75707","1071,75707","0,7064",,,
2026-07-28,ENMTA8,,"1045,254614","1045,254614","0,5517",,,
2026-07-28,ENMTB0,,"1062,425204","1062,425204","0,6433",,,
2026-07-28,ENMTB2,,"1021,483201","1021,483201","0,6535",,,
2026-07-28,ENMTC2,,"1026,59528","1026,59528","0,7014",,,
2026-07-28,ENMTC3,,"1052,359246","1052,359246","0,6362",,,
2026-07-28,EQMAA1,,"1037,486517","1037,486517","0,6007",,,
2026-07-28,EQPA17,,"1077,533188","1077,533188","0,6339",,,
2026-07-28,EQPAA0,,"1048,509676","1048,509676","0,7698",,,
2026-07-28,EQTL17,,"1055,85843","1055,85843","0,5982",,,
2026-07-28,ERDVA3,,"1044,973721","1044,973721","1,7762",,,
2026-07-28,ERDVA6,,"1015,682504","1015,682504","0,857",,,
2026-07-28,ERDVB3,,"1071,898966","1071,898966","1,3193",,,
2026-07-28,ESCEA3,,"1067,283233","1067,283233","0,6117",,,
2026-07-28,ESCEA4,,"1057,575455","1057,575455","0,5414",,,
2026-07-28,ESCEA6,,"1015,067699","1015,067699","0,6139",,,
2026-07-28,ESCEB4,,"1057,930053","1057,930053","0,5917",,,
2026-07-28,ESCEB6,,"1012,761184","1012,761184","0,7238",,,
2026-07-28,ESSDA2,,"1062,166173","1062,166173","0,6533",,,
2026-07-28,EUFA17,,"1055,974652","1055,974652","1,2338",,,
2026-07-28,EUFA18,,"1054,808787","1054,808787","0,9834",,,
2026-07-28,EUFA19,,"1004,022918","1004,022918","1,3477",,,
2026-07-28,FENS12,,"1044,292472","1044,292472","0,5785",,,
2026-07-28,FISI15,,"991,279976","991,279976","1,4195",,,
2026-07-28,FLCLA4,,"1072,714646","1072,714646","0,4286",,,
2026-07-28,FLCLA8,,"1015,838819","1015,838819","0,8581",,,
2026-07-28,FLRY17,,"1045,689684","1045,689684","0,5381",,,
2026-07-28,FLRY18,,"1046,483155","1046,483155","0,7518",,,
2026-07-28,FLRY19,,"1031,176668","1031,176668","0,3884",,,
2026-07-28,FLRY25,,"681,450456","681,450456","0,6247",,,
2026-07-28,FLRY27,,"1054,971774","1054,971774","0,9228",,,
2026-07-28,FLRY29,,"1030,271035","1030,271035","0,6062",,,
2026-07-28,FLRY36,,"1028,285704","1028,285704","0,6085",,,
2026-07-28,FLRYA0,,"1037,091644","1037,091644","0,4656",,,
2026-07-28,FLRYB0,,"1036,032158","1036,032158","0,5979",,,
2026-07-28,FRAS16,,"1028,956426","1028,956426","0,9815",,,
2026-07-28,GGBRA7,,"1027,592427","1027,592427","0,4042",,,
2026-07-28,GGBRA8,,"1020,617307","1020,617307","0,4104",,,
2026-07-28,GGBRA9,,"1025,940364","1025,940364","0,5217",,,
2026-07-28,GRRB16,,"1029,659401","1029,659401","2,4521",,,
2026-07-28,GSHC15,,"1047,678924","1047,678924","1,2535",,,
2026-07-28,GSHC17,,"1062,044607","1062,044607","2,3898",,,
2026-07-28,GUAR17,,"1040,757439","1040,757439","0,9811",,,
2026-07-28,HAPV15,,"880,209033","880,209033","7,0768",,,
2026-07-28,HAPV17,,"884,524961","884,524961","7,3672",,,
2026-07-28,HAPV18,,"852,279677","852,279677","6,9992",,,
2026-07-28,HAPV19,,"820,884956","820,884956","7,2003",,,
2026-07-28,HAPV28,,"836,595054","836,595054","7,0335",,,
2026-07-28,HAPVA0,,"818,80062","818,80062","7,1791",,,
2026-07-28,HBSA14,,"1017,461793","1017,461793","0,543",,,
2026-07-28,HBSA22,,"1019,923623","1019,923623","1,4501",,,
2026-07-28,HBSA24,,"1023,28858","1023,28858","0,6182",,,
2026-07-28,HGLB13,,"1058,767059","1058,767059","2,6677",,,
2026-07-28,HYPEA6,,"1054,646735","1054,646735","0,6772",,,
2026-07-28,HYPEA7,,"1028,636426","1028,636426","0,6713",,,
2026-07-28,HYPEA8,,"1037,813123","1037,813123","0,6762",,,
2026-07-28,HYPEA9,,"1010,587765","1010,587765","0,6761",,,
2026-07-28,HYPEB1,,"1021,731399","1021,731399","0,7237",,,
2026-07-28,HYPEC0,,"1065,738558","1065,738558","0,7007",,,
2026-07-28,IGTAA3,,"1048,354538","1048,354538","0,4971",,,
2026-07-28,IGTAB0,,"1066,866178","1066,866178","0,2854",,,
2026-07-28,INEL12,,"1036,79651","1036,79651","1,2662",,,
2026-07-28,IOCHA3,,"1053,945016","1053,945016","1,3412",,,
2026-07-28,IOCHA4,,"1046,753016","1046,753016","1,1876",,,
2026-07-28,IOCHA5,,"1077,336204","1077,336204","1,3585",,,
2026-07-28,IOCHA6,,"1023,563594","1023,563594","1,3864",,,
2026-07-28,IPIPA6,,"1029,06729","1029,06729","0,5465",,,
2026-07-28,ISAEB1,,"1004,256402","1004,256402","0,5741",,,
2026-07-28,ISAEC1,,"1003,184162","1003,184162","0,652",,,
2026-07-28,ISAED1,,"1016,557104","1016,557104","0,6031",,,
2026-07-28,ISPE12,,"1026,88794","1026,88794","2,4335",,,
2026-07-28,ISPE13,,"1025,682263","1025,682263","2,4855",,,
2026-07-28,ITSA17,,"1017,819757","1017,819757","0,5145",,,
2026-07-28,ITSA18,,"1135,785611","1135,785611","0,5191",,,
2026-07-28,JHSFA1,,"224,567573","224,567573","0,6341",,,
2026-07-28,JHSFA3,,"715,630323","715,630323","1,2126",,,
2026-07-28,JSLGA5,,"1044,399781","1044,399781","2,6872",,,
2026-07-28,JSMLA5,,"998,020424","998,020424","3,8074",,,
2026-07-28,KLAS12,,"214,65279","214,65279","3,612",,,
2026-07-28,KRSA12,,N/D,N/D,--,,,
2026-07-28,LCAMC2,,"1055,807391","1055,807391","1,5295",,,
2026-07-28,LETS18,,"1039,132684","1039,132684","1,3436",,,
2026-07-28,LMTP18,,"1022,368315","1022,368315","1,4795",,,
2026-07-28,LMTP26,,"1054,659467","1054,659467","1,489",,,
2026-07-28,LMTPA0,,"1042,175676","1042,175676","1,7477",,,
2026-07-28,LMTPA1,,"1006,701878","1006,701878","1,3073",,,
2026-07-28,LMTPA2,,"1045,8958","1045,8958","1,6342",,,
2026-07-28,LMTPB1,,"1000,207058","1000,207058","1,8441",,,
2026-07-28,LMTPB2,,"1038,278678","1038,278678","1,9685",,,
2026-07-28,LOGGB1,,"126,637608","126,637608","0,9238",,,
2026-07-28,LORTB2,,"1033,17758","1033,17758","1,343",,,
2026-07-28,LVTC12,,"407,455133","407,455133","2,4076",,,
2026-07-28,LVTC22,,"652,585659","652,585659","5,7282",,,
2026-07-28,MATD12,,"1037,245735","1037,245735","0,7089",,,
2026-07-28,MATD13,,"1017,375745","1017,375745","0,7411",,,
2026-07-28,MDRO18,,"1019,900853","1019,900853","2,5689",,,
2026-07-28,MEAL14,,"588,733267","588,733267","4,804",,,
2026-07-28,MGLUA0,,"520,463585","520,463585","1,7781",,,
2026-07-28,MILS18,,"1025,48674","1025,48674","1,1194",,,
2026-07-28,MILS19,,"1020,239211","1020,239211","1,05",,,
2026-07-28,MILS29,,"1021,501969","1021,501969","1,2222",,,
2026-07-28,MILSA1,,"1057,928749","1057,928749","1,1286",,,
2026-07-28,MILSB0,,"1029,22544","1029,22544","1,2256",,,
2026-07-28,MNLT11,,"1045,520611","1045,520611","0,8774",,,
2026-07-28,MNRVA1,,"1042,870823","1042,870823","1,7128",,,
2026-07-28,MOTVA8,,"1029,86328","1029,86328","0,526",,,
2026-07-28,MOVI17,,"531,257111","531,257111","1,3798",,,
2026-07-28,MOVI27,,"1061,657632","1061,657632","2,8864",,,
2026-07-28,MOVI34,,"335,896913","335,896913","1,2971",,,
2026-07-28,MOVIA2,,"523,296328","523,296328","1,1978",,,
2026-07-28,MOVIA3,,"1068,080034","1068,080034","1,9253",,,
2026-07-28,MRFGA1,,"1036,866185","1036,866185","1,0361",,,
2026-07-28,MTRO12,,"217,392646","217,392646","0,9247",,,
2026-07-28,MULPA0,,"1049,101683","1049,101683","0,6834",,,
2026-07-28,MULPB1,,"1012,000746","1012,000746","0,631",,,
2026-07-28,MULTA5,,"1040,103982","1040,103982","0,5491",,,
2026-07-28,MULTB5,,"1048,706687","1048,706687","0,6294",,,
2026-07-28,MVLV19,,"528,509255","528,509255","2,1598",,,
2026-07-28,MVLVA1,,"681,837054","681,837054","2,182",,,
2026-07-28,MVLVA3,,"1078,639839","1078,639839","2,1396",,,
2026-07-28,NATUA3,,"1006,598559","1006,598559","1,6757",,,
2026-07-28,NIGP12,,"1082,70905","1082,70905","1,0546",,,
2026-07-28,NTSD16,,"750,119247","750,119247","0,7832",,,
2026-07-28,NTSD17,,"1020,369637","1020,369637","0,4617",,,
2026-07-28,NTSD18,,"1030,557773","1030,557773","0,6659",,,
2026-07-28,NTSD26,,"1085,139239","1085,139239","0,8326",,,
2026-07-28,NTSD35,,"1088,434796","1088,434796","0,9972",,,
2026-07-28,NTSD36,,"1101,26083","1101,26083","0,9458",,,
2026-07-28,NTSDA0,,"1063,67531","1063,67531","0,8521",,,
2026-07-28,NTSDA2,,"1049,450799","1049,450799","0,7588",,,
2026-07-28,OMGE15,,"1019,451114","1019,451114","1,6096",,,
2026-07-28,OMGE16,,"1053,379425","1053,379425","1,199",,,
2026-07-28,OMGE17,,"1037,20739","1037,20739","1,417",,,
2026-07-28,OMGE26,,"1057,473568","1057,473568","1,183",,,
2026-07-28,OMGE27,,N/D,N/D,--,,,
2026-07-28,ONCO19,,"644,405797","644,405797",--,,,
2026-07-28,ONCO29,,"645,707161","645,707161",--,,,
2026-07-28,ONCOA1,,"656,982953","656,982953",--,,,
2026-07-28,OPCT16,,"1024,670824","1024,670824","1,45",,,
2026-07-28,OPCT17,,"1012,437396","1012,437396","1,5",,,
2026-07-28,ORMA16,,"1144,831511","1144,831511","1,25",,,
2026-07-28,ORMA17,,"1091,490617","1091,490617","1,4288",,,
2026-07-28,OVSAA3,,"705,339203","705,339203","2,2664",,,
2026-07-28,OVSAA8,,"1030,837218","1030,837218","2,2435",,,
2026-07-28,OVSAA9,,"1038,922384","1038,922384","2,192",,,
2026-07-28,OVSAB0,,"1034,705914","1034,705914","2,0956",,,
2026-07-28,OVSAB1,,"1002,262098","1002,262098","2,3916",,,
2026-07-28,OZNH11,,"942,859798","942,859798","1,9",,,
2026-07-28,PALFA4,,"364,918829","364,918829","0,3344",,,
2026-07-28,PALFA5,,"1019,214023","1019,214023","0,4686",,,
2026-07-28,PALFA6,,"1031,803102","1031,803102","0,461",,,
2026-07-28,PALFA8,,"1077,891721","1077,891721","0,3067",,,
2026-07-28,PASS12,,"1053,85854","1053,85854","0,9509",,,
2026-07-28,PASS13,,"1061,113352","1061,113352","0,7867",,,
2026-07-28,PASS14,,"1019,536493","1019,536493","0,7438",,,
2026-07-28,PASS24,,"1016,918007","1016,918007","0,8452",,,
2026-07-28,PEJA21,,"1080,445824","1080,445824","1,03",,,
2026-07-28,PFOR15,,"1059,407466","1059,407466","1,429",,,
2026-07-28,PFOR16,,"1007,493738","1007,493738","1,3686",,,
2026-07-28,PFOR25,,"1055,761992","1055,761992","1,6286",,,
2026-07-28,PFOR26,,"1009,223099","1009,223099","1,4969",,,
2026-07-28,PGMN26,,"1046,15953","1046,15953","1,6194",,,
2026-07-28,PLSB2A,,"847,701389","847,701389","1,255",,,
2026-07-28,PRLG17,,"1047,7306","1047,7306","1,0661",,,
2026-07-28,PSAN13,,"1057,698335","1057,698335","2,3038",,,
2026-07-28,PSAN23,,"1069,963415","1069,963415","2,3182",,,
2026-07-28,QUAL16,,"253,891213","253,891213","2,7892",,,
2026-07-28,QUAL17,,"703,354274","703,354274","4,5882",,,
2026-07-28,QUAL18,,"1012,135663","1012,135663","4,4374",,,
2026-07-28,QUNT11,,"1036,311893","1036,311893","0,7665",,,
2026-07-28,QYAN11,,"1037,721258","1037,721258","0,7407",,,
2026-07-28,RADL15,,"1015,778664","1015,778664","0,6302",,,
2026-07-28,RADL19,,"1044,09612","1044,09612","0,4639",,,
2026-07-28,RADLA0,,"1045,024998","1045,024998","0,4736",,,
2026-07-28,RADLA1,,"1028,112821","1028,112821","0,4994",,,
2026-07-28,RAIZ14,,"506,15707","506,15707",--,,,
2026-07-28,RDORA5,,"1079,041916","1079,041916","1,1667",,,
2026-07-28,RDORB3,,"1062,46806","1062,46806","1,0109",,,
2026-07-28,RDORB5,,"1078,487018","1078,487018","1,0826",,,
2026-07-28,RDORB9,,"1096,883968","1096,883968","0,9809",,,
2026-07-28,RDORC3,,"1062,00508","1062,00508","1,0238",,,
2026-07-28,RDORC4,,"1055,892623","1055,892623","0,3713",,,
2026-07-28,RDORC7,,"1019,767791","1019,767791","0,4792",,,
2026-07-28,RDORC9,,"1096,99524","1096,99524","0,9774",,,
2026-07-28,RDORD3,,"1065,153152","1065,153152","1,0834",,,
2026-07-28,RDORD4,,"1060,48134","1060,48134","0,9417",,,
2026-07-28,RDORD7,,"1084,721244","1084,721244","1,0108",,,
2026-07-28,RDORE4,,"1065,491315","1065,491315","1,0922",,,
2026-07-28,RDORF1,,"1012,971541","1012,971541","1,0489",,,
2026-07-28,RDORF8,,"1029,672078","1029,672078","1,1148",,,
2026-07-28,RDORG6,,"1064,23961","1064,23961","0,9997",,,
2026-07-28,RDORG9,,"1016,743111","1016,743111","1,102",,,
2026-07-28,RDORH6,,"1066,804134","1066,804134","1,1107",,,
2026-07-28,RDORI6,,"1083,563253","1083,563253","1,2641",,,
2026-07-28,RECV12,,"1050,296262","1050,296262","0,7815",,,
2026-07-28,RECV13,,"1026,318396","1026,318396","0,6255",,,
2026-07-28,RENTA5,,"1117,549361","1117,549361","1,2699",,,
2026-07-28,RENTC4,,"1039,697322","1039,697322","1,2414",,,
2026-07-28,RENTC8,,"1078,588601","1078,588601","1,2178",,,
2026-07-28,RENTD0,,"1035,946454","1035,946454","1,0277",,,
2026-07-28,RENTD5,,"1063,643713","1063,643713","1,1277",,,
2026-07-28,RENTD9,,"1061,25217","1061,25217","1,2324",,,
2026-07-28,RENTE2,,"1032,07581","1032,07581","1,065",,,
2026-07-28,RENTE3,,"1007,025157","1007,025157","1,1014",,,
2026-07-28,RENTE4,,"1077,180701","1077,180701","1,1926",,,
2026-07-28,RENTE5,,"1061,665629","1061,665629","1,2961",,,
2026-07-28,RENTE9,,"1077,148098","1077,148098","1,3836",,,
2026-07-28,RENTF2,,"1036,455898","1036,455898","1,1993",,,
2026-07-28,RNDNA0,,"1031,108809","1031,108809","1,6503",,,
2026-07-28,RNDNA1,,"1000,265589","1000,265589","2,0072",,,
2026-07-28,RNDNA2,,"946,987376","946,987376","2,6421",,,
2026-07-28,RNDNB0,,"1027,934579","1027,934579","1,9243",,,
2026-07-28,RNDNB2,,"946,696439","946,696439","2,4723",,,
2026-07-28,RODB11,,"1466,790426","1466,790426","2,3693",,,
2026-07-28,RSAN15,,"1024,4444","1024,4444","2,209",,,
2026-07-28,RSAN25,,"1027,836042","1027,836042","2,706",,,
2026-07-28,SAELA4,,"1063,451936","1063,451936","0,6037",,,
2026-07-28,SAPRB1,,"502,632978","502,632978","0,8338",,,
2026-07-28,SAPRB4,,"1017,923279","1017,923279","0,594",,,
2026-07-28,SAPRC1,,"1055,259109","1055,259109","1,176",,,
2026-07-28,SBFC13,,"349,325333","349,325333","0,8241",,,
2026-07-28,SBIOA4,,"1047,249993","1047,249993","0,747",,,
2026-07-28,SBSPA1,,"1062,088916","1062,088916","0,4824",,,
2026-07-28,SBSPB1,,"1082,011205","1082,011205","0,5532",,,
2026-07-28,SBSPC1,,"1094,990462","1094,990462","0,6382",,,
2026-07-28,SBSPC3,,"344,211347","344,211347","0,409",,,
2026-07-28,SBSPD2,,"1054,019673","1054,019673","0,219",,,
2026-07-28,SBSPD3,,"1004,307597","1004,307597","0,5256",,,
2026-07-28,SBSPD7,,"1032,600176","1032,600176","0,6103",,,
2026-07-28,SBSPE7,,"1040,759399","1040,759399","0,6805",,,
2026-07-28,SBSPL8,,"1058,59291","1058,59291","0,6338",,,
2026-07-28,SBSPM8,,"1062,011983","1062,011983","0,6539",,,
2026-07-28,SIMH16,,"1000,773678","1000,773678","3,8298",,,
2026-07-28,SLFT13,,"818,595028","818,595028","2,0587",,,
2026-07-28,SMFT18,,"1063,739288","1063,739288","1,2139",,,
2026-07-28,SMFTA0,,"1012,765837","1012,765837","0,6603",,,
2026-07-28,SMFTA1,,"1039,219863","1039,219863","0,7121",,,
2026-07-28,SMFTA2,,"1056,210328","1056,210328","0,7034",,,
2026-07-28,SMFTA3,,"1037,335331","1037,335331","0,7559",,,
2026-07-28,SMFTB3,,"1032,703268","1032,703268","0,9341",,,
2026-07-28,SMFTC3,,"1042,519024","1042,519024","0,9732",,,
2026-07-28,SNGO10,,"308,867785","308,867785","0,2951",,,
2026-07-28,SNGO19,,"27,979822","27,979822","0,2442",,,
2026-07-28,SNGOA1,,"707,984727","707,984727","0,4196",,,
2026-07-28,SNGOA2,,"1008,703626","1008,703626","0,5196",,,
2026-07-28,SNGOA3,,"1006,39224","1006,39224","0,5748",,,
2026-07-28,STBP15,,"1058,65303","1058,65303","0,7372",,,
2026-07-28,STBP25,,"1063,169991","1063,169991","0,7272",,,
2026-07-28,SUMI39,,"1012,977976","1012,977976","3,4979",,,
2026-07-28,SUZBA1,,"1041,619349","1041,619349","0,4716",,,
2026-07-28,SUZBB1,,"1052,564209","1052,564209","0,5065",,,
2026-07-28,SVEA14,,"911,709588","911,709588","1,9439",,,
2026-07-28,SVEA15,,"1024,219796","1024,219796","2,0201",,,
2026-07-28,SVEA16,,"1038,45516","1038,45516","2,4036",,,
2026-07-28,TAEEA1,,"1051,03454","1051,03454","0,4619",,,
2026-07-28,TAEEA5,,"1056,87638","1056,87638","0,4501",,,
2026-07-28,TAEEA6,,"1053,895395","1053,895395","0,5101",,,
2026-07-28,TAEEA9,,"1038,068002","1038,068002","0,5805",,,
2026-07-28,TAEEC1,,"336,71213","336,71213","0,3011",,,
2026-07-28,TAEEE1,,"1049,336129","1049,336129","0,4688",,,
2026-07-28,TBSP12,,"1007,12362","1007,12362","0,5028",,,
2026-07-28,TBSP22,,"1011,565083","1011,565083","0,5929",,,
2026-07-28,TEPA14,,"1007,381797","1007,381797","4,15",,,
2026-07-28,TFLE19,,"1032,005878","1032,005878","1,0544",,,
2026-07-28,TFLEA3,,"1025,949895","1025,949895","1,351",,,
2026-07-28,TFLEA4,,"1009,844117","1009,844117","1,4152",,,
2026-07-28,TFLEA6,,"1031,897769","1031,897769","1,0709",,,
2026-07-28,TFLEA7,,"1081,978187","1081,978187","0,97",,,
2026-07-28,TFLEA8,,"1020,239015","1020,239015","1,0278",,,
2026-07-28,TFLEA9,,"1062,953297","1062,953297","1,1165",,,
2026-07-28,TFLEB5,,"1127,493415","1127,493415","1,0474",,,
2026-07-28,TFLEC0,,"1049,870858","1049,870858","1,0057",,,
2026-07-28,TFLED0,,"1053,593782","1053,593782","1,1484",,,
2026-07-28,TIET19,,"305,414","305,414","0,603",,,
2026-07-28,TIGR12,,"1011,597786","1011,597786","1,5551",,,
2026-07-28,TIGR21,,"1035,993651","1035,993651","1,5331",,,
2026-07-28,TLPP27,,"1011,263203","1011,263203","0,813",,,
2026-07-28,TOTS15,,"1008,93238","1008,93238","0,7485",,,
2026-07-28,TRES11,,"1063,812858","1063,812858","1,4499",,,
2026-07-28,TRPLA3,,"1074,9774","1074,9774","0,8486",,,
2026-07-28,TRPLA5,,"1057,148319","1057,148319","0,5546",,,
2026-07-28,TRPLA6,,"1029,286838","1029,286838","0,7386",,,
2026-07-28,TRPLB5,,"1055,041819","1055,041819","0,7503",,,
2026-07-28,TSSG13,,"1025,029359","1025,029359","0,5595",,,
2026-07-28,TSSG14,,"825,657606","825,657606","0,4407",,,
2026-07-28,TUPW11,,"944,507062","944,507062","5,6662",,,
2026-07-28,TUPY15,,"949,598141","949,598141","3,1577",,,
2026-07-28,TUPY25,,"900,935056","900,935056","4,3248",,,
2026-07-28,TUPY35,,"900,718327","900,718327","3,702",,,
2026-07-28,UNIP18,,"1060,152481","1060,152481","1,4852",,,
2026-07-28,UNIP19,,"1045,539435","1045,539435","1,3371",,,
2026-07-28,UNIP29,,"1048,511382","1048,511382","1,5215",,,
2026-07-28,UNIP39,,"1065,589523","1065,589523","1,5524",,,
2026-07-28,UNIPA0,,"981,809803","981,809803","1,568",,,
2026-07-28,UNIPB0,,"993,776504","993,776504","1,5554",,,
2026-07-28,UNIPC0,,"994,063375","994,063375","1,3867",,,
2026-07-28,UQFN14,,"98,084983","98,084983","0,9",,,
2026-07-28,UQFN15,,"991,955469","991,955469","2,1919",,,
2026-07-28,USIM28,,"1033,291758","1033,291758","1,3913",,,
2026-07-28,USIM29,,"1026,924878","1026,924878","1,3973",,,
2026-07-28,USIM39,,"1035,689194","1035,689194","1,5659",,,
2026-07-28,USIMA0,,"1054,816221","1054,816221","1,3042",,,
2026-07-28,USIMB0,,"1055,12632","1055,12632","1,4725",,,
2026-07-28,VAMO13,,"1013,204971","1013,204971","2,6794",,,
2026-07-28,VAMO14,,"1031,750437","1031,750437","3,6838",,,
2026-07-28,VAMO17,,"495,683424","495,683424","3,8811",,,
2026-07-28,VAMO22,,"356,051025","356,051025","2,8232",,,
2026-07-28,VAMO23,,"999,344503","999,344503","3,4718",,,
2026-07-28,VAMO24,,"1008,49025","1008,49025","4,0812",,,
2026-07-28,VAMOA0,,"1041,651655","1041,651655","3,9628",,,
2026-07-28,VAMOA1,,"992,831324","992,831324","3,4329",,,
2026-07-28,VBBR15,,"1059,316091","1059,316091","0,9677",,,
2026-07-28,VBBR16,,"1054,317242","1054,317242","0,8075",,,
2026-07-28,VBBR17,,"1030,826516","1030,826516","0,7916",,,
2026-07-28,VBBR18,,"1015,942362","1015,942362","0,8116",,,
2026-07-28,VBBR24,,"1132,322792","1132,322792","1,1137",,,
2026-07-28,VBBR26,,"1055,638954","1055,638954","1,0391",,,
2026-07-28,VEBMA6,,"1022,902204","1022,902204","1,25",,,
2026-07-28,VEBMA8,,"1043,44427","1043,44427","0,5806",,,
2026-07-28,VEBMA9,,"1034,986322","1034,986322","0,6256",,,
2026-07-28,VERO14,,"874,674764","874,674764",--,,,
2026-07-28,VIVA11,,"1059,394754","1059,394754","0,7141",,,
2026-07-28,VIXL15,,"521,547468","521,547468","0,9776",,,
2026-07-28,VIXL18,,"1042,528031","1042,528031","1,0542",,,
2026-07-28,VIXL19,,"1041,606247","1041,606247","1,2658",,,
2026-07-28,VIXL25,,"1056,766395","1056,766395","1,104",,,
2026-07-28,VIXL26,,"1034,885978","1034,885978","1,1049",,,
2026-07-28,VIXL35,,"521,497031","521,497031","1,0173",,,
2026-07-28,VIXL45,,"1056,757217","1056,757217","1,1048",,,
2026-07-28,VLIDA0,,"1048,232212","1048,232212","1,2947",,,
2026-07-28,VLIDA1,,"1004,642828","1004,642828","1,4857",,,
2026-07-28,VLIDB1,,"1007,010369","1007,010369","1,4908",,,
2026-07-28,VLME11,,"766,270266","766,270266",--,,,
2026-07-28,VLME12,,"857,56935","857,56935",--,,,
2026-07-28,VVEO15,,"632,554343","632,554343",--,,,
2026-07-28,VVEO16,,"656,092365","656,092365",--,,,
2026-07-28,WIZC12,,"1078,786609","1078,786609","1,9",,,
2026-07-28,YDUQ17,,"1025,824545","1025,824545","0,568",,,
2026-07-28,YDUQ18,,"1049,649784","1049,649784","0,881",,,
2026-07-28,YDUQA0,,"1054,981363","1054,981363","0,6783",,,
2026-07-28,YDUQA1,,"1028,857055","1028,857055","0,9032",,,
2026-07-28,YDUQA2,,"1012,294733","1012,294733","0,7586",,,
2026-07-28,BHIAA0,,"0,417979","0,417979",--,,,
2026-07-28,BHIAC0,,"0,414545","0,414545",--,,,
2026-07-28,KLBNA2,,"10789,605558","10789,605558","102,9191",,,
2026-07-28,RADL14,,"510,030576","510,030576","103,7547",,,
2026-07-28,UNDAC3,,"1055,76088","1055,76088","107,8428",,,
2026-07-28,CVRDA6,,"39,3","39,3",--,,,
2026-07-28,ACRC21,,"1074,45468","1074,45468","9,1295",,,
2026-07-28,AEAB11,,"1106,719602","1106,719602","8,5004",,,
2026-07-28,AESLA5,,"1070,722845","1070,722845","7,8582",,,
2026-07-28,AESLA7,,"1033,090432","1033,090432","7,8862",,,
2026-07-28,AESLA9,,"1009,303029","1009,303029","7,9019",,,
2026-07-28,AESLB0,,"1009,096957","1009,096957","7,8753",,,
2026-07-28,AESLB7,,"999,661745","999,661745","7,7905",,,
2026-07-28,AESLC2,,"979,059438","979,059438","7,9191",,,
2026-07-28,AESLD2,,"956,788751","956,788751","7,9706",,,
2026-07-28,AESOA1,,"1043,839354","1043,839354","8,2656",,,
2026-07-28,AGEO15,,"1038,285147","1038,285147","7,8915",,,
2026-07-28,AGIZ11,,"1007,695295","1007,695295","8,5608",,,
2026-07-28,AHGD13,,"0,963169","0,963169","9,0135",,,
2026-07-28,ALGAB1,,"1149,492059","1149,492059","9,1007",,,
2026-07-28,ALGAC2,,"1112,230076","1112,230076","9,0545",,,
2026-07-28,ALGE16,,"963,015452","963,015452","7,9405",,,
2026-07-28,ALGTA4,,"1017,390482","1017,390482","9,1017",,,
2026-07-28,ALIG12,,"640,883934","640,883934","7,9584",,,
2026-07-28,ALIG13,,"867,638426","867,638426","7,8454",,,
2026-07-28,ALIG15,,"964,939282","964,939282","7,8703",,,
2026-07-28,ALUP18,,"1046,069809","1046,069809","7,6383",,,
2026-07-28,ANET11,,"559,092548","559,092548",--,,,
2026-07-28,ANET12,,"1046,112518","1046,112518",--,,,
2026-07-28,ANHBB6,,"991,332324","991,332324","7,95",,,
2026-07-28,APFD19,,"1120,809989","1120,809989","8,0647",,,
2026-07-28,APPSA2,,"1076,850242","1076,850242","9,1296",,,
2026-07-28,APRB18,,"1226,075258","1226,075258","9,3469",,,
2026-07-28,ARTR19,,"1384,414961","1384,414961","11,0393",,,
2026-07-28,ARTRA7,,"930,04811","930,04811","10,2699",,,
2026-07-28,ARTRA8,,"984,102883","984,102883","10,1711",,,
2026-07-28,ASAB11,,"771,600666","771,600666","11,7529",,,
2026-07-28,ASCP13,,"969,682245","969,682245","8,5665",,,
2026-07-28,ASCP23,,"1176,325578","1176,325578","8,4677",,,
2026-07-28,ASER12,,"954,625376","954,625376","12,0253",,,
2026-07-28,ASSR21,,"821,84591","821,84591","9,3073",,,
2026-07-28,ATHT11,,"0,962744","0,962744","9,0222",,,
2026-07-28,ATII12,,"0,962744","0,962744","9,0222",,,
2026-07-28,AURE12,,"1025,633031","1025,633031","8,2458",,,
2026-07-28,AURP12,,"1034,195842","1034,195842","8,225",,,
2026-07-28,AURP13,,"955,432601","955,432601","8,2795",,,
2026-07-28,AXIA18,,"1002,172043","1002,172043","7,9102",,,
2026-07-28,AXIA19,,"1006,376381","1006,376381","8,0089",,,
2026-07-28,AXIA28,,"984,215043","984,215043","7,8183",,,
2026-07-28,AXIA38,,"966,543155","966,543155","7,7724",,,
2026-07-28,BARU11,,"1228,017898","1228,017898","8,3484",,,
2026-07-28,BCPSA5,,"1091,671555","1091,671555","7,6565",,,
2026-07-28,BCPSA7,,"990,847452","990,847452","7,7626",,,
2026-07-28,BHSA11,,"1003,417864","1003,417864","8,4222",,,
2026-07-28,BION17,,"1043,03266","1043,03266","10,9568",,,
2026-07-28,BLMN12,,"992,748759","992,748759","7,685",,,
2026-07-28,BRKP28,,"1180,410061","1180,410061","9,8081",,,
2026-07-28,BRST11,,"770,265917","770,265917","8,3875",,,
2026-07-28,BRST15,,"1018,599047","1018,599047","8,711",,,
2026-07-28,BTCL12,,"1113,11808","1113,11808","10,8372",,,
2026-07-28,BTEL23,,"997,373339","997,373339","10,2583",,,
2026-07-28,BTEL33,,"946,920851","946,920851","10,9736",,,
2026-07-28,CAEC12,,"1107,372732","1107,372732","8,3007",,,
2026-07-28,CAJS11,,"1014,19601","1014,19601","8,7708",,,
2026-07-28,CAJS12,,"967,688117","967,688117","8,8408",,,
2026-07-28,CART13,,"11092,787118","11092,787118","8,7031",,,
2026-07-28,CASN23,,"1133,748291","1133,748291","8,8445",,,
2026-07-28,CASN24,,"1117,24689","1117,24689","8,9439",,,
2026-07-28,CASN34,,"1168,394166","1168,394166","8,872",,,
2026-07-28,CBAN12,,"1405,967909","1405,967909","8,1361",,,
2026-07-28,CBAN32,,"1424,436542","1424,436542","8,1232",,,
2026-07-28,CBAN52,,"1424,442022","1424,442022","8,1231",,,
2026-07-28,CBAN72,,"1424,677773","1424,677773","8,1188",,,
2026-07-28,CCLS11,,"1061,030428","1061,030428","11,9529",,,
2026-07-28,CCPV11,,"1168,394987","1168,394987","8,0609",,,
2026-07-28,CCROA5,,"918,448196","918,448196","7,9653",,,
2026-07-28,CCROB4,,"805,35448","805,35448","7,7105",,,
2026-07-28,CCROB6,,"1153,268848","1153,268848","7,9669",,,
2026-07-28,CDES11,,"1086,688414","1086,688414","8,1541",,,
2026-07-28,CEAD11,,"697,337899","697,337899","8,6766",,,
2026-07-28,CEAL12,,"1010,816149","1010,816149","8,3573",,,
2026-07-28,CEAL21,,"1112,736351","1112,736351","8,3223",,,
2026-07-28,CEAM11,,"79,880132","79,880132","11,1826",,,
2026-07-28,CEAP12,,"1094,993896","1094,993896","8,238",,,
2026-07-28,CEAP14,,"1060,644326","1060,644326","8,3086",,,
2026-07-28,CEAP17,,"1070,020251","1070,020251","8,2706",,,
2026-07-28,CEAP19,,"972,829174","972,829174","8,3678",,,
2026-07-28,CEEBB6,,"1115,81282","1115,81282","8,145",,,
2026-07-28,CEEBB7,,"1038,836575","1038,836575","8,1853",,,
2026-07-28,CEEBC3,,"1201,509733","1201,509733","8,1317",,,
2026-07-28,CEEBC4,,"1148,111163","1148,111163","8,1621",,,
2026-07-28,CEEBD2,,"928,856174","928,856174","8,2067",,,
2026-07-28,CEEBE3,,"1004,670954","1004,670954","8,0985",,,
2026-07-28,CEED12,,"1165,990424","1165,990424","8,1305",,,
2026-07-28,CEED13,,"1092,73566","1092,73566","8,3059",,,
2026-07-28,CEED15,,"1005,123907","1005,123907","8,3885",,,
2026-07-28,CEED17,,"1016,928698","1016,928698","8,29",,,
2026-07-28,CEED19,,"975,021042","975,021042","8,332",,,
2026-07-28,CEED21,,"1265,599943","1265,599943","8,1095",,,
2026-07-28,CEPEA7,,"1002,929345","1002,929345","7,9979",,,
2026-07-28,CEPEA8,,"1003,214778","1003,214778","8,1379",,,
2026-07-28,CEPEB3,,"1038,588718","1038,588718","8,1903",,,
2026-07-28,CEPEB7,,"965,993647","965,993647","8,0944",,,
2026-07-28,CEPEC1,,"1203,813329","1203,813329","8,1356",,,
2026-07-28,CEPEC2,,"1149,50465","1149,50465","8,1294",,,
2026-07-28,CEROA4,,"992,236413","992,236413","8,365",,,
2026-07-28,CEROB4,,"982,336628","982,336628","8,1396",,,
2026-07-28,CERR18,,"1014,698197","1014,698197","9,7666",,,
2026-07-28,CERT11,,"1182,332094","1182,332094","8,5046",,,
2026-07-28,CESE32,,"1155,597774","1155,597774","8,0739",,,
2026-07-28,CESPA2,,"1321,11946","1321,11946","8,0748",,,
2026-07-28,CESPA3,,"1021,019021","1021,019021","8,223",,,
2026-07-28,CGASA1,,"990,740343","990,740343","8,2181",,,
2026-07-28,CGASA2,,"1032,644814","1032,644814","7,9883",,,
2026-07-28,CGASA4,,"978,03726","978,03726","8,0121",,,
2026-07-28,CGASB1,,"970,957131","970,957131","8,0962",,,
2026-07-28,CGASB4,,"951,253969","951,253969","8,0013",,,
2026-07-28,CGEE13,,"795,334079","795,334079","14,3676",,,
2026-07-28,CGEE23,,"796,222492","796,222492","14,3443",,,
2026-07-28,CGMG18,,"1079,37338","1079,37338","7,9325",,,
2026-07-28,CGOS13,,"1136,032197","1136,032197","8,2619",,,
2026-07-28,CGOS16,,"1002,869846","1002,869846","8,3596",,,
2026-07-28,CGOS24,,"1093,891734","1093,891734","8,2213",,,
2026-07-28,CGOS28,,"1016,488225","1016,488225","8,2938",,,
2026-07-28,CGOS34,,"1059,642881","1059,642881","8,3555",,,
2026-07-28,CGOSA0,,"1016,072211","1016,072211","8,2734",,,
2026-07-28,CGOSA2,,"919,49579","919,49579","8,2841",,,
2026-07-28,CGOSB0,,"1013,02289","1013,02289","8,322",,,
2026-07-28,CHSF13,,"1068,146912","1068,146912","7,8577",,,
2026-07-28,CJEN13,,"1157,644929","1157,644929","8,0645",,,
2026-07-28,CLAG13,,"833,227184","833,227184","9,5327",,,
2026-07-28,CLAG15,,"983,515597","983,515597","9,1956",,,
2026-07-28,CLCD26,,"1115,495117","1115,495117","7,7629",,,
2026-07-28,CLCD27,,"1053,047647","1053,047647","7,8866",,,
2026-07-28,CLIS13,,"1124,039663","1124,039663","8,2862",,,
2026-07-28,CLNG11,,N/D,N/D,--,,,
2026-07-28,CLTM14,,"1008,362625","1008,362625","9,1996",,,
2026-07-28,CMGD28,,"1151,648495","1151,648495","8,08",,,
2026-07-28,CMGDA4,,"979,220193","979,220193","7,9408",,,
2026-07-28,CMGDB0,,"1047,175042","1047,175042","7,9775",,,
2026-07-28,CMGDB1,,"1026,673374","1026,673374","7,9452",,,
2026-07-28,CMGDB2,,"1061,359953","1061,359953","7,9168",,,
2026-07-28,CMGDB4,,"960,771531","960,771531","7,847",,,
2026-07-28,CMGTA1,,"979,897937","979,897937","7,9305",,,
2026-07-28,CMGTB1,,"958,647217","958,647217","7,8748",,,
2026-07-28,CMIN11,,"862,834997","862,834997","15,6523",,,
2026-07-28,CMIN12,,"818,207122","818,207122","15,6014",,,
2026-07-28,CMIN21,,"727,132887","727,132887","14,9495",,,
2026-07-28,CMIN22,,"722,611548","722,611548","15,2482",,,
2026-07-28,CMTR29,,"1192,598986","1192,598986","7,8522",,,
2026-07-28,CNRD12,,"967,022187","967,022187","9,0207",,,
2026-07-28,COCE18,,"1085,52802","1085,52802","9,1054",,,
2026-07-28,COCEB2,,"1025,090205","1025,090205","9,2563",,,
2026-07-28,COMR14,,"1010,169654","1010,169654","9,5418",,,
2026-07-28,COMR15,,"910,815926","910,815926","9,5519",,,
2026-07-28,COMT11,,"1020,249468","1020,249468","7,9607",,,
2026-07-28,CONF11,,"1093,778263","1093,778263","8,6264",,,
2026-07-28,CONX12,,"1165,015925","1165,015925","12,4265",,,
2026-07-28,CPFGA2,,"1144,64676","1144,64676","7,8379",,,
2026-07-28,CPFPA2,,"1206,895503","1206,895503","7,8629",,,
2026-07-28,CPFPA5,,"1068,978545","1068,978545","7,8928",,,
2026-07-28,CPFPA7,,"1038,293499","1038,293499","7,9143",,,
2026-07-28,CPFPA9,,"1092,328179","1092,328179","7,9043",,,
2026-07-28,CPFPB0,,"1007,028025","1007,028025","7,9425",,,
2026-07-28,CPFPB1,,"1004,63465","1004,63465","7,9534",,,
2026-07-28,CPFPB7,,"1005,09706","1005,09706","7,8425",,,
2026-07-28,CPGT27,,"1200,553712","1200,553712","7,8847",,,
2026-07-28,CPGT28,,"1111,331545","1111,331545","7,9624",,,
2026-07-28,CPGTA1,,"989,317254","989,317254","7,9069",,,
2026-07-28,CPGTC0,,"1073,096545","1073,096545","7,9219",,,
2026-07-28,CPIS13,,"1022,347015","1022,347015","8,3813",,,
2026-07-28,CPIS14,,"1015,26784","1015,26784","8,2862",,,
2026-07-28,CPIS15,,"993,979441","993,979441","8,3563",,,
2026-07-28,CPIS16,,"919,477341","919,477341","8,2844",,,
2026-07-28,CPLD15,,"956,921503","956,921503","7,7589",,,
2026-07-28,CPLD26,,"1206,0821","1206,0821","7,8483",,,
2026-07-28,CPLD29,,"1025,334223","1025,334223","7,9295",,,
2026-07-28,CPLD37,,"1131,011235","1131,011235","7,9034",,,
2026-07-28,CPLDA1,,"989,098814","989,098814","7,9104",,,
2026-07-28,CPLDC0,,"989,930382","989,930382","7,9084",,,
2026-07-28,CRCF12,,"1127,555261","1127,555261","9,1656",,,
2026-07-28,CRMG15,,"806,650628","806,650628","8,2709",,,
2026-07-28,CRNP13,,"1013,920593","1013,920593","8,8756",,,
2026-07-28,CRNP23,,"1016,280894","1016,280894","8,8462",,,
2026-07-28,CRTA12,,"989,331728","989,331728","9,0607",,,
2026-07-28,CRTR12,,"1011,35461","1011,35461","9,1987",,,
2026-07-28,CSAN33,,"1144,701143","1144,701143","10,8215",,,
2026-07-28,CSMGA6,,"961,697768","961,697768","7,756",,,
2026-07-28,CSMGB8,,"1116,9252","1116,9252","8,9619",,,
2026-07-28,CSMGB9,,"1030,103864","1030,103864","9,36",,,
2026-07-28,CSMGC0,,"1034,992373","1034,992373","9,0509",,,
2026-07-28,CSMGE1,,"1009,698828","1009,698828","9,133",,,
2026-07-28,CSMGE2,,"998,206385","998,206385","9,3998",,,
2026-07-28,CSNAA4,,"591,330655","591,330655","29,3745",,,
2026-07-28,CSNAA5,,"610,64272","610,64272","20,6887",,,
2026-07-28,CSNAA6,,"542,737207","542,737207","21,8095",,,
2026-07-28,CSNAB4,,"641,450785","641,450785","20,8398",,,
2026-07-28,CSNAB5,,"573,282391","573,282391","17,641",,,
2026-07-28,CSNAB6,,"577,254414","577,254414","17,8684",,,
2026-07-28,CSNAC4,,"589,662821","589,662821","17,5793",,,
2026-07-28,CSNP12,,"1125,356708","1125,356708","8,513",,,
2026-07-28,CSRN29,,"1407,111056","1407,111056","8,2211",,,
2026-07-28,CSRNA1,,"1125,239966","1125,239966","8,2106",,,
2026-07-28,CSRNA4,,"1001,897801","1001,897801","8,1736",,,
2026-07-28,CSRNB2,,"1023,84123","1023,84123","8,2027",,,
2026-07-28,CSRNB3,,"930,735297","930,735297","8,1751",,,
2026-07-28,CSRNC0,,"1154,849823","1154,849823","8,0561",,,
2026-07-28,CTEE18,,"1333,099462","1333,099462","7,7206",,,
2026-07-28,CTEE1B,,"1196,88313","1196,88313","7,7767",,,
2026-07-28,CTEE29,,"972,126944","972,126944","7,8613",,,
2026-07-28,CTEE2B,,"1127,611125","1127,611125","7,6525",,,
2026-07-28,CTGE11,,"1348,631947","1348,631947","7,7182",,,
2026-07-28,CTGE13,,"1376,943257","1376,943257","7,7476",,,
2026-07-28,CTGE15,,"1068,608882","1068,608882","7,8745",,,
2026-07-28,CTNSA3,,"1007,215831","1007,215831","8,3253",,,
2026-07-28,CTNSA5,,"943,307748","943,307748","8,3405",,,
2026-07-28,CTRR11,,"759,318244","759,318244","7,7974",,,
2026-07-28,CUTI11,,"794,41994","794,41994","8,0694",,,
2026-07-28,CYAR11,,"79,760828","79,760828","11,1814",,,
2026-07-28,DESK17,,"1088,519218","1088,519218","8,1572",,,
2026-07-28,DESK18,,"1051,015724","1051,015724","8,115",,,
2026-07-28,DESK19,,"1071,370058","1071,370058","8,1041",,,
2026-07-28,EBAS13,,"1148,438024","1148,438024","8,8597",,,
2026-07-28,EBENA8,,"1037,044159","1037,044159","8,0919",,,
2026-07-28,ECER12,,"1342,862757","1342,862757","8,1588",,,
2026-07-28,ECHP11,,"957,35115","957,35115","8,4205",,,
2026-07-28,ECHP12,,"880,588562","880,588562","8,436",,,
2026-07-28,ECHP22,,"880,687086","880,687086","8,421",,,
2026-07-28,ECOV16,,"1031,745102","1031,745102","8,822",,,
2026-07-28,ECPN11,,"1065,324972","1065,324972","9,9762",,,
2026-07-28,ECRD14,,"1064,001135","1064,001135","8,8917",,,
2026-07-28,EDFT11,,"1140,960777","1140,960777","8,7261",,,
2026-07-28,EDPA11,,"1370,529877","1370,529877","8,0427",,,
2026-07-28,EDPT11,,"824,692367","824,692367","8,1628",,,
2026-07-28,EDTE12,,"1000,292792","1000,292792","7,8728",,,
2026-07-28,EDVP17,,"1157,455006","1157,455006","8,1608",,,
2026-07-28,EEELA0,,"1067,258169","1067,258169","7,927",,,
2026-07-28,EEELA1,,"1026,217151","1026,217151","7,9642",,,
2026-07-28,EEELA4,,"1089,813213","1089,813213","7,9483",,,
2026-07-28,EEELB1,,"989,656002","989,656002","7,8668",,,
2026-07-28,EEELB5,,"1009,707198","1009,707198","7,8947",,,
2026-07-28,EGIE27,,"993,47222","993,47222","7,5642",,,
2026-07-28,EGIE29,,"1366,569999","1366,569999","7,9451",,,
2026-07-28,EGIE49,,"1361,607606","1361,607606","7,9781",,,
2026-07-28,EGIEA0,,"1049,035014","1049,035014","7,7309",,,
2026-07-28,EGIEA1,,"1084,753593","1084,753593","7,7395",,,
2026-07-28,EGIEA6,,"938,146241","938,146241","7,7639",,,
2026-07-28,EGIEB1,,"1046,247702","1046,247702","7,7305",,,
2026-07-28,EGIEB2,,"1056,193801","1056,193801","7,7816",,,
2026-07-28,EGIEB4,,"1167,239477","1167,239477","7,7399",,,
2026-07-28,EGIEB5,,"1064,324517","1064,324517","7,7742",,,
2026-07-28,EGVG11,,"553,47653","553,47653","8,0962",,,
2026-07-28,EGVG21,,"563,351137","563,351137","8,1462",,,
2026-07-28,EKTRA6,,"1006,38678","1006,38678","7,9962",,,
2026-07-28,EKTRA8,,"1003,270164","1003,270164","8,1364",,,
2026-07-28,EKTRB3,,"1024,092692","1024,092692","8,2061",,,
2026-07-28,EKTRB6,,"965,753772","965,753772","8,1221",,,
2026-07-28,EKTRC0,,"1198,923371","1198,923371","8,1346",,,
2026-07-28,EKTRC1,,"1155,714888","1155,714888","8,0207",,,
2026-07-28,EKTT11,,"1160,42305","1160,42305","8,2205",,,
2026-07-28,ELDC15,,"977,951892","977,951892","9,2947",,,
2026-07-28,ELET14,,"1112,566423","1112,566423","7,8581",,,
2026-07-28,ELET16,,"1056,895246","1056,895246","7,9003",,,
2026-07-28,ELET23,,"1217,429245","1217,429245","7,8251",,,
2026-07-28,ELET42,,"1420,237388","1420,237388","8,0429",,,
2026-07-28,ELPLA5,,"1071,776641","1071,776641","12,021",,,
2026-07-28,ELPLA7,,"987,030137","987,030137","11,9437",,,
2026-07-28,ELPLC8,,"1096,87252","1096,87252","10,2244",,,
2026-07-28,ELTE12,,"912,720596","912,720596","7,768",,,
2026-07-28,ELTN15,,"1068,900553","1068,900553","7,8672",,,
2026-07-28,ELTN27,,"1020,234945","1020,234945","7,94",,,
2026-07-28,ELTN37,,"1004,900813","1004,900813","7,9077",,,
2026-07-28,ENAT11,,"1060,910894","1060,910894","9,2802",,,
2026-07-28,ENAT12,,"1127,266551","1127,266551","9,3666",,,
2026-07-28,ENAT13,,"1077,328129","1077,328129","9,2054",,,
2026-07-28,ENAT14,,"1078,50515","1078,50515","9,1534",,,
2026-07-28,ENAT24,,"1064,984125","1064,984125","9,2283",,,
2026-07-28,ENAT33,,"1067,135627","1067,135627","9,1873",,,
2026-07-28,ENERA1,,"1079,781109","1079,781109","8,1965",,,
2026-07-28,ENERB4,,"1005,955927","1005,955927","8,2894",,,
2026-07-28,ENERB7,,"991,662785","991,662785","8,2991",,,
2026-07-28,ENERC7,,"975,343071","975,343071","8,1343",,,
2026-07-28,ENEV13,,"945,092008","945,092008","7,8913",,,
2026-07-28,ENEV15,,"1362,880299","1362,880299","7,9943",,,
2026-07-28,ENEV16,,"1301,430041","1301,430041","8,0126",,,
2026-07-28,ENEV18,,"1116,577206","1116,577206","8,1443",,,
2026-07-28,ENEV19,,"1172,065905","1172,065905","8,1129",,,
2026-07-28,ENEV26,,"1158,707147","1158,707147","8,066",,,
2026-07-28,ENEV28,,"1076,300812","1076,300812","8,0632",,,
2026-07-28,ENEV29,,"1140,843425","1140,843425","8,1312",,,
2026-07-28,ENEV32,,"1413,111586","1413,111586","8,1759",,,
2026-07-28,ENEV39,,"1143,857766","1143,857766","7,9805",,,
2026-07-28,ENEVA0,,"1047,755011","1047,755011","8,1002",,,
2026-07-28,ENEVA4,,"943,35912","943,35912","8,1014",,,
2026-07-28,ENEVB0,,"1022,810834","1022,810834","8,0268",,,
2026-07-28,ENEVB4,,"933,915105","933,915105","7,8913",,,
2026-07-28,ENGI39,,"1581,123686","1581,123686","8,128",,,
2026-07-28,ENGIA4,,"1372,377167","1372,377167","8,0908",,,
2026-07-28,ENGIA5,,"1209,917877","1209,917877","8,229",,,
2026-07-28,ENGIA6,,"1183,677429","1183,677429","8,3604",,,
2026-07-28,ENGIA9,,"1098,107775","1098,107775","8,225",,,
2026-07-28,ENGIB0,,"1046,403417","1046,403417","8,2144",,,
2026-07-28,ENGIB2,,"1006,047902","1006,047902","8,2878",,,
2026-07-28,ENGIB4,,"1294,802567","1294,802567","8,1428",,,
2026-07-28,ENGIB6,,"1137,009602","1137,009602","8,2271",,,
2026-07-28,ENGIB9,,"1073,694663","1073,694663","8,2844",,,
2026-07-28,ENGIC0,,"989,807296","989,807296","8,1753",,,
2026-07-28,ENJG21,,"340,37099","340,37099","7,7271",,,
2026-07-28,ENMI21,,"389,603387","389,603387","7,6412",,,
2026-07-28,ENMTA3,,"1372,213993","1372,213993","8,1017",,,
2026-07-28,ENMTA4,,"1209,146067","1209,146067","8,2479",,,
2026-07-28,ENMTA5,,"1184,731333","1184,731333","8,2996",,,
2026-07-28,ENMTA7,,"1079,053194","1079,053194","8,2173",,,
2026-07-28,ENMTB3,,"1294,546393","1294,546393","8,1501",,,
2026-07-28,ENMTB5,,"1136,740015","1136,740015","8,2335",,,
2026-07-28,ENMTC5,,"995,830759","995,830759","8,2904",,,
2026-07-28,ENMTC6,,"975,289899","975,289899","8,1733",,,
2026-07-28,ENMTD2,,"1014,205939","1014,205939","8,2895",,,
2026-07-28,ENMTD5,,"972,931108","972,931108","8,1663",,,
2026-07-28,ENMTE6,,"989,69047","989,69047","8,3479",,,
2026-07-28,ENMTF8,,"943,170188","943,170188","8,3428",,,
2026-07-28,ENMTG8,,"920,955017","920,955017","8,1588",,,
2026-07-28,ENSEA1,,"1222,67338","1222,67338","8,0518",,,
2026-07-28,ENSEA5,,"944,085776","944,085776","8,3275",,,
2026-07-28,ENSEB4,,"997,963684","997,963684","8,3151",,,
2026-07-28,ENSEB5,,"920,368526","920,368526","8,1668",,,
2026-07-28,ENSEC4,,"978,734334","978,734334","8,0895",,,
2026-07-28,ENTV12,,"1426,97456","1426,97456","8,2561",,,
2026-07-28,ENTV13,,"1097,001748","1097,001748","8,4377",,,
2026-07-28,EPRL12,,"1002,008717","1002,008717","9,028",,,
2026-07-28,EQMAA0,,"1064,79645","1064,79645","8,3154",,,
2026-07-28,EQMAA2,,"1017,74512","1017,74512","8,2764",,,
2026-07-28,EQPA18,,"1058,043563","1058,043563","8,2918",,,
2026-07-28,EQPA19,,"976,752373","976,752373","8,3038",,,
2026-07-28,EQPAA1,,"919,680363","919,680363","8,2811",,,
2026-07-28,EQSP11,,"949,61065","949,61065","8,2795",,,
2026-07-28,EQSP21,,"841,205871","841,205871","8,2513",,,
2026-07-28,EQTC11,,"1152,450725","1152,450725","8,3524",,,
2026-07-28,EQTN11,,"949,488911","949,488911","8,3025",,,
2026-07-28,EQTR11,,"1152,437933","1152,437933","8,3526",,,
2026-07-28,EQTR21,,"1152,271673","1152,271673","8,3552",,,
2026-07-28,EQTS11,,"947,622642","947,622642","8,2896",,,
2026-07-28,EQUA11,,"1005,007875","1005,007875","8,2801",,,
2026-07-28,ERDVA4,,"1030,968426","1030,968426","8,823",,,
2026-07-28,ERDVB4,,"1020,967868","1020,967868","8,839",,,
2026-07-28,ERDVC3,,"1055,288419","1055,288419","8,9136",,,
2026-07-28,ERDVC4,,"997,909756","997,909756","8,8101",,,
2026-07-28,ESAM14,,"755,063247","755,063247","8,1375",,,
2026-07-28,ESCEA5,,"1034,661375","1034,661375","8,1284",,,
2026-07-28,ESSDA4,,"1007,402849","1007,402849","8,3219",,,
2026-07-28,ESSDA5,,"991,320357","991,320357","8,3211",,,
2026-07-28,ESSDB5,,"978,213263","978,213263","8,1348",,,
2026-07-28,ESULA6,,"1209,158313","1209,158313","8,2476",,,
2026-07-28,ETBA12,,"1132,216789","1132,216789","7,8849",,,
2026-07-28,ETEN12,,"1372,270875","1372,270875","8,0979",,,
2026-07-28,ETEN21,,"1458,561525","1458,561525","8,0809",,,
2026-07-28,ETEN22,,"1294,146487","1294,146487","8,1615",,,
2026-07-28,ETSP12,,"1152,022348","1152,022348","8,3591",,,
2026-07-28,EUBE11,,"814,789829","814,789829","7,7196",,,
2026-07-28,EXTZ11,,"601,362572","601,362572","7,637",,,
2026-07-28,FBRI13,,"1115,006728","1115,006728","7,7524",,,
2026-07-28,FEPS11,,"1041,216978","1041,216978","9,1205",,,
2026-07-28,FGEN13,,"508,026875","508,026875","7,5742",,,
2026-07-28,FLCLA9,,"992,911216","992,911216","8,295",,,
2026-07-28,FLCLB9,,"975,767405","975,767405","8,167",,,
2026-07-28,FRAG14,,"1054,644023","1054,644023","9,137",,,
2026-07-28,FRAG16,,"1040,921896","1040,921896","9,1639",,,
2026-07-28,FSII14,,"1018,557908","1018,557908","10,25",,,
2026-07-28,FURN21,,"1189,921473","1189,921473","8,0015",,,
2026-07-28,GASC15,,"972,51799","972,51799","8,5987",,,
2026-07-28,GASC16,,"980,606284","980,606284","8,6243",,,
2026-07-28,GASC17,,"963,030608","963,030608","8,442",,,
2026-07-28,GASC18,,"1009,720245","1009,720245","8,6334",,,
2026-07-28,GASC19,,"934,812264","934,812264","8,16",,,
2026-07-28,GASC22,,"1183,758462","1183,758462","8,6071",,,
2026-07-28,GASC23,,"1113,676118","1113,676118","8,6332",,,
2026-07-28,GASC25,,"939,13471","939,13471","8,4696",,,
2026-07-28,GASC26,,"964,134871","964,134871","8,4146",,,
2026-07-28,GASC27,,"963,277662","963,277662","8,438",,,
2026-07-28,GASC28,,"1017,392111","1017,392111","8,4377",,,
2026-07-28,GASP19,,"1206,084241","1206,084241","8,1645",,,
2026-07-28,GASP29,,"1097,852735","1097,852735","8,2027",,,
2026-07-28,GSTS14,,"1043,306018","1043,306018","10,5203",,,
2026-07-28,GSTS24,,"953,614187","953,614187","10,9178",,,
2026-07-28,HARG11,,"1059,600811","1059,600811","8,8736",,,
2026-07-28,HBSA11,,"1229,472872","1229,472872","8,6006",,,
2026-07-28,HBSA21,,"1186,776522","1186,776522","8,5418",,,
2026-07-28,HGLB23,,"1036,803608","1036,803608","11,0066",,,
2026-07-28,HSBH11,,"988,400278","988,400278","9,3669",,,
2026-07-28,HVSP11,,"1177,799475","1177,799475","9,4027",,,
2026-07-28,HZTC14,,"1062,00111","1062,00111","8,5495",,,
2026-07-28,IBPB11,,"1120,145059","1120,145059","8,5014",,,
2026-07-28,IGSN15,,"971,429849","971,429849","11,3667",,,
2026-07-28,IPIPA5,,"1009,08984","1009,08984","7,8258",,,
2026-07-28,IRJS14,,"1122,957179","1122,957179","10,9552",,,
2026-07-28,IRJS15,,"1026,836793","1026,836793","10,9596",,,
2026-07-28,ISAEA8,,"1050,5792","1050,5792","7,8043",,,
2026-07-28,ISAEA9,,"1037,811162","1037,811162","7,6589",,,
2026-07-28,ISAEB0,,"981,737562","981,737562","7,7006",,,
2026-07-28,ISAEB2,,"936,809362","936,809362","7,6427",,,
2026-07-28,ISAEB8,,"1066,618546","1066,618546","7,872",,,
2026-07-28,ISAEC0,,"970,837602","970,837602","7,6859",,,
2026-07-28,ISAEC2,,"935,720971","935,720971","7,6563",,,
2026-07-28,ITPE13,,"1062,235346","1062,235346","9,6123",,,
2026-07-28,ITPO14,,"1381,83721","1381,83721","8,2441",,,
2026-07-28,ITPO15,,"1017,900793","1017,900793","8,2642",,,
2026-07-28,IVIAA0,,"975,665713","975,665713","9,4534",,,
2026-07-28,JALL11,,"1185,12635","1185,12635","8,6438",,,
2026-07-28,JALL13,,"1127,289896","1127,289896","8,8119",,,
2026-07-28,JALL14,,"1092,324407","1092,324407","9,0019",,,
2026-07-28,JALL15,,"999,680615","999,680615","8,8936",,,
2026-07-28,JALL21,,"1131,590555","1131,590555","8,8759",,,
2026-07-28,JALL24,,"1084,590779","1084,590779","8,7688",,,
2026-07-28,JSMLB5,,"1118,320252","1118,320252","14,1528",,,
2026-07-28,JTEE11,,"880,550878","880,550878","7,8913",,,
2026-07-28,JTEE12,,"1275,421268","1275,421268","7,8174",,,
2026-07-28,KLBNA5,,"1002,290337","1002,290337","7,5563",,,
2026-07-28,LCAMD1,,"1185,237237","1185,237237","10,0159",,,
2026-07-28,LCAMD3,,"1154,638863","1154,638863","9,9891",,,
2026-07-28,LGEN11,,"812,523894","812,523894","7,8928",,,
2026-07-28,LIGH1B,,"77,922361","77,922361",--,,,
2026-07-28,LIGHB4,,"76,216032","76,216032",--,,,
2026-07-28,LIGHB6,,"77,922361","77,922361",--,,,
2026-07-28,LIGHB7,,"77,922361","77,922361",--,,,
2026-07-28,LIGHC3,,"77,126074","77,126074",--,,,
2026-07-28,LIGHD3,,N/D,N/D,--,,,
2026-07-28,LORTA7,,"1183,364857","1183,364857","10,032",,,
2026-07-28,LTTE15,,"1093,909354","1093,909354","8,0279",,,
2026-07-28,MGPRA0,,"1024,094277","1024,094277","8,9906",,,
2026-07-28,MGSP12,,"1106,373221","1106,373221","8,1469",,,
2026-07-28,MOTVB9,,"976,948936","976,948936","7,8318",,,
2026-07-28,MOVI18,,"1063,780811","1063,780811","13,2771",,,
2026-07-28,MOVI37,,"1096,575673","1096,575673","14,0098",,,
2026-07-28,MRSAA1,,"1068,457185","1068,457185","7,927",,,
2026-07-28,MRSAA2,,"1039,003061","1039,003061","7,8444",,,
2026-07-28,MRSAA3,,"1022,252731","1022,252731","7,8493",,,
2026-07-28,MRSAA4,,"941,934535","941,934535","7,7522",,,
2026-07-28,MRSAB1,,"1066,801318","1066,801318","7,9085",,,
2026-07-28,MRSAB2,,"1030,038434","1030,038434","7,906",,,
2026-07-28,MRSAB3,,"979,836508","979,836508","7,6943",,,
2026-07-28,MRSAC1,,"1060,565095","1060,565095","7,7876",,,
2026-07-28,MRSAC2,,"1023,477166","1023,477166","7,778",,,
2026-07-28,MSGT12,,"816,624786","816,624786","8,131",,,
2026-07-28,MSGT13,,"945,533885","945,533885","9,1769",,,
2026-07-28,MSGT23,,"1042,323305","1042,323305","8,1764",,,
2026-07-28,MSGT33,,"990,824992","990,824992","8,1004",,,
2026-07-28,MVLV26,,"1171,51208","1171,51208","15,9421",,,
2026-07-28,NEOE16,,"1375,574404","1375,574404","8,2142",,,
2026-07-28,NEOE26,,"826,504948","826,504948","8,1277",,,
2026-07-28,NMCH11,,"1128,980111","1128,980111","8,0959",,,
2026-07-28,NNAE12,,"1291,101901","1291,101901","8,9188",,,
2026-07-28,NRTB11,,"156,777953","156,777953","14,0837",,,
2026-07-28,NRTB21,,"186,21619","186,21619","13,8725",,,
2026-07-28,NTEN11,,"940,49665","940,49665","13,6264",,,
2026-07-28,NTSD19,,"976,429764","976,429764","7,5848",,,
2026-07-28,NTSDA1,,"942,083233","942,083233","7,6018",,,
2026-07-28,ODYA11,,"812,859535","812,859535","8,5364",,,
2026-07-28,OMGE12,,"1328,152202","1328,152202","9,0792",,,
2026-07-28,OMGE22,,"1357,145911","1357,145911","9,1084",,,
2026-07-28,OMGE41,,"1445,246649","1445,246649","8,725",,,
2026-07-28,OMNG12,,"647,943472","647,943472","8,6414",,,
2026-07-28,ONZE21,,"1050,09424","1050,09424","8,7405",,,
2026-07-28,ORIG11,,"1003,800508","1003,800508","11,269",,,
2026-07-28,ORIG12,,"997,517251","997,517251","11,3522",,,
2026-07-28,ORVR16,,"1004,477589","1004,477589","8,6014",,,
2026-07-28,PALF38,,"1052,02633","1052,02633","7,7288",,,
2026-07-28,PALFA3,,"1069,134671","1069,134671","7,8897",,,
2026-07-28,PALFA7,,"1004,970809","1004,970809","7,9475",,,
2026-07-28,PALFB3,,"1042,690259","1042,690259","7,9692",,,
2026-07-28,PALFB6,,"1088,632811","1088,632811","7,969",,,
2026-07-28,PASN12,,"568,667051","568,667051","9,444",,,
2026-07-28,PAXA12,,"1225,452339","1225,452339","9,3912",,,
2026-07-28,PEJA11,,"1206,678371","1206,678371","8,2069",,,
2026-07-28,PEJA22,,"1052,934871","1052,934871","8,3244",,,
2026-07-28,PEJA23,,"1033,088177","1033,088177","8,3869",,,
2026-07-28,PETR17,,"1343,140519","1343,140519","7,1847",,,
2026-07-28,PETR18,,"997,87449","997,87449","7,2893",,,
2026-07-28,PETR26,,"1404,358306","1404,358306","7,1799",,,
2026-07-28,PETR27,,"1185,493611","1185,493611","7,3836",,,
2026-07-28,PETR28,,"1010,413077","1010,413077","7,2118",,,
2026-07-28,PETR38,,"1026,474537","1026,474537","7,1479",,,
2026-07-28,PLSB1A,,"1114,639612","1114,639612","9,7737",,,
2026-07-28,POTE11,,"1018,354337","1018,354337","8,5624",,,
2026-07-28,POTE12,,"88,059128","88,059128","8,4868",,,
2026-07-28,PRAS11,,"997,022345","997,022345","8,1472",,,
2026-07-28,PRPO12,,"918,860594","918,860594","8,3929",,,
2026-07-28,PRSS11,,"1156,248491","1156,248491","9,1999",,,
2026-07-28,PRTE12,,"420,625705","420,625705","7,8881",,,
2026-07-28,PTAZ11,,"1077,219136","1077,219136","8,1406",,,
2026-07-28,QMCT14,,"1110,069567","1110,069567","9,2155",,,
2026-07-28,QUAT13,,"1014,674938","1014,674938","9,2732",,,
2026-07-28,RAIZ13,,"529,661578","529,661578",--,,,
2026-07-28,RAIZ23,,"541,986287","541,986287",--,,,
2026-07-28,RALM11,,"1125,458922","1125,458922","9,1054",,,
2026-07-28,RALM21,,"1051,107124","1051,107124","9,109",,,
2026-07-28,RATL11,,"1160,503697","1160,503697","7,9173",,,
2026-07-28,RDOE18,,"1065,067893","1065,067893","7,9558",,,
2026-07-28,RDVE11,,"1085,06553","1085,06553","7,9429",,,
2026-07-28,RECV11,,"1086,184881","1086,184881","8,4401",,,
2026-07-28,RECV14,,"1020,764172","1020,764172","7,9983",,,
2026-07-28,RECV24,,"971,264529","971,264529","8,5439",,,
2026-07-28,RENTD1,,"1167,224474","1167,224474","10,0484",,,
2026-07-28,RESA14,,"711,263613","711,263613",--,,,
2026-07-28,RESA15,,"706,16487","706,16487",--,,,
2026-07-28,RESA17,,"619,411913","619,411913",--,,,
2026-07-28,RESA27,,"616,859273","616,859273",--,,,
2026-07-28,RIGEA1,,N/D,N/D,--,,,
2026-07-28,RIGEA3,,"1163,572186","1163,572186","8,0174",,,
2026-07-28,RIPR22,,"1201,700896","1201,700896","7,922",,,
2026-07-28,RIS412,,"9,423728","9,423728","12,2053",,,
2026-07-28,RIS414,,"0,952953","0,952953","11,8803",,,
2026-07-28,RIS422,,"8,425709","8,425709","11,4952",,,
2026-07-28,RIS424,,"0,8858","0,8858","11,2921",,,
2026-07-28,RISP12,,"9,482776","9,482776","12,0322",,,
2026-07-28,RISP14,,"0,946017","0,946017","12,0688",,,
2026-07-28,RISP22,,"8,456906","8,456906","11,4407",,,
2026-07-28,RISP24,,"0,884749","0,884749","11,3098",,,
2026-07-28,RLMS13,,"994,38356","994,38356","8,8899",,,
2026-07-28,RMSA12,,"1199,701553","1199,701553","9,9677",,,
2026-07-28,ROTY13,,"1002,196627","1002,196627","8,0183",,,
2026-07-28,RPTA14,,"1110,811983","1110,811983","8,8406",,,
2026-07-28,RRRP13,,"1135,032564","1135,032564","9,2246",,,
2026-07-28,RSAN16,,"971,260884","971,260884","9,8772",,,
2026-07-28,RSAN26,,"952,924044","952,924044","9,7525",,,
2026-07-28,RSAN34,,"659,876711","659,876711","9,6409",,,
2026-07-28,RSAN44,,"892,08263","892,08263","9,835",,,
2026-07-28,RUMOA2,,"1434,40648","1434,40648","8,6796",,,
2026-07-28,RUMOA3,,"1374,346834","1374,346834","8,6796",,,
2026-07-28,RUMOA4,,"1409,567353","1409,567353","8,4409",,,
2026-07-28,RUMOA5,,"1193,43426","1193,43426","8,5201",,,
2026-07-28,RUMOA6,,"1167,546619","1167,546619","8,5931",,,
2026-07-28,RUMOA7,,"1099,255455","1099,255455","8,3336",,,
2026-07-28,RUMOB3,,"1352,34032","1352,34032","8,6197",,,
2026-07-28,RUMOB5,,"1022,061999","1022,061999","8,5746",,,
2026-07-28,RUMOB6,,"1020,41347","1020,41347","8,5412",,,
2026-07-28,RUMOB7,,"1025,701731","1025,701731","8,5741",,,
2026-07-28,SABP12,,"1081,745765","1081,745765","11,3166",,,
2026-07-28,SAELA1,,"1180,806037","1180,806037","8,1899",,,
2026-07-28,SAELA3,,"1045,704281","1045,704281","8,2323",,,
2026-07-28,SAELA7,,"990,687427","990,687427","8,3315",,,
2026-07-28,SAELB3,,"983,365213","983,365213","8,2639",,,
2026-07-28,SAELB7,,"978,068699","978,068699","8,1367",,,
2026-07-28,SAELB8,,"944,439174","944,439174","8,3216",,,
2026-07-28,SAPR10,,"14304,909065","14304,909065","7,8485",,,
2026-07-28,SAPRA2,,"1270,066138","1270,066138","7,8202",,,
2026-07-28,SAPRA3,,"1220,81217","1220,81217","7,6613",,,
2026-07-28,SAPRB3,,"1149,740745","1149,740745","7,7534",,,
2026-07-28,SAUC16,,"1082,539686","1082,539686","12,696",,,
2026-07-28,SAVI13,,"640,686673","640,686673","8,7076",,,
2026-07-28,SBSPB6,,"1402,803548","1402,803548","7,545",,,
2026-07-28,SBSPC6,,"1341,743734","1341,743734","7,6537",,,
2026-07-28,SBSPD4,,"1354,87867","1354,87867","7,9088",,,
2026-07-28,SBSPE3,,"1107,29027","1107,29027","7,7355",,,
2026-07-28,SBSPE9,,"1194,179074","1194,179074","7,6195",,,
2026-07-28,SBSPF3,,"1096,555819","1096,555819","7,6443",,,
2026-07-28,SBSPF9,,"1111,948707","1111,948707","7,7529",,,
2026-07-28,SBSPI8,,"954,648701","954,648701","7,7761",,,
2026-07-28,SBSPJ8,,"952,709556","952,709556","7,6844",,,
2026-07-28,SBSPK8,,"942,629073","942,629073","7,5647",,,
2026-07-28,SDOM12,,N/D,N/D,--,,,
2026-07-28,SERI11,,"933,089501","933,089501","8,9158",,,
2026-07-28,SMTO14,,"1097,235477","1097,235477","8,5963",,,
2026-07-28,SMTO15,,"1210,616118","1210,616118","8,3677",,,
2026-07-28,SMTO24,,"1050,154843","1050,154843","8,4758",,,
2026-07-28,SPRZ11,,"706,345329","706,345329","7,8388",,,
2026-07-28,SRBS11,,"992,316786","992,316786","7,789",,,
2026-07-28,SRNA11,,"1030,448533","1030,448533","9,3994",,,
2026-07-28,SRTI11,,"729,617342","729,617342","8,4676",,,
2026-07-28,STBP35,,"1046,128702","1046,128702","7,8682",,,
2026-07-28,STBP45,,"1020,775621","1020,775621","7,8772",,,
2026-07-28,STRZ11,,"1024,100761","1024,100761","8,3688",,,
2026-07-28,SUMI17,,"889,519517","889,519517","14,0527",,,
2026-07-28,SUMI18,,"895,694267","895,694267","14,9207",,,
2026-07-28,SUMI19,,"921,481275","921,481275","13,8464",,,
2026-07-28,SUMI37,,"800,457116","800,457116","14,8708",,,
2026-07-28,SUZB19,,"1100,96909","1100,96909","7,5699",,,
2026-07-28,SUZB29,,"1077,396541","1077,396541","7,6228",,,
2026-07-28,SUZBA0,,"1056,039576","1056,039576","7,5887",,,
2026-07-28,SUZBC1,,"1012,646727","1012,646727","7,6962",,,
2026-07-28,TAEE17,,"1438,384785","1438,384785","7,8052",,,
2026-07-28,TAEE18,,"1102,598685","1102,598685","7,7841",,,
2026-07-28,TAEE26,,"1236,330646","1236,330646","7,6609",,,
2026-07-28,TAEEA2,,"1106,729337","1106,729337","7,8164",,,
2026-07-28,TAEEA4,,"1053,786596","1053,786596","7,7992",,,
2026-07-28,TAEEA7,,"1151,552812","1151,552812","7,7063",,,
2026-07-28,TAEEA8,,"1090,54425","1090,54425","7,7908",,,
2026-07-28,TAEEB0,,"957,802385","957,802385","7,518",,,
2026-07-28,TAEEB2,,"1163,394335","1163,394335","7,6727",,,
2026-07-28,TAEEB4,,"1043,289839","1043,289839","7,8351",,,
2026-07-28,TAEEB8,,"1075,624791","1075,624791","7,7684",,,
2026-07-28,TAEEC2,,"1131,518309","1131,518309","7,7588",,,
2026-07-28,TAEEC4,,"1046,727039","1046,727039","7,7897",,,
2026-07-28,TAEED2,,"1070,819305","1070,819305","7,7807",,,
2026-07-28,TBEG11,,"918,026902","918,026902","9,2269",,,
2026-07-28,TCII11,,"1116,132283","1116,132283","8,2785",,,
2026-07-28,TEPA11,,"1038,390634","1038,390634","18,3127",,,
2026-07-28,TEPA12,,"949,841462","949,841462","16,881",,,
2026-07-28,TEPA13,,"989,375523","989,375523","15,3581",,,
2026-07-28,TIET18,,"756,092339","756,092339","8,3015",,,
2026-07-28,TIET29,,"1429,000512","1429,000512","8,2647",,,
2026-07-28,TIET39,,"1427,430816","1427,430816","8,2903",,,
2026-07-28,TIMS12,,"854,888431","854,888431","7,4499",,,
2026-07-28,TNHL11,,"1087,908542","1087,908542","8,2254",,,
2026-07-28,TPEN11,,"1042,770085","1042,770085","7,85",,,
2026-07-28,TPNO12,,"615,342054","615,342054","8,1326",,,
2026-07-28,TPNO13,,"1059,931012","1059,931012","7,7415",,,
2026-07-28,TRCC11,,"1039,801746","1039,801746","8,0376",,,
2026-07-28,TRGO11,,"1007,327468","1007,327468","8,3761",,,
2026-07-28,TRGP13,,"1009,761589","1009,761589","7,7209",,,
2026-07-28,TRPLA4,,"1066,873765","1066,873765","7,9383",,,
2026-07-28,TRPLA7,,"1126,847164","1126,847164","7,6403",,,
2026-07-28,TRPLB4,,"1055,585486","1055,585486","7,7405",,,
2026-07-28,TRPLB7,,"1016,329783","1016,329783","7,7658",,,
2026-07-28,TRRG12,,"1053,673095","1053,673095","8,0478",,,
2026-07-28,TSSG21,,"1049,163424","1049,163424","7,7518",,,
2026-07-28,TUPW21,,"933,115721","933,115721","11,4395",,,
2026-07-28,TVVH11,,"814,947039","814,947039","8,5077",,,
2026-07-28,UHSM12,,"1156,285679","1156,285679","7,7679",,,
2026-07-28,ULFT14,,"975,404044","975,404044","8,0831",,,
2026-07-28,UNEG11,,"1123,883288","1123,883288","8,8858",,,
2026-07-28,UNTE11,,"444,02802","444,02802","8,9725",,,
2026-07-28,USAS11,,"688,431291","688,431291","9,1272",,,
2026-07-28,USAS12,,"1031,002721","1031,002721","9,2396",,,
2026-07-28,USAS22,,"1014,219256","1014,219256","9,3057",,,
2026-07-28,USNA13,,"1023,026356","1023,026356","9,6694",,,
2026-07-28,UTPS11,,"633,092685","633,092685","9,0723",,,
2026-07-28,UTPS12,,"610,095937","610,095937","9,0913",,,
2026-07-28,UTPS21,,"1345,46309","1345,46309","9,1634",,,
2026-07-28,UTPS22,,"1204,929473","1204,929473","9,1678",,,
2026-07-28,VALE48,,"1024,245699","1024,245699","7,5035",,,
2026-07-28,VALEA0,,"1051,102616","1051,102616","7,2908",,,
2026-07-28,VALEB0,,"1047,069448","1047,069448","7,2689",,,
2026-07-28,VALEB1,,"1045,424748","1045,424748","7,2943",,,
2026-07-28,VALEC0,,"1030,775578","1030,775578","7,309",,,
2026-07-28,VALEC1,,"1028,311386","1028,311386","7,3166",,,
2026-07-28,VALED1,,"1027,945197","1027,945197","7,28",,,
2026-07-28,VAMO33,,"1043,742755","1043,742755","14,4825",,,
2026-07-28,VAMO34,,"1040,559147","1040,559147","14,7356",,,
2026-07-28,VBBRA0,,"982,953199","982,953199","8,4097",,,
2026-07-28,VBRR11,,"1178,048418","1178,048418","10,8303",,,
2026-07-28,VDBF12,,"1046,399131","1046,399131","8,5575",,,
2026-07-28,VERO12,,"995,197023","995,197023",--,,,
2026-07-28,VERO13,,"941,552642","941,552642",--,,,
2026-07-28,VERO24,,"909,944995","909,944995",--,,,
2026-07-28,VERO25,,"851,733555","851,733555",--,,,
2026-07-28,VERO35,,"854,436527","854,436527",--,,,
2026-07-28,VERO44,,"913,669996","913,669996",--,,,
2026-07-28,VIALA5,,"1008,111334","1008,111334","7,9708",,,
2026-07-28,VLIM13,,"1211,96129","1211,96129","7,8861",,,
2026-07-28,VLIM14,,"1124,547564","1124,547564","7,9672",,,
2026-07-28,VLIM15,,"1056,235108","1056,235108","7,954",,,
2026-07-28,VLIM16,,"1032,338021","1032,338021","8,0388",,,
2026-07-28,VLIM17,,"1008,38823","1008,38823","8,0287",,,
2026-07-28,VLIM18,,"975,381571","975,381571","8,0835",,,
2026-07-28,VLIM19,,"940,337751","940,337751","8,0064",,,
2026-07-28,VLIM26,,"1003,238883","1003,238883","8,1316",,,
2026-07-28,VLIM27,,"996,09265","996,09265","7,9613",,,
2026-07-28,VLIM28,,"966,715127","966,715127","7,9991",,,
2026-07-28,VLIM29,,"926,79484","926,79484","7,9318",,,
2026-07-28,VPLT12,,"214,135533","214,135533","9,0282",,,
2026-07-28,VRDN12,,"1165,111518","1165,111518","8,7553",,,
2026-07-28,WDPR11,,"704,316832","704,316832","7,8273",,,
2026-07-28,WNTY12,,"1028,959745","1028,959745","9,8328",,,
2026-07-28,XNGU17,,"1033,117156","1033,117156","7,5254",,,
2026-07-28,AEGPA8,,"978,952808","978,952808","17,28",,,
2026-07-28,BTEL13,,"1016,946152","1016,946152","15,768",,,
2026-07-28,CEEBD1,,"915,935385","915,935385","14,4422",,,
2026-07-28,CEPEA6,,"1003,005694","1003,005694","14,4259",,,
2026-07-28,CEROA3,,"998,149357","998,149357","14,4773",,,
2026-07-28,EGIEA2,,"981,945772","981,945772","13,9323",,,
2026-07-28,EGIEA4,,"1214,628016","1214,628016","13,9539",,,
2026-07-28,EGIEA5,,"1079,125903","1079,125903","14,0606",,,
2026-07-28,EGIEC1,,"1237,513282","1237,513282","13,7789",,,
2026-07-28,EKTRA5,,"1002,596639","1002,596639","14,4375",,,
2026-07-28,ELTN17,,"978,316159","978,316159","13,9448",,,
2026-07-28,ENAT23,,"969,662807","969,662807","15,2973",,,
2026-07-28,ENAT32,,"1012,560746","1012,560746","15,5739",,,
2026-07-28,ENERB6,,"997,187813","997,187813","14,5044",,,
2026-07-28,ENMTC4,,"996,900681","996,900681","14,5125",,,
2026-07-28,ORIG21,,"902,80396","902,80396","17,3224",,,
2026-07-28,ORIG22,,"952,0533","952,0533","17,4867",,,
2026-07-28,PEJA12,,N/D,N/D,--,,,
2026-07-28,PEJA13,,N/D,N/D,--,,,
2026-07-28,RECV21,,N/D,N/D,--,,,
2026-07-28,TEPA23,,"1057,67448","1057,67448","18,7228",,,
2026-07-28,VLIM25,,N/D,N/D,--,,,
