cnpj,cnpj_formatado,razao_social,nome_fantasia,setor,categoria_cvm,situacao_cvm,site_ri,email,municipio,uf,tipo_emissor,descricao
07047251000170,07.047.251/0001-70,CIA ENERG CEARA - COELCE,CIA ENERG CEARA - COELCE,Crédito Privado,Emissor de Dívida,Ativo,,,,,Emissor de Dívida / Securitizadora,CIA ENERG CEARA - COELCE é emissora de títulos de crédito privado registrados na CVM.
15139629000194,15.139.629/0001-94,CIA DE ELETRICIDADE DO ESTADO DA BAHIA - COELBA,CIA DE ELETRICIDADE DO ESTADO DA BAHIA - COELBA,Crédito Privado,Emissor de Dívida,Ativo,https://ri.neoenergia.com/,,,,Emissor de Dívida / Securitizadora,CIA DE ELETRICIDADE DO ESTADO DA BAHIA - COELBA é emissora de títulos de crédito privado registrados na CVM.
12130744000100,12.130.744/0001-00,True Securitizadora S.A.,True Securitizadora S.A.,Crédito Privado,Emissor de Dívida,Ativo,https://truesecuritizadora.com.br/,,,,Emissor de Dívida / Securitizadora,True Securitizadora S.A. é emissora de títulos de crédito privado registrados na CVM.
01543032000104,01.543.032/0001-04,CELG DISTRIBUIÇÃO S.A. - CELG D,CELG DISTRIBUIÇÃO S.A. - CELG D,Crédito Privado,Emissor de Dívida,Ativo,https://ri.equatorialenergia.com.br/,,,,Emissor de Dívida / Securitizadora,CELG DISTRIBUIÇÃO S.A. - CELG D é emissora de títulos de crédito privado registrados na CVM.
28201130000101,28.201.130/0001-01,ENERGISA TRANSMISSÃO DE ENERGIA S.A.,ENERGISA TRANSMISSÃO DE ENERGIA S.A.,Crédito Privado,Emissor de Dívida,Ativo,http://www.energisa.com.br/,,,,Emissor de Dívida / Securitizadora,ENERGISA TRANSMISSÃO DE ENERGIA S.A. é emissora de títulos de crédito privado registrados na CVM.
40432544000147,40.432.544/0001-47,CLARO S.A.,CLARO S.A.,Crédito Privado,Emissor de Dívida,Ativo,,,,,Emissor de Dívida / Securitizadora,CLARO S.A. é emissora de títulos de crédito privado registrados na CVM.
02773542000122,02.773.542/0001-22,OPEA SECURITIZADORA S.A.,OPEA SECURITIZADORA S.A.,Crédito Privado,Emissor de Dívida,Ativo,https://www.opeacapital.com/,,,,Emissor de Dívida / Securitizadora,OPEA SECURITIZADORA S.A. é emissora de títulos de crédito privado registrados na CVM.
10753164000143,10.753.164/0001-43,ECO SECURITIZADORA DE DIREITOS CREDITORIOS DO AGRONEGOCIO SA,ECO SECURITIZADORA DE DIREITOS CREDITORIOS DO AGRONEGOCIO SA,Crédito Privado,Emissor de Dívida,Ativo,https://www.ecoagro.agr.br/,,,,Emissor de Dívida / Securitizadora,ECO SECURITIZADORA DE DIREITOS CREDITORIOS DO AGRONEGOCIO SA é emissora de títulos de crédito privado registrados na CVM.
18328118000109,18.328.118/0001-09,PET CENTER COMÉRCIO E PARTICIPAÇÕES S.A.,PET CENTER COMÉRCIO E PARTICIPAÇÕES S.A.,Crédito Privado,Emissor de Dívida,Ativo,https://ri.petz.com.br/,,,,Emissor de Dívida / Securitizadora,PET CENTER COMÉRCIO E PARTICIPAÇÕES S.A. é emissora de títulos de crédito privado registrados na CVM.
45736131000170,45.736.131/0001-70,Unidas Locadora S.A.,Unidas Locadora S.A.,Crédito Privado,Emissor de Dívida,Ativo,,,,,Emissor de Dívida / Securitizadora,Unidas Locadora S.A. é emissora de títulos de crédito privado registrados na CVM.
23670693000125,23.670.693/0001-25,Clinicas do Brasil Holding S/A,Clinicas do Brasil Holding S/A,Crédito Privado,Emissor de Dívida,Ativo,,,,,Emissor de Dívida / Securitizadora,Clinicas do Brasil Holding S/A é emissora de títulos de crédito privado registrados na CVM.
41825390000116,41.825.390/0001-16,VELEIROS HOLDINGS S.A.,VELEIROS HOLDINGS S.A.,Crédito Privado,Emissor de Dívida,Ativo,https://www.aes.com.br,,,,Emissor de Dívida / Securitizadora,VELEIROS HOLDINGS S.A. é emissora de títulos de crédito privado registrados na CVM.
25005683000109,25.005.683/0001-09,VERT COMPANHIA SECURITIZADORA,VERT COMPANHIA SECURITIZADORA,Crédito Privado,Emissor de Dívida,Ativo,https://www.vert-capital.com/,,,,Emissor de Dívida / Securitizadora,VERT COMPANHIA SECURITIZADORA é emissora de títulos de crédito privado registrados na CVM.
11669021000110,11.669.021/0001-10,ENAUTA PARTICIPAÇÕES S.A.,ENAUTA PARTICIPAÇÕES S.A.,Crédito Privado,Emissor de Dívida,Ativo,,,,,Emissor de Dívida / Securitizadora,ENAUTA PARTICIPAÇÕES S.A. é emissora de títulos de crédito privado registrados na CVM.
08769451000108,08.769.451/0001-08,VIRGO COMPANHIA DE SECURITIZAÇÃO,VIRGO COMPANHIA DE SECURITIZAÇÃO,Crédito Privado,Emissor de Dívida,Ativo,https://virgo.inc/,,,,Emissor de Dívida / Securitizadora,VIRGO COMPANHIA DE SECURITIZAÇÃO é emissora de títulos de crédito privado registrados na CVM.
41811375000119,41.811.375/0001-19,CANAL COMPANHIA DE SECURITIZAÇÃO,CANAL COMPANHIA DE SECURITIZAÇÃO,Crédito Privado,Emissor de Dívida,Ativo,https://canalsecuritizadora.com.br/,,,,Emissor de Dívida / Securitizadora,CANAL COMPANHIA DE SECURITIZAÇÃO é emissora de títulos de crédito privado registrados na CVM.
13349677000181,13.349.677/0001-81,REIT SECURITIZADORA DE RECEBIVEIS IMOBILIÁRIOS S/A,REIT SECURITIZADORA DE RECEBIVEIS IMOBILIÁRIOS S/A,Crédito Privado,Emissor de Dívida,Ativo,https://reit.net.br,,,,Emissor de Dívida / Securitizadora,REIT SECURITIZADORA DE RECEBIVEIS IMOBILIÁRIOS S/A é emissora de títulos de crédito privado registrados na CVM.
10468152000177,10.468.152/0001-77,B.A. - EMPREENDIMENTOS E PARTICIPAÇÕES S/A.,B.A. - EMPREENDIMENTOS E PARTICIPAÇÕES S/A.,Crédito Privado,Emissor de Dívida,Ativo,,,,,Emissor de Dívida / Securitizadora,B.A. - EMPREENDIMENTOS E PARTICIPAÇÕES S/A. é emissora de títulos de crédito privado registrados na CVM.
15440708000130,15.440.708/0001-30,CONCESSIONÁRIA VIARIO S.A.,CONCESSIONÁRIA VIARIO S.A.,Crédito Privado,Emissor de Dívida,Ativo,https://viario.com.br/,,,,Emissor de Dívida / Securitizadora,CONCESSIONÁRIA VIARIO S.A. é emissora de títulos de crédito privado registrados na CVM.
48533969000154,48.533.969/0001-54,PAX INVESTIMENTOS EM AEROPORTOS S.A.,PAX INVESTIMENTOS EM AEROPORTOS S.A.,Crédito Privado,Emissor de Dívida,Ativo,,,,,Emissor de Dívida / Securitizadora,PAX INVESTIMENTOS EM AEROPORTOS S.A. é emissora de títulos de crédito privado registrados na CVM.
09304427000158,09.304.427/0001-58,HABITASEC SECURITIZADORA SA,HABITASEC SECURITIZADORA SA,Crédito Privado,Emissor de Dívida,Ativo,https://www.habitasec.com.br,,,,Emissor de Dívida / Securitizadora,HABITASEC SECURITIZADORA SA é emissora de títulos de crédito privado registrados na CVM.
13743550000142,13.743.550/0001-42,ASCENTY DATA CENTERS E TELECOMUNICAÇÕES S.A.,ASCENTY DATA CENTERS E TELECOMUNICAÇÕES S.A.,Crédito Privado,Emissor de Dívida,Ativo,https://ascenty.com/sobre/investidores/demonstrativos/,,,,Emissor de Dívida / Securitizadora,ASCENTY DATA CENTERS E TELECOMUNICAÇÕES S.A. é emissora de títulos de crédito privado registrados na CVM.
06047087000139,06.047.087/0001-39,REDE D'OR SÃO LUIZ S.A.,REDE D'OR SÃO LUIZ S.A.,Crédito Privado,Emissor de Dívida,Ativo,https://www.rededorsaoluiz.com.br,,,,Emissor de Dívida / Securitizadora,REDE D'OR SÃO LUIZ S.A. é emissora de títulos de crédito privado registrados na CVM.
03497792000140,03.497.792/0001-40,Concessionária de Rodovias Integradas do Oeste S.A.,Concessionária de Rodovias Integradas do Oeste S.A.,Crédito Privado,Emissor de Dívida,Ativo,,,,,Emissor de Dívida / Securitizadora,Concessionária de Rodovias Integradas do Oeste S.A. é emissora de títulos de crédito privado registrados na CVM.
38456921000136,38.456.921/0001-36,INFRACOMMERCE CXAAS S.A.,INFRACOMMERCE CXAAS S.A.,Crédito Privado,Emissor de Dívida,Ativo,,,,,Emissor de Dívida / Securitizadora,INFRACOMMERCE CXAAS S.A. é emissora de títulos de crédito privado registrados na CVM.
07212549000199,07.212.549/0001-99,OIW INDÚSTRIA ELETRÔNICA S.A.,OIW INDÚSTRIA ELETRÔNICA S.A.,Crédito Privado,Emissor de Dívida,Ativo,,,,,Emissor de Dívida / Securitizadora,OIW INDÚSTRIA ELETRÔNICA S.A. é emissora de títulos de crédito privado registrados na CVM.
71208516000174,71.208.516/0001-74,ALGAR TELECOM S/A,ALGAR TELECOM S/A,Crédito Privado,Emissor de Dívida,Ativo,https://ri.algartelecom.com.br/,,,,Emissor de Dívida / Securitizadora,ALGAR TELECOM S/A é emissora de títulos de crédito privado registrados na CVM.
10508162000199,10.508.162/0001-99,Companhia Energética Candeias,Companhia Energética Candeias,Crédito Privado,Emissor de Dívida,Ativo,,,,,Emissor de Dívida / Securitizadora,Companhia Energética Candeias é emissora de títulos de crédito privado registrados na CVM.
07859971000130,07.859.971/0001-30,TRANSMISSORA ALIANÇA DE ENERGIA ELÉTRICA S.A.,TRANSMISSORA ALIANÇA DE ENERGIA ELÉTRICA S.A.,Crédito Privado,Emissor de Dívida,Ativo,https://ri.taesa.com.br/,,,,Emissor de Dívida / Securitizadora,TRANSMISSORA ALIANÇA DE ENERGIA ELÉTRICA S.A. é emissora de títulos de crédito privado registrados na CVM.
15413826000150,15.413.826/0001-50,ENERGISA MATO GROSSO DO SUL - DISTRIBUIDORA DE ENERGIA S/A,ENERGISA MATO GROSSO DO SUL - DISTRIBUIDORA DE ENERGIA S/A,Crédito Privado,Emissor de Dívida,Ativo,https://ri.energisa.com.br/,,,,Emissor de Dívida / Securitizadora,ENERGISA MATO GROSSO DO SUL - DISTRIBUIDORA DE ENERGIA S/A é emissora de títulos de crédito privado registrados na CVM.
07282377000120,07.282.377/0001-20,ENERGISA SUL-SUDESTE - DISTRIBUIDORA DE ENERGIA S.A.,ENERGISA SUL-SUDESTE - DISTRIBUIDORA DE ENERGIA S.A.,Crédito Privado,Emissor de Dívida,Ativo,https://ri.energisa.com.br/,,,,Emissor de Dívida / Securitizadora,ENERGISA SUL-SUDESTE - DISTRIBUIDORA DE ENERGIA S.A. é emissora de títulos de crédito privado registrados na CVM.
25086034000171,25.086.034/0001-71,ENERGISA TOCANTINS DISTRIBUIDORA DE ENERGIA S.A.,ENERGISA TOCANTINS DISTRIBUIDORA DE ENERGIA S.A.,Crédito Privado,Emissor de Dívida,Ativo,,,,,Emissor de Dívida / Securitizadora,ENERGISA TOCANTINS DISTRIBUIDORA DE ENERGIA S.A. é emissora de títulos de crédito privado registrados na CVM.
04200649000107,04.200.649/0001-07,CIA PROVINCIA DE SECURITIZAÇÃO,CIA PROVINCIA DE SECURITIZAÇÃO,Crédito Privado,Emissor de Dívida,Ativo,https://www.provinciasecuritizadora.com.br/,,,,Emissor de Dívida / Securitizadora,CIA PROVINCIA DE SECURITIZAÇÃO é emissora de títulos de crédito privado registrados na CVM.
00832397000188,00.832.397/0001-88,SISTAC - SISTEMAS DE ACESSO S.A.,SISTAC - SISTEMAS DE ACESSO S.A.,Crédito Privado,Emissor de Dívida,Ativo,https://www.sistac.com.br,,,,Emissor de Dívida / Securitizadora,SISTAC - SISTEMAS DE ACESSO S.A. é emissora de títulos de crédito privado registrados na CVM.
10841050000155,10.841.050/0001-55,CONCESSIONÁRIA DAS RODOVIAS AYRTON SENNA E CARVALHO PINTO S/A-ECOPISTAS,CONCESSIONÁRIA DAS RODOVIAS AYRTON SENNA E CARVALHO PINTO S/A-ECOPISTAS,Crédito Privado,Emissor de Dívida,Ativo,https://ri.ecorodovias.com.br/debentures-companhias-abertas/ecopistas/,,,,Emissor de Dívida / Securitizadora,CONCESSIONÁRIA DAS RODOVIAS AYRTON SENNA E CARVALHO PINTO S/A-ECOPISTAS é emissora de títulos de crédito privado registrados na CVM.
08827501000158,08.827.501/0001-58,AEGEA SANEAMENTO E PARTICIPAÇÕES S.A.,AEGEA SANEAMENTO E PARTICIPAÇÕES S.A.,Crédito Privado,Emissor de Dívida,Ativo,https://ri.aegea.com.br/,,,,Emissor de Dívida / Securitizadora,AEGEA SANEAMENTO E PARTICIPAÇÕES S.A. é emissora de títulos de crédito privado registrados na CVM.
04779792000103,04.779.792/0001-03,PRO SOLUS DO BRASIL S.A.,PRO SOLUS DO BRASIL S.A.,Crédito Privado,Emissor de Dívida,Ativo,https://www.prosolus.com.br,,,,Emissor de Dívida / Securitizadora,PRO SOLUS DO BRASIL S.A. é emissora de títulos de crédito privado registrados na CVM.
02509491000126,02.509.491/0001-26,CONCESSIONARIA ECOVIAS DOS IMIGRANTES SA,CONCESSIONARIA ECOVIAS DOS IMIGRANTES SA,Crédito Privado,Emissor de Dívida,Ativo,https://ri.ecorodovias.com.br/,,,,Emissor de Dívida / Securitizadora,CONCESSIONARIA ECOVIAS DOS IMIGRANTES SA é emissora de títulos de crédito privado registrados na CVM.
05197443000138,05.197.443/0001-38,HAPVIDA PARTICIPAÇÕES E INVESTIMENTOS S.A.,HAPVIDA PARTICIPAÇÕES E INVESTIMENTOS S.A.,Crédito Privado,Emissor de Dívida,Ativo,https://ri.hapvida.com.br,,,,Emissor de Dívida / Securitizadora,HAPVIDA PARTICIPAÇÕES E INVESTIMENTOS S.A. é emissora de títulos de crédito privado registrados na CVM.
04487510000196,04.487.510/0001-96,Rio Verde Energia S.A.,Rio Verde Energia S.A.,Crédito Privado,Emissor de Dívida,Ativo,https://www.atiaiarenovaveis.com.br/,,,,Emissor de Dívida / Securitizadora,Rio Verde Energia S.A. é emissora de títulos de crédito privado registrados na CVM.
44992350000157,44.992.350/0001-57,VERDE AMBIENTAL ALAGOAS S.A.,VERDE AMBIENTAL ALAGOAS S.A.,Crédito Privado,Emissor de Dívida,Ativo,,,,,Emissor de Dívida / Securitizadora,VERDE AMBIENTAL ALAGOAS S.A. é emissora de títulos de crédito privado registrados na CVM.
48566571000114,48.566.571/0001-14,DOURADOQUARA ENERGIA S.A,DOURADOQUARA ENERGIA S.A,Crédito Privado,Emissor de Dívida,Ativo,,,,,Emissor de Dívida / Securitizadora,DOURADOQUARA ENERGIA S.A é emissora de títulos de crédito privado registrados na CVM.
20917749000105,20.917.749/0001-05,IBI Brasil Empreendimentos e Participações S.A,IBI Brasil Empreendimentos e Participações S.A,Crédito Privado,Emissor de Dívida,Ativo,http://ibibrasil.com.br/,,,,Emissor de Dívida / Securitizadora,IBI Brasil Empreendimentos e Participações S.A é emissora de títulos de crédito privado registrados na CVM.
24396489000120,24.396.489/0001-20,BRK AMBIENTAL PARTICIPAÇÕES S.A.,BRK AMBIENTAL PARTICIPAÇÕES S.A.,Crédito Privado,Emissor de Dívida,Ativo,https://www.ri.brkambiental.com.br,,,,Emissor de Dívida / Securitizadora,BRK AMBIENTAL PARTICIPAÇÕES S.A. é emissora de títulos de crédito privado registrados na CVM.
48560434000172,48.560.434/0001-72,SONEVA ENERGIAS RENOVÁVEIS S.A.,SONEVA ENERGIAS RENOVÁVEIS S.A.,Crédito Privado,Emissor de Dívida,Ativo,,,,,Emissor de Dívida / Securitizadora,SONEVA ENERGIAS RENOVÁVEIS S.A. é emissora de títulos de crédito privado registrados na CVM.
08322396000103,08.322.396/0001-03,CERRADINHO BIOENERGIA S.A.,CERRADINHO BIOENERGIA S.A.,Crédito Privado,Emissor de Dívida,Ativo,https://www.cerradinhobio.com.br/home-ri/,,,,Emissor de Dívida / Securitizadora,CERRADINHO BIOENERGIA S.A. é emissora de títulos de crédito privado registrados na CVM.
03220438000173,03.220.438/0001-73,EQUATORIAL ENERGIA S/A,EQUATORIAL ENERGIA S/A,Crédito Privado,Emissor de Dívida,Ativo,https://ri.equatorialenergia.com.br/pt-br/,,,,Emissor de Dívida / Securitizadora,EQUATORIAL ENERGIA S/A é emissora de títulos de crédito privado registrados na CVM.
17314329000120,17.314.329/0001-20,INTERNATIONAL MEAL COMPANY ALIMENTAÇÃO S.A.,INTERNATIONAL MEAL COMPANY ALIMENTAÇÃO S.A.,Crédito Privado,Emissor de Dívida,Ativo,https://ri.internationalmealcompany.com/,,,,Emissor de Dívida / Securitizadora,INTERNATIONAL MEAL COMPANY ALIMENTAÇÃO S.A. é emissora de títulos de crédito privado registrados na CVM.
10608405000160,10.608.405/0001-60,BARI SECURITIZADORA S.A.,BARI SECURITIZADORA S.A.,Crédito Privado,Emissor de Dívida,Ativo,https://barisec.com.br/,,,,Emissor de Dívida / Securitizadora,BARI SECURITIZADORA S.A. é emissora de títulos de crédito privado registrados na CVM.
02998611000104,02.998.611/0001-04,CTEEP-CIA TRANSM ENERGIA ELÉTR. PAULISTA,CTEEP-CIA TRANSM ENERGIA ELÉTR. PAULISTA,Crédito Privado,Emissor de Dívida,Ativo,https://isacteep.com.br/ri,,,,Emissor de Dívida / Securitizadora,CTEEP-CIA TRANSM ENERGIA ELÉTR. PAULISTA é emissora de títulos de crédito privado registrados na CVM.
10158356000101,10.158.356/0001-01,CPX DISTRIBUIDORA S.A.,CPX DISTRIBUIDORA S.A.,Crédito Privado,Emissor de Dívida,Ativo,,,,,Emissor de Dívida / Securitizadora,CPX DISTRIBUIDORA S.A. é emissora de títulos de crédito privado registrados na CVM.
31748174000160,31.748.174/0001-60,VERO S.A.,VERO S.A.,Crédito Privado,Emissor de Dívida,Ativo,http://www.vero-ri.com.br/,,,,Emissor de Dívida / Securitizadora,VERO S.A. é emissora de títulos de crédito privado registrados na CVM.
02286479000108,02.286.479/0001-08,LOCALIZA  FLEET S.A.,LOCALIZA  FLEET S.A.,Crédito Privado,Emissor de Dívida,Ativo,https://www.localiza.com/ri,,,,Emissor de Dívida / Securitizadora,LOCALIZA  FLEET S.A. é emissora de títulos de crédito privado registrados na CVM.
44334943000126,44.334.943/0001-26,PIRAUÍ ENERGIA RENOVÁVEL S.A.,PIRAUÍ ENERGIA RENOVÁVEL S.A.,Crédito Privado,Emissor de Dívida,Ativo,,,,,Emissor de Dívida / Securitizadora,PIRAUÍ ENERGIA RENOVÁVEL S.A. é emissora de títulos de crédito privado registrados na CVM.
44650027000103,44.650.027/0001-03,CACHOEIRA GRANDE ENERGIA RENOVÁVEL S.A.,CACHOEIRA GRANDE ENERGIA RENOVÁVEL S.A.,Crédito Privado,Emissor de Dívida,Ativo,,,,,Emissor de Dívida / Securitizadora,CACHOEIRA GRANDE ENERGIA RENOVÁVEL S.A. é emissora de títulos de crédito privado registrados na CVM.
26609050000164,26.609.050/0001-64,TRAVESSIA SECURITIZADORA S.A.,TRAVESSIA SECURITIZADORA S.A.,Crédito Privado,Emissor de Dívida,Ativo,https://grupotravessia.com/empresa/travessia-securitizadora-s-a/,,,,Emissor de Dívida / Securitizadora,TRAVESSIA SECURITIZADORA S.A. é emissora de títulos de crédito privado registrados na CVM.
86862208000135,86.862.208/0001-35,Administradora Geral de Estacionamento S.A.,Administradora Geral de Estacionamento S.A.,Crédito Privado,Emissor de Dívida,Ativo,https://www.parkindigo.com.br,,,,Emissor de Dívida / Securitizadora,Administradora Geral de Estacionamento S.A. é emissora de títulos de crédito privado registrados na CVM.
35993098000100,35.993.098/0001-00,Z.A. DIGITAL DE SÃO PAULO SISTEMA DE ESTACIONAMENTO ROTATIVO S.A.,Z.A. DIGITAL DE SÃO PAULO SISTEMA DE ESTACIONAMENTO ROTATIVO S.A.,Crédito Privado,Emissor de Dívida,Ativo,https://ri.estapar.com.br/informacoes-aos-investidores/emissões-zona-azul/,,,,Emissor de Dívida / Securitizadora,Z.A. DIGITAL DE SÃO PAULO SISTEMA DE ESTACIONAMENTO ROTATIVO S.A. é emissora de títulos de crédito privado registrados na CVM.
49933670000150,49.933.670/0001-50,SPRS PLATAO CAPITAL II S.A.,SPRS PLATAO CAPITAL II S.A.,Crédito Privado,Emissor de Dívida,Ativo,,,,,Emissor de Dívida / Securitizadora,SPRS PLATAO CAPITAL II S.A. é emissora de títulos de crédito privado registrados na CVM.
49314049000108,49.314.049/0001-08,CONCESSIONARIA DE RODOVIAS NOROESTE PAULISTA S.A.,CONCESSIONARIA DE RODOVIAS NOROESTE PAULISTA S.A.,Crédito Privado,Emissor de Dívida,Ativo,,,,,Emissor de Dívida / Securitizadora,CONCESSIONARIA DE RODOVIAS NOROESTE PAULISTA S.A. é emissora de títulos de crédito privado registrados na CVM.
59546515000134,59.546.515/0001-34,FISIA COMÉRCIO DE PRODUTOS ESPORTIVOS S.A.,FISIA COMÉRCIO DE PRODUTOS ESPORTIVOS S.A.,Crédito Privado,Emissor de Dívida,Ativo,https://ri.gruposbf.com.br/,,,,Emissor de Dívida / Securitizadora,FISIA COMÉRCIO DE PRODUTOS ESPORTIVOS S.A. é emissora de títulos de crédito privado registrados na CVM.
48839872000174,48.839.872/0001-74,JAGUAR INDÚSTRIA E COMÉRCIO DE PLÁSTICOS S.A.,JAGUAR INDÚSTRIA E COMÉRCIO DE PLÁSTICOS S.A.,Crédito Privado,Emissor de Dívida,Ativo,,,,,Emissor de Dívida / Securitizadora,JAGUAR INDÚSTRIA E COMÉRCIO DE PLÁSTICOS S.A. é emissora de títulos de crédito privado registrados na CVM.
35764708000101,35.764.708/0001-01,BRASIL TECNOLOGIA E PARTICIPAÇÕES S.A.,BRASIL TECNOLOGIA E PARTICIPAÇÕES S.A.,Crédito Privado,Emissor de Dívida,Ativo,,,,,Emissor de Dívida / Securitizadora,BRASIL TECNOLOGIA E PARTICIPAÇÕES S.A. é emissora de títulos de crédito privado registrados na CVM.
41534746000162,41.534.746/0001-62,CERES SECURITIZADORA S.A.,CERES SECURITIZADORA S.A.,Crédito Privado,Emissor de Dívida,Ativo,https://www.ceresec.com,,,,Emissor de Dívida / Securitizadora,CERES SECURITIZADORA S.A. é emissora de títulos de crédito privado registrados na CVM.
49571208000150,49.571.208/0001-50,FORTBRASIL ALFA SECURITIZADORA S.A.,FORTBRASIL ALFA SECURITIZADORA S.A.,Crédito Privado,Emissor de Dívida,Ativo,,,,,Emissor de Dívida / Securitizadora,FORTBRASIL ALFA SECURITIZADORA S.A. é emissora de títulos de crédito privado registrados na CVM.
35082277000195,35.082.277/0001-95,BASE SECURITIZADORA DE CRÉDITOS IMOBILIÁRIOS S.A.,BASE SECURITIZADORA DE CRÉDITOS IMOBILIÁRIOS S.A.,Crédito Privado,Emissor de Dívida,Ativo,,,,,Emissor de Dívida / Securitizadora,BASE SECURITIZADORA DE CRÉDITOS IMOBILIÁRIOS S.A. é emissora de títulos de crédito privado registrados na CVM.
49703913000163,49.703.913/0001-63,Platão Capital S.A.,Platão Capital S.A.,Crédito Privado,Emissor de Dívida,Ativo,,,,,Emissor de Dívida / Securitizadora,Platão Capital S.A. é emissora de títulos de crédito privado registrados na CVM.
61190096000192,61.190.096/0001-92,EUROFARMA LABORATÓRIOS S.A.,EUROFARMA LABORATÓRIOS S.A.,Crédito Privado,Emissor de Dívida,Ativo,https://ri.eurofarma.com.br/central-de-publicacoes,,,,Emissor de Dívida / Securitizadora,EUROFARMA LABORATÓRIOS S.A. é emissora de títulos de crédito privado registrados na CVM.
76484013000145,76.484.013/0001-45,CIA. DE SANEAMENTO DO PARANÁ - SANEPAR,CIA. DE SANEAMENTO DO PARANÁ - SANEPAR,Crédito Privado,Emissor de Dívida,Ativo,https://ri.sanepar.com.br/,,,,Emissor de Dívida / Securitizadora,CIA. DE SANEAMENTO DO PARANÁ - SANEPAR é emissora de títulos de crédito privado registrados na CVM.
48759193000195,48.759.193/0001-95,AXS Participações S.A.,AXS Participações S.A.,Crédito Privado,Emissor de Dívida,Ativo,,,,,Emissor de Dívida / Securitizadora,AXS Participações S.A. é emissora de títulos de crédito privado registrados na CVM.
12979898000170,12.979.898/0001-70,FORTE SECURITIZADORA S.A.,FORTE SECURITIZADORA S.A.,Crédito Privado,Emissor de Dívida,Ativo,,,,,Emissor de Dívida / Securitizadora,FORTE SECURITIZADORA S.A. é emissora de títulos de crédito privado registrados na CVM.
49090873000121,49.090.873/0001-21,GCB Finance S.A.,GCB Finance S.A.,Crédito Privado,Emissor de Dívida,Ativo,,,,,Emissor de Dívida / Securitizadora,GCB Finance S.A. é emissora de títulos de crédito privado registrados na CVM.
38042694000100,38.042.694/0001-00,TRAVESSIA SECURITIZADORA DE CRÉDITOS FINANCEIROS S.A.,TRAVESSIA SECURITIZADORA DE CRÉDITOS FINANCEIROS S.A.,Crédito Privado,Emissor de Dívida,Ativo,https://www.grupotravessia.com,,,,Emissor de Dívida / Securitizadora,TRAVESSIA SECURITIZADORA DE CRÉDITOS FINANCEIROS S.A. é emissora de títulos de crédito privado registrados na CVM.
50746577000115,50.746.577/0001-15,COSAN S.A.,COSAN S.A.,Crédito Privado,Emissor de Dívida,Ativo,https://www.cosan.com.br/,,,,Emissor de Dívida / Securitizadora,COSAN S.A. é emissora de títulos de crédito privado registrados na CVM.
48851242000115,48.851.242/0001-15,CONCESSIONÁRIA DAS RODOVIAS DO LESTE MS S.A.,CONCESSIONÁRIA DAS RODOVIAS DO LESTE MS S.A.,Crédito Privado,Emissor de Dívida,Ativo,,,,,Emissor de Dívida / Securitizadora,CONCESSIONÁRIA DAS RODOVIAS DO LESTE MS S.A. é emissora de títulos de crédito privado registrados na CVM.
09387725000159,09.387.725/0001-59,CONCESSIONÁRIA DO RODOANEL OESTE S.A.,CONCESSIONÁRIA DO RODOANEL OESTE S.A.,Crédito Privado,Emissor de Dívida,Ativo,,,,,Emissor de Dívida / Securitizadora,CONCESSIONÁRIA DO RODOANEL OESTE S.A. é emissora de títulos de crédito privado registrados na CVM.
34186669000131,34.186.669/0001-31,Origem Energia Alagoas S.A.,Origem Energia Alagoas S.A.,Crédito Privado,Emissor de Dívida,Ativo,,,,,Emissor de Dívida / Securitizadora,Origem Energia Alagoas S.A. é emissora de títulos de crédito privado registrados na CVM.
02932074000191,02.932.074/0001-91,HYPERA S/A,HYPERA S/A,Crédito Privado,Emissor de Dívida,Ativo,https://ri.hypera.com.br/,,,,Emissor de Dívida / Securitizadora,HYPERA S/A é emissora de títulos de crédito privado registrados na CVM.
07870094000107,07.870.094/0001-07,MOB SERVIÇOS DE TELECOMUNICAÇÕES S.A.,MOB SERVIÇOS DE TELECOMUNICAÇÕES S.A.,Crédito Privado,Emissor de Dívida,Ativo,,,,,Emissor de Dívida / Securitizadora,MOB SERVIÇOS DE TELECOMUNICAÇÕES S.A. é emissora de títulos de crédito privado registrados na CVM.
36238971000111,36.238.971/0001-11,TRANSMISSORA RIO-MINAS SPE S.A.,TRANSMISSORA RIO-MINAS SPE S.A.,Crédito Privado,Emissor de Dívida,Ativo,,,,,Emissor de Dívida / Securitizadora,TRANSMISSORA RIO-MINAS SPE S.A. é emissora de títulos de crédito privado registrados na CVM.
22761584000150,22.761.584/0001-50,FORTBRAS AUTOPEÇAS S.A.,FORTBRAS AUTOPEÇAS S.A.,Crédito Privado,Emissor de Dívida,Ativo,https://www.fortbras.com.br/ri,,,,Emissor de Dívida / Securitizadora,FORTBRAS AUTOPEÇAS S.A. é emissora de títulos de crédito privado registrados na CVM.
02511048000190,02.511.048/0001-90,EMPRESA CONCESSIONÁRIA DE RODOVIAS DO SUL S. A. - ECOSUL,EMPRESA CONCESSIONÁRIA DE RODOVIAS DO SUL S. A. - ECOSUL,Crédito Privado,Emissor de Dívida,Ativo,https://ri.ecorodovias.com.br/debentures-companhias-abertas/ecosul/,,,,Emissor de Dívida / Securitizadora,EMPRESA CONCESSIONÁRIA DE RODOVIAS DO SUL S. A. - ECOSUL é emissora de títulos de crédito privado registrados na CVM.
12648266000124,12.648.266/0001-24,AMBIPAR PARTICIPAÇÕES E EMPREENDIMENTOS S.A.,AMBIPAR PARTICIPAÇÕES E EMPREENDIMENTOS S.A.,Crédito Privado,Emissor de Dívida,Ativo,https://ri.ambipar.com/,,,,Emissor de Dívida / Securitizadora,AMBIPAR PARTICIPAÇÕES E EMPREENDIMENTOS S.A. é emissora de títulos de crédito privado registrados na CVM.
07714104000107,07.714.104/0001-07,SUMICITY TELECOMUNICAÇÕES S.A.,SUMICITY TELECOMUNICAÇÕES S.A.,Crédito Privado,Emissor de Dívida,Ativo,https://www.sumicity.com.br/,,,,Emissor de Dívida / Securitizadora,SUMICITY TELECOMUNICAÇÕES S.A. é emissora de títulos de crédito privado registrados na CVM.
25369840000157,25.369.840/0001-57,COMERC PARTICIPAÇÕES S.A.,COMERC PARTICIPAÇÕES S.A.,Crédito Privado,Emissor de Dívida,Ativo,,,,,Emissor de Dívida / Securitizadora,COMERC PARTICIPAÇÕES S.A. é emissora de títulos de crédito privado registrados na CVM.
19851496000135,19.851.496/0001-35,LOGOS COMPANHIA SECURITIZADORA S/A,LOGOS COMPANHIA SECURITIZADORA S/A,Crédito Privado,Emissor de Dívida,Ativo,https://www.logossecuritizadora.com.br,,,,Emissor de Dívida / Securitizadora,LOGOS COMPANHIA SECURITIZADORA S/A é emissora de títulos de crédito privado registrados na CVM.
08630227000122,08.630.227/0001-22,BRK Ambiental - Rio Claro S.A.,BRK Ambiental - Rio Claro S.A.,Crédito Privado,Emissor de Dívida,Ativo,https://www.ri.brkambiental.com.br/brk-ambiental-rio-claro-s-a/,,,,Emissor de Dívida / Securitizadora,BRK Ambiental - Rio Claro S.A. é emissora de títulos de crédito privado registrados na CVM.
12109247000120,12.109.247/0001-20,CREDZ S.A. INSTITUIÇÃO DE PAGAMENTO,CREDZ S.A. INSTITUIÇÃO DE PAGAMENTO,Crédito Privado,Emissor de Dívida,Ativo,,,,,Emissor de Dívida / Securitizadora,CREDZ S.A. INSTITUIÇÃO DE PAGAMENTO é emissora de títulos de crédito privado registrados na CVM.
16670085000155,16.670.085/0001-55,LOCALIZA RENT A CAR SA,LOCALIZA RENT A CAR SA,Crédito Privado,Emissor de Dívida,Ativo,https://ri.localiza.com/,,,,Emissor de Dívida / Securitizadora,LOCALIZA RENT A CAR SA é emissora de títulos de crédito privado registrados na CVM.
42353180000135,42.353.180/0001-35,IGUÁ RIO DE JANEIRO S.A.,IGUÁ RIO DE JANEIRO S.A.,Crédito Privado,Emissor de Dívida,Ativo,https://ri.igua.com.br/,,,,Emissor de Dívida / Securitizadora,IGUÁ RIO DE JANEIRO S.A. é emissora de títulos de crédito privado registrados na CVM.
31468139000198,31.468.139/0001-98,CASA DE PEDRA SECURITIZADORA DE CRÉDITO S.A.,CASA DE PEDRA SECURITIZADORA DE CRÉDITO S.A.,Crédito Privado,Emissor de Dívida,Ativo,,,,,Emissor de Dívida / Securitizadora,CASA DE PEDRA SECURITIZADORA DE CRÉDITO S.A. é emissora de títulos de crédito privado registrados na CVM.
69183143000182,69.183.143/0001-82,ENOPS ENGENHARIA S.A.,ENOPS ENGENHARIA S.A.,Crédito Privado,Emissor de Dívida,Ativo,,,,,Emissor de Dívida / Securitizadora,ENOPS ENGENHARIA S.A. é emissora de títulos de crédito privado registrados na CVM.
49437481000196,49.437.481/0001-96,MARAPÉ HOLDING E PARTICIPAÇÕES S.A,MARAPÉ HOLDING E PARTICIPAÇÕES S.A,Crédito Privado,Emissor de Dívida,Ativo,"https://www.marape-holding,com",,,,Emissor de Dívida / Securitizadora,MARAPÉ HOLDING E PARTICIPAÇÕES S.A é emissora de títulos de crédito privado registrados na CVM.
02919555000167,02.919.555/0001-67,ARTERIS S.A.,ARTERIS S.A.,Crédito Privado,Emissor de Dívida,Ativo,http://ri.arteris.com.br/,,,,Emissor de Dívida / Securitizadora,ARTERIS S.A. é emissora de títulos de crédito privado registrados na CVM.
00389481000179,00.389.481/0001-79,LM TRANSPORTES INTERESTADUAIS SERVIÇOS E COMÉRCIO S.A.,LM TRANSPORTES INTERESTADUAIS SERVIÇOS E COMÉRCIO S.A.,Crédito Privado,Emissor de Dívida,Ativo,https://ri.lmmobilidade.com.br/,,,,Emissor de Dívida / Securitizadora,LM TRANSPORTES INTERESTADUAIS SERVIÇOS E COMÉRCIO S.A. é emissora de títulos de crédito privado registrados na CVM.
06981180000116,06.981.180/0001-16,CEMIG DISTRIBUIÇÃO S/A,CEMIG DISTRIBUIÇÃO S/A,Crédito Privado,Emissor de Dívida,Ativo,https://ri.cemig.com.br/,,,,Emissor de Dívida / Securitizadora,CEMIG DISTRIBUIÇÃO S/A é emissora de títulos de crédito privado registrados na CVM.
20512706000140,20.512.706/0001-40,"VITRU BRASIL EMPREENDIMENTOS, PARTICIPAÇÕES E COMÉRCIO S.A.","VITRU BRASIL EMPREENDIMENTOS, PARTICIPAÇÕES E COMÉRCIO S.A.",Crédito Privado,Emissor de Dívida,Ativo,"https://(https://www.vitru.com.br/) (""Aviso aos Debenturistas"")",,,,Emissor de Dívida / Securitizadora,"VITRU BRASIL EMPREENDIMENTOS, PARTICIPAÇÕES E COMÉRCIO S.A. é emissora de títulos de crédito privado registrados na CVM."
04816991000136,04.816.991/0001-36,BREITENER ENERGÉTICA S.A.,BREITENER ENERGÉTICA S.A.,Crédito Privado,Emissor de Dívida,Ativo,,,,,Emissor de Dívida / Securitizadora,BREITENER ENERGÉTICA S.A. é emissora de títulos de crédito privado registrados na CVM.
44854238000150,44.854.238/0001-50,Parsan S.A.,Parsan S.A.,Crédito Privado,Emissor de Dívida,Ativo,https://www.ri.aegea.com.br,,,,Emissor de Dívida / Securitizadora,Parsan S.A. é emissora de títulos de crédito privado registrados na CVM.
10571175000102,10.571.175/0001-02,URBA DESENVOLVIMENTO URBANO S.A.,URBA DESENVOLVIMENTO URBANO S.A.,Crédito Privado,Emissor de Dívida,Ativo,,,,,Emissor de Dívida / Securitizadora,URBA DESENVOLVIMENTO URBANO S.A. é emissora de títulos de crédito privado registrados na CVM.
27956690000103,27.956.690/0001-03,AUZZA SECURITIZADORA S.A.,AUZZA SECURITIZADORA S.A.,Crédito Privado,Emissor de Dívida,Ativo,https://auzzacapital.com,,,,Emissor de Dívida / Securitizadora,AUZZA SECURITIZADORA S.A. é emissora de títulos de crédito privado registrados na CVM.
02451848000162,02.451.848/0001-62,CONCESSIONÁRIA DO SISTEMA ANHANGUERA-BANDEIRANTES S.A.,CONCESSIONÁRIA DO SISTEMA ANHANGUERA-BANDEIRANTES S.A.,Crédito Privado,Emissor de Dívida,Ativo,https://www.autoban.com.br/ri,,,,Emissor de Dívida / Securitizadora,CONCESSIONÁRIA DO SISTEMA ANHANGUERA-BANDEIRANTES S.A. é emissora de títulos de crédito privado registrados na CVM.
00409834000155,00.409.834/0001-55,PRIME INCORPORAÇÕES E CONSTRUÇÕES S.A,PRIME INCORPORAÇÕES E CONSTRUÇÕES S.A,Crédito Privado,Emissor de Dívida,Ativo,,,,,Emissor de Dívida / Securitizadora,PRIME INCORPORAÇÕES E CONSTRUÇÕES S.A é emissora de títulos de crédito privado registrados na CVM.
02578564000131,02.578.564/0001-31,MRL ENGENHARIA E EMPREENDIMENTOS S.A.,MRL ENGENHARIA E EMPREENDIMENTOS S.A.,Crédito Privado,Emissor de Dívida,Ativo,https://primeconstrucoes.com.br,,,,Emissor de Dívida / Securitizadora,MRL ENGENHARIA E EMPREENDIMENTOS S.A. é emissora de títulos de crédito privado registrados na CVM.
48845556000105,48.845.556/0001-05,Vidroporto S.A.,Vidroporto S.A.,Crédito Privado,Emissor de Dívida,Ativo,https://www.vidroporto.com.br,,,,Emissor de Dívida / Securitizadora,Vidroporto S.A. é emissora de títulos de crédito privado registrados na CVM.
44186763000144,44.186.763/0001-44,3R POTIGUAR S.A.,3R POTIGUAR S.A.,Crédito Privado,Emissor de Dívida,Ativo,http://ri3rpetroleum.com.br,,,,Emissor de Dívida / Securitizadora,3R POTIGUAR S.A. é emissora de títulos de crédito privado registrados na CVM.
15186494000118,15.186.494/0001-18,São Gabriel Saneamento S.A.,São Gabriel Saneamento S.A.,Crédito Privado,Emissor de Dívida,Ativo,,,,,Emissor de Dívida / Securitizadora,São Gabriel Saneamento S.A. é emissora de títulos de crédito privado registrados na CVM.
11257352000143,11.257.352/0001-43,BSI CAPITAL SECURITIZADORA S.A.,BSI CAPITAL SECURITIZADORA S.A.,Crédito Privado,Emissor de Dívida,Ativo,https://bsicapital.com.br/,,,,Emissor de Dívida / Securitizadora,BSI CAPITAL SECURITIZADORA S.A. é emissora de títulos de crédito privado registrados na CVM.
35637796000172,35.637.796/0001-72,LINS AGROINDUSTRIAL S.A.,LINS AGROINDUSTRIAL S.A.,Crédito Privado,Emissor de Dívida,Ativo,https://usinalins.com.br/,,,,Emissor de Dívida / Securitizadora,LINS AGROINDUSTRIAL S.A. é emissora de títulos de crédito privado registrados na CVM.
04368898000106,04.368.898/0001-06,COPEL DISTRIBUIÇÃO S.A.,COPEL DISTRIBUIÇÃO S.A.,Crédito Privado,Emissor de Dívida,Ativo,https://www.copel.com/site/,,,,Emissor de Dívida / Securitizadora,COPEL DISTRIBUIÇÃO S.A. é emissora de títulos de crédito privado registrados na CVM.
09296295000160,09.296.295/0001-60,AZUL LINHAS AEREAS BRASILEIRAS S.A.,AZUL LINHAS AEREAS BRASILEIRAS S.A.,Crédito Privado,Emissor de Dívida,Ativo,,,,,Emissor de Dívida / Securitizadora,AZUL LINHAS AEREAS BRASILEIRAS S.A. é emissora de títulos de crédito privado registrados na CVM.
22320881000160,22.320.881/0001-60,TRADIMAQ S.A.,TRADIMAQ S.A.,Crédito Privado,Emissor de Dívida,Ativo,https://www.tradimaq.com.br/,,,,Emissor de Dívida / Securitizadora,TRADIMAQ S.A. é emissora de títulos de crédito privado registrados na CVM.
33041260065290,33.041.260/0652-90,VIA S.A.,VIA S.A.,Crédito Privado,Emissor de Dívida,Ativo,https://ri.grupocasasbahia.com.br,,,,Emissor de Dívida / Securitizadora,VIA S.A. é emissora de títulos de crédito privado registrados na CVM.
50514685000162,50.514.685/0001-62,VIRYA CAPITAL DEBTCO S.A.,VIRYA CAPITAL DEBTCO S.A.,Crédito Privado,Emissor de Dívida,Ativo,,,,,Emissor de Dívida / Securitizadora,VIRYA CAPITAL DEBTCO S.A. é emissora de títulos de crédito privado registrados na CVM.
08873873000110,08.873.873/0001-10,ECORODOVIAS CONCESSÕES E SERVIÇOS S/A,ECORODOVIAS CONCESSÕES E SERVIÇOS S/A,Crédito Privado,Emissor de Dívida,Ativo,https://ri.ecorodovias.com.br/,,,,Emissor de Dívida / Securitizadora,ECORODOVIAS CONCESSÕES E SERVIÇOS S/A é emissora de títulos de crédito privado registrados na CVM.
23373000000132,23.373.000/0001-32,"VAMOS LOCAÇÃO DE CAMINHÕES, MÁQUINAS E EQUIPAMENTOS S.A.","VAMOS LOCAÇÃO DE CAMINHÕES, MÁQUINAS E EQUIPAMENTOS S.A.",Crédito Privado,Emissor de Dívida,Ativo,https://ri.grupovamos.com.br/,,,,Emissor de Dívida / Securitizadora,"VAMOS LOCAÇÃO DE CAMINHÕES, MÁQUINAS E EQUIPAMENTOS S.A. é emissora de títulos de crédito privado registrados na CVM."
33376989000191,33.376.989/0001-91,IRB - BRASIL RESSEGUROS S.A.,IRB - BRASIL RESSEGUROS S.A.,Crédito Privado,Emissor de Dívida,Ativo,,,,,Emissor de Dívida / Securitizadora,IRB - BRASIL RESSEGUROS S.A. é emissora de títulos de crédito privado registrados na CVM.
96825575000112,96.825.575/0001-12,INTERMARÍTIMA PORTOS E LOGÍSTICA S.A.,INTERMARÍTIMA PORTOS E LOGÍSTICA S.A.,Crédito Privado,Emissor de Dívida,Ativo,https://www.intermaritima.com.br,,,,Emissor de Dívida / Securitizadora,INTERMARÍTIMA PORTOS E LOGÍSTICA S.A. é emissora de títulos de crédito privado registrados na CVM.
04565289000147,04.565.289/0001-47,BEMOL S.A.,BEMOL S.A.,Crédito Privado,Emissor de Dívida,Ativo,https://www.bemol.com.br/institucional,,,,Emissor de Dívida / Securitizadora,BEMOL S.A. é emissora de títulos de crédito privado registrados na CVM.
28477685000180,28.477.685/0001-80,SAVIXX COMÉRCIO INTERNACIONAL S.A.,SAVIXX COMÉRCIO INTERNACIONAL S.A.,Crédito Privado,Emissor de Dívida,Ativo,,,,,Emissor de Dívida / Securitizadora,SAVIXX COMÉRCIO INTERNACIONAL S.A. é emissora de títulos de crédito privado registrados na CVM.
47239287000170,47.239.287/0001-70,ASTURIAS ENERGIA RENOVAVEL S.A.,ASTURIAS ENERGIA RENOVAVEL S.A.,Crédito Privado,Emissor de Dívida,Ativo,,,,,Emissor de Dívida / Securitizadora,ASTURIAS ENERGIA RENOVAVEL S.A. é emissora de títulos de crédito privado registrados na CVM.
46059783000180,46.059.783/0001-80,BOA ESPERANÇA ENERGIA RENOVÁVEL S.A.,BOA ESPERANÇA ENERGIA RENOVÁVEL S.A.,Crédito Privado,Emissor de Dívida,Ativo,,,,,Emissor de Dívida / Securitizadora,BOA ESPERANÇA ENERGIA RENOVÁVEL S.A. é emissora de títulos de crédito privado registrados na CVM.
46630811000177,46.630.811/0001-77,VILHENA ENERGIA RENOVÁVEL S.A.,VILHENA ENERGIA RENOVÁVEL S.A.,Crédito Privado,Emissor de Dívida,Ativo,,,,,Emissor de Dívida / Securitizadora,VILHENA ENERGIA RENOVÁVEL S.A. é emissora de títulos de crédito privado registrados na CVM.
09114805000130,09.114.805/0001-30,OCEANPACT SERVIÇOS MARÍTIMOS S.A.,OCEANPACT SERVIÇOS MARÍTIMOS S.A.,Crédito Privado,Emissor de Dívida,Ativo,https://ri.oceanpact.com,,,,Emissor de Dívida / Securitizadora,OCEANPACT SERVIÇOS MARÍTIMOS S.A. é emissora de títulos de crédito privado registrados na CVM.
33042730000104,33.042.730/0001-04,CIA SIDERURGICA NACIONAL,CIA SIDERURGICA NACIONAL,Crédito Privado,Emissor de Dívida,Ativo,https://ri.csn.com.br/,,,,Emissor de Dívida / Securitizadora,CIA SIDERURGICA NACIONAL é emissora de títulos de crédito privado registrados na CVM.
48710127000120,48.710.127/0001-20,SPE Novo Norte Aeroportos S.A.,SPE Novo Norte Aeroportos S.A.,Crédito Privado,Emissor de Dívida,Ativo,https://www.noa-airports.com.br,,,,Emissor de Dívida / Securitizadora,SPE Novo Norte Aeroportos S.A. é emissora de títulos de crédito privado registrados na CVM.
44493509000199,44.493.509/0001-99,INFRAESTRUTURA BRASIL HOLDING XVI S.A.,INFRAESTRUTURA BRASIL HOLDING XVI S.A.,Crédito Privado,Emissor de Dívida,Ativo,https://ri.essentiaenergia.com.br,,,,Emissor de Dívida / Securitizadora,INFRAESTRUTURA BRASIL HOLDING XVI S.A. é emissora de títulos de crédito privado registrados na CVM.
04409762000105,04.409.762/0001-05,Dix Empreendimentos S.A.,Dix Empreendimentos S.A.,Crédito Privado,Emissor de Dívida,Ativo,,,,,Emissor de Dívida / Securitizadora,Dix Empreendimentos S.A. é emissora de títulos de crédito privado registrados na CVM.
04065791000199,04.065.791/0001-99,SINQIA S.A.,SINQIA S.A.,Crédito Privado,Emissor de Dívida,Ativo,https://sinqia.com.br/,,,,Emissor de Dívida / Securitizadora,SINQIA S.A. é emissora de títulos de crédito privado registrados na CVM.
16404287000155,16.404.287/0001-55,SUZANO S.A.,SUZANO S.A.,Crédito Privado,Emissor de Dívida,Ativo,https://ri.suzano.com.br/Portuguese/home/default.aspx,,,,Emissor de Dívida / Securitizadora,SUZANO S.A. é emissora de títulos de crédito privado registrados na CVM.
01612234000152,01.612.234/0001-52,CONCESSIONÁRIA DA RODOVIA DOS LAGOS S.A,CONCESSIONÁRIA DA RODOVIA DOS LAGOS S.A,Crédito Privado,Emissor de Dívida,Ativo,https://www.rodoviadoslagos.com.br,,,,Emissor de Dívida / Securitizadora,CONCESSIONÁRIA DA RODOVIA DOS LAGOS S.A é emissora de títulos de crédito privado registrados na CVM.
40917385000170,40.917.385/0001-70,"NK 108 EMPREENDIMENTOS E PARTICIPAÇÕES S.A.,","NK 108 EMPREENDIMENTOS E PARTICIPAÇÕES S.A.,",Crédito Privado,Emissor de Dívida,Ativo,,,,,Emissor de Dívida / Securitizadora,"NK 108 EMPREENDIMENTOS E PARTICIPAÇÕES S.A., é emissora de títulos de crédito privado registrados na CVM."
23541412000134,23.541.412/0001-34,MIRANTE ENERGÉTICA S.A.,MIRANTE ENERGÉTICA S.A.,Crédito Privado,Emissor de Dívida,Ativo,,,,,Emissor de Dívida / Securitizadora,MIRANTE ENERGÉTICA S.A. é emissora de títulos de crédito privado registrados na CVM.
00864214000106,00.864.214/0001-06,ENERGISA SA,ENERGISA SA,Crédito Privado,Emissor de Dívida,Ativo,http://ri.energisa.com.br,,,,Emissor de Dívida / Securitizadora,ENERGISA SA é emissora de títulos de crédito privado registrados na CVM.
38213667000145,38.213.667/0001-45,Athon Geração Distribuída II S.A.,Athon Geração Distribuída II S.A.,Crédito Privado,Emissor de Dívida,Ativo,,,,,Emissor de Dívida / Securitizadora,Athon Geração Distribuída II S.A. é emissora de títulos de crédito privado registrados na CVM.
42310775000103,42.310.775/0001-03,ÁGUAS DO RIO 1 SPE S.A.,ÁGUAS DO RIO 1 SPE S.A.,Crédito Privado,Emissor de Dívida,Ativo,https://ri.aegea.com.br/debentures-companhias-abertas/aguas-do-rio/,,,,Emissor de Dívida / Securitizadora,ÁGUAS DO RIO 1 SPE S.A. é emissora de títulos de crédito privado registrados na CVM.
42644220000106,42.644.220/0001-06,ÁGUAS DO RIO 4 SPE S.A.,ÁGUAS DO RIO 4 SPE S.A.,Crédito Privado,Emissor de Dívida,Ativo,https://ri.aegea.com.br/debentures-companhias-abertas/aguas-do-rio/,,,,Emissor de Dívida / Securitizadora,ÁGUAS DO RIO 4 SPE S.A. é emissora de títulos de crédito privado registrados na CVM.
07280328000158,07.280.328/0001-58,Ipiranga Agroindustrial S.A.,Ipiranga Agroindustrial S.A.,Crédito Privado,Emissor de Dívida,Ativo,https://www.ipirangaagroindustrial.com.br/,,,,Emissor de Dívida / Securitizadora,Ipiranga Agroindustrial S.A. é emissora de títulos de crédito privado registrados na CVM.
20611180000155,20.611.180/0001-55,SETELOC S/A,SETELOC S/A,Crédito Privado,Emissor de Dívida,Ativo,,,,,Emissor de Dívida / Securitizadora,SETELOC S/A é emissora de títulos de crédito privado registrados na CVM.
40263170000183,40.263.170/0001-83,SOLVI ESSENCIS AMBIENTAL S.A.,SOLVI ESSENCIS AMBIENTAL S.A.,Crédito Privado,Emissor de Dívida,Ativo,https://www.solviessencis.com.br/,,,,Emissor de Dívida / Securitizadora,SOLVI ESSENCIS AMBIENTAL S.A. é emissora de títulos de crédito privado registrados na CVM.
03264927000127,03.264.927/0001-27,Manaus Ambiental S.A.,Manaus Ambiental S.A.,Crédito Privado,Emissor de Dívida,Ativo,,,,,Emissor de Dívida / Securitizadora,Manaus Ambiental S.A. é emissora de títulos de crédito privado registrados na CVM.
08324196000181,08.324.196/0001-81,CIA ENERGÉTICA DO RIO GRANDE DO NORTE,CIA ENERGÉTICA DO RIO GRANDE DO NORTE,Crédito Privado,Emissor de Dívida,Ativo,https://ri.neoenergia.com/,,,,Emissor de Dívida / Securitizadora,CIA ENERGÉTICA DO RIO GRANDE DO NORTE é emissora de títulos de crédito privado registrados na CVM.
61486650000183,61.486.650/0001-83,DIAGNOSTICOS DA AMERICA SA,DIAGNOSTICOS DA AMERICA SA,Crédito Privado,Emissor de Dívida,Ativo,https://www.dasa3.com.br/en/,,,,Emissor de Dívida / Securitizadora,DIAGNOSTICOS DA AMERICA SA é emissora de títulos de crédito privado registrados na CVM.
00535681000192,00.535.681/0001-92,COMPANHIA PARANAENSE DE GÁS - COMPAGAS,COMPANHIA PARANAENSE DE GÁS - COMPAGAS,Crédito Privado,Emissor de Dívida,Ativo,https://www.compagas.com.br/,,,,Emissor de Dívida / Securitizadora,COMPANHIA PARANAENSE DE GÁS - COMPAGAS é emissora de títulos de crédito privado registrados na CVM.
02600854000134,02.600.854/0001-34,TIM BRASIL SERVIÇOS E PARTICIPAÇÕES S.A.,TIM BRASIL SERVIÇOS E PARTICIPAÇÕES S.A.,Crédito Privado,Emissor de Dívida,Ativo,https://www.timbrasilpart.com.br,,,,Emissor de Dívida / Securitizadora,TIM BRASIL SERVIÇOS E PARTICIPAÇÕES S.A. é emissora de títulos de crédito privado registrados na CVM.
06267630000103,06.267.630/0001-03,Companhia Brasileira de Educação e Sistemas de Ensino S.A.,Companhia Brasileira de Educação e Sistemas de Ensino S.A.,Crédito Privado,Emissor de Dívida,Ativo,,,,,Emissor de Dívida / Securitizadora,Companhia Brasileira de Educação e Sistemas de Ensino S.A. é emissora de títulos de crédito privado registrados na CVM.
50839551000111,50.839.551/0001-11,Carangola Participações em Energia S.A.,Carangola Participações em Energia S.A.,Crédito Privado,Emissor de Dívida,Ativo,,,,,Emissor de Dívida / Securitizadora,Carangola Participações em Energia S.A. é emissora de títulos de crédito privado registrados na CVM.
16581207000137,16.581.207/0001-37,DM INSTITUIÇÃO DE PAGAMENTO S.A.,DM INSTITUIÇÃO DE PAGAMENTO S.A.,Crédito Privado,Emissor de Dívida,Ativo,,,,,Emissor de Dívida / Securitizadora,DM INSTITUIÇÃO DE PAGAMENTO S.A. é emissora de títulos de crédito privado registrados na CVM.
44457285000160,44.457.285/0001-60,E&P INFRAESTRUTURA S.A,E&P INFRAESTRUTURA S.A,Crédito Privado,Emissor de Dívida,Ativo,,,,,Emissor de Dívida / Securitizadora,E&P INFRAESTRUTURA S.A é emissora de títulos de crédito privado registrados na CVM.
43277147000136,43.277.147/0001-36,Sul Concessões e Participações S.A.,Sul Concessões e Participações S.A.,Crédito Privado,Emissor de Dívida,Ativo,https://www.sulconcessoes.com.br,,,,Emissor de Dívida / Securitizadora,Sul Concessões e Participações S.A. é emissora de títulos de crédito privado registrados na CVM.
36062772000103,36.062.772/0001-03,INFRAESTRUTURA BRASIL HOLDING IX S.A.,INFRAESTRUTURA BRASIL HOLDING IX S.A.,Crédito Privado,Emissor de Dívida,Ativo,,,,,Emissor de Dívida / Securitizadora,INFRAESTRUTURA BRASIL HOLDING IX S.A. é emissora de títulos de crédito privado registrados na CVM.
07636657000199,07.636.657/0001-99,ACO VERDE DO BRASIL S.A,ACO VERDE DO BRASIL S.A,Crédito Privado,Emissor de Dívida,Ativo,https://ri.avb.com.br/,,,,Emissor de Dívida / Securitizadora,ACO VERDE DO BRASIL S.A é emissora de títulos de crédito privado registrados na CVM.
42936159000162,42.936.159/0001-62,Dourados Energia S.A.,Dourados Energia S.A.,Crédito Privado,Emissor de Dívida,Ativo,https://www.gssouto.com.br/site/,,,,Emissor de Dívida / Securitizadora,Dourados Energia S.A. é emissora de títulos de crédito privado registrados na CVM.
75609123000123,75.609.123/0001-23,UNIDAS LOCAÇÕES E SERVIÇOS S.A.,UNIDAS LOCAÇÕES E SERVIÇOS S.A.,Crédito Privado,Emissor de Dívida,Ativo,https://ri.unidas.com.br/,,,,Emissor de Dívida / Securitizadora,UNIDAS LOCAÇÕES E SERVIÇOS S.A. é emissora de títulos de crédito privado registrados na CVM.
29980141000108,29.980.141/0001-08,OCEÂNICA ENGENHARIA E CONSULTORIA S.A.,OCEÂNICA ENGENHARIA E CONSULTORIA S.A.,Crédito Privado,Emissor de Dívida,Ativo,https://www.oceanica.com.br/,,,,Emissor de Dívida / Securitizadora,OCEÂNICA ENGENHARIA E CONSULTORIA S.A. é emissora de títulos de crédito privado registrados na CVM.
42554669000175,42.554.669/0001-75,TTCH4 Participações S.A.,TTCH4 Participações S.A.,Crédito Privado,Emissor de Dívida,Ativo,,,,,Emissor de Dívida / Securitizadora,TTCH4 Participações S.A. é emissora de títulos de crédito privado registrados na CVM.
08467115000100,08.467.115/0001-00,CIA ESTADUAL DE DISTRIBUIÇÃO DE ENERGIA ELETRICA,CIA ESTADUAL DE DISTRIBUIÇÃO DE ENERGIA ELETRICA,Crédito Privado,Emissor de Dívida,Ativo,https://ri.equatorialenergia.com.br/pt-br/,,,,Emissor de Dívida / Securitizadora,CIA ESTADUAL DE DISTRIBUIÇÃO DE ENERGIA ELETRICA é emissora de títulos de crédito privado registrados na CVM.
05965546000109,05.965.546/0001-09,COMPANHIA DE ELETRICIDADE DO AMAPÁ - CEA,COMPANHIA DE ELETRICIDADE DO AMAPÁ - CEA,Crédito Privado,Emissor de Dívida,Ativo,https://www.equatorialenergia.com.br/,,,,Emissor de Dívida / Securitizadora,COMPANHIA DE ELETRICIDADE DO AMAPÁ - CEA é emissora de títulos de crédito privado registrados na CVM.
32711933000183,32.711.933/0001-83,ARTEON  Z TRANSMISSÕES E PARTICIPAÇÕES S.A,ARTEON  Z TRANSMISSÕES E PARTICIPAÇÕES S.A,Crédito Privado,Emissor de Dívida,Ativo,https://www.arteonz.com,,,,Emissor de Dívida / Securitizadora,ARTEON  Z TRANSMISSÕES E PARTICIPAÇÕES S.A é emissora de títulos de crédito privado registrados na CVM.
50675079000129,50.675.079/0001-29,Pomerwasser Ambiental S.P.E. S.A.,Pomerwasser Ambiental S.P.E. S.A.,Crédito Privado,Emissor de Dívida,Ativo,https://www.pwambiental.com.br/,,,,Emissor de Dívida / Securitizadora,Pomerwasser Ambiental S.P.E. S.A. é emissora de títulos de crédito privado registrados na CVM.
42902223000194,42.902.223/0001-94,Winity Participações S.A.,Winity Participações S.A.,Crédito Privado,Emissor de Dívida,Ativo,https://www.winity.com.br,,,,Emissor de Dívida / Securitizadora,Winity Participações S.A. é emissora de títulos de crédito privado registrados na CVM.
17162280000137,17.162.280/0001-37,EMPRESA BRASILEIRA DE ENGENHARIA E COMÉRCIO S.A. EBEC,EMPRESA BRASILEIRA DE ENGENHARIA E COMÉRCIO S.A. EBEC,Crédito Privado,Emissor de Dívida,Ativo,https://ri.ebec-sa.com.br/,,,,Emissor de Dívida / Securitizadora,EMPRESA BRASILEIRA DE ENGENHARIA E COMÉRCIO S.A. EBEC é emissora de títulos de crédito privado registrados na CVM.
02800026000140,02.800.026/0001-40,COGNA EDUCAÇÃO S.A.,COGNA EDUCAÇÃO S.A.,Crédito Privado,Emissor de Dívida,Ativo,https://ri.cogna.com.br/,,,,Emissor de Dívida / Securitizadora,COGNA EDUCAÇÃO S.A. é emissora de títulos de crédito privado registrados na CVM.
46155662000131,46.155.662/0001-31,ALISEO EMPREENDIMENTOS E PARTICIPAÇÕES S.A.,ALISEO EMPREENDIMENTOS E PARTICIPAÇÕES S.A.,Crédito Privado,Emissor de Dívida,Ativo,https://aliseosa.com.br,,,,Emissor de Dívida / Securitizadora,ALISEO EMPREENDIMENTOS E PARTICIPAÇÕES S.A. é emissora de títulos de crédito privado registrados na CVM.
40689707000171,40.689.707/0001-71,Ciranda I Holding S.A.,Ciranda I Holding S.A.,Crédito Privado,Emissor de Dívida,Ativo,https://www.canadiansolar.com.br,,,,Emissor de Dívida / Securitizadora,Ciranda I Holding S.A. é emissora de títulos de crédito privado registrados na CVM.
35593905000105,35.593.905/0001-05,CONCESSIONÁRIA ECOVIAS DO CERRADO S.A.,CONCESSIONÁRIA ECOVIAS DO CERRADO S.A.,Crédito Privado,Emissor de Dívida,Ativo,https://ri.ecorodovias.com.br/debentures-companhias-abertas/ecovias-do-cerrado/,,,,Emissor de Dívida / Securitizadora,CONCESSIONÁRIA ECOVIAS DO CERRADO S.A. é emissora de títulos de crédito privado registrados na CVM.
41570356000148,41.570.356/0001-48,VRENTAL LOCAÇÃO DE MÁQUINAS E EQUIPAMENTOS S.A.,VRENTAL LOCAÇÃO DE MÁQUINAS E EQUIPAMENTOS S.A.,Crédito Privado,Emissor de Dívida,Ativo,https://vrentalnet.com/,,,,Emissor de Dívida / Securitizadora,VRENTAL LOCAÇÃO DE MÁQUINAS E EQUIPAMENTOS S.A. é emissora de títulos de crédito privado registrados na CVM.
71304687000105,71.304.687/0001-05,Pedra Agroindustrial S.A.,Pedra Agroindustrial S.A.,Crédito Privado,Emissor de Dívida,Ativo,https://www.pedraagroindustrial.com.br/,,,,Emissor de Dívida / Securitizadora,Pedra Agroindustrial S.A. é emissora de títulos de crédito privado registrados na CVM.
07534805000164,07.534.805/0001-64,SPREAD PARTICIPAÇÕES S.A.,SPREAD PARTICIPAÇÕES S.A.,Crédito Privado,Emissor de Dívida,Ativo,,,,,Emissor de Dívida / Securitizadora,SPREAD PARTICIPAÇÕES S.A. é emissora de títulos de crédito privado registrados na CVM.
40008239000122,40.008.239/0001-22,CONSAG ENGENHARIA S.A.,CONSAG ENGENHARIA S.A.,Crédito Privado,Emissor de Dívida,Ativo,https://www.andradegutierrez.com.br,,,,Emissor de Dívida / Securitizadora,CONSAG ENGENHARIA S.A. é emissora de títulos de crédito privado registrados na CVM.
30265100000100,30.265.100/0001-00,Eco135 Concessionária de Rodovias S.A.,Eco135 Concessionária de Rodovias S.A.,Crédito Privado,Emissor de Dívida,Ativo,,,,,Emissor de Dívida / Securitizadora,Eco135 Concessionária de Rodovias S.A. é emissora de títulos de crédito privado registrados na CVM.
10608405000241,10.608.405/0002-41,BARI SECURITIZADORA S.A.,BARI SECURITIZADORA S.A.,Crédito Privado,Emissor de Dívida,Ativo,,,,,Emissor de Dívida / Securitizadora,BARI SECURITIZADORA S.A. é emissora de títulos de crédito privado registrados na CVM.
61082962000121,61.082.962/0001-21,Companhia Melhoramentos Norte do Paraná,Companhia Melhoramentos Norte do Paraná,Crédito Privado,Emissor de Dívida,Ativo,https://www.cmnp.com.br,,,,Emissor de Dívida / Securitizadora,Companhia Melhoramentos Norte do Paraná é emissora de títulos de crédito privado registrados na CVM.
48343871000134,48.343.871/0001-34,BAMBOO SECURITIZADORA S.A.,BAMBOO SECURITIZADORA S.A.,Crédito Privado,Emissor de Dívida,Ativo,,,,,Emissor de Dívida / Securitizadora,BAMBOO SECURITIZADORA S.A. é emissora de títulos de crédito privado registrados na CVM.
01616929000102,01.616.929/0001-02,SANEAMENTO DE GOIAS SA,SANEAMENTO DE GOIAS SA,Crédito Privado,Emissor de Dívida,Ativo,https://www.saneago.com.br/#/home,,,,Emissor de Dívida / Securitizadora,SANEAMENTO DE GOIAS SA é emissora de títulos de crédito privado registrados na CVM.
17281106000103,17.281.106/0001-03,COMPANHIA DE SANEAMENTO DE MINAS GERAIS,COMPANHIA DE SANEAMENTO DE MINAS GERAIS,Crédito Privado,Emissor de Dívida,Ativo,https://www.copasa.com.br,,,,Emissor de Dívida / Securitizadora,COMPANHIA DE SANEAMENTO DE MINAS GERAIS é emissora de títulos de crédito privado registrados na CVM.
87870952000144,87.870.952/0001-44,BORRACHAS VIPAL S.A.,BORRACHAS VIPAL S.A.,Crédito Privado,Emissor de Dívida,Ativo,,,,,Emissor de Dívida / Securitizadora,BORRACHAS VIPAL S.A. é emissora de títulos de crédito privado registrados na CVM.
22902554000117,22.902.554/0001-17,Mineração Morro do Ipê S.A.,Mineração Morro do Ipê S.A.,Crédito Privado,Emissor de Dívida,Ativo,,,,,Emissor de Dívida / Securitizadora,Mineração Morro do Ipê S.A. é emissora de títulos de crédito privado registrados na CVM.
00001180000126,00.001.180/0001-26,CENTRAIS ELETRICAS BRASILEIRAS SA,CENTRAIS ELETRICAS BRASILEIRAS SA,Crédito Privado,Emissor de Dívida,Ativo,https://ri.eletrobras.com/,,,,Emissor de Dívida / Securitizadora,CENTRAIS ELETRICAS BRASILEIRAS SA é emissora de títulos de crédito privado registrados na CVM.
08343492000120,08.343.492/0001-20,MRV ENGENHARIA E PARTICIPAÇÕES S/A,MRV ENGENHARIA E PARTICIPAÇÕES S/A,Crédito Privado,Emissor de Dívida,Ativo,https://www.mrv.com.br/,,,,Emissor de Dívida / Securitizadora,MRV ENGENHARIA E PARTICIPAÇÕES S/A é emissora de títulos de crédito privado registrados na CVM.
07483401000199,07.483.401/0001-99,Total Biotecnologia Indústria e Comércio S.A.,Total Biotecnologia Indústria e Comércio S.A.,Crédito Privado,Emissor de Dívida,Ativo,,,,,Emissor de Dívida / Securitizadora,Total Biotecnologia Indústria e Comércio S.A. é emissora de títulos de crédito privado registrados na CVM.
06160688000153,06.160.688/0001-53,CBV - CENTRO BRASILEIRO DA VISÃO S.A.,CBV - CENTRO BRASILEIRO DA VISÃO S.A.,Crédito Privado,Emissor de Dívida,Ativo,https://cbv.med.br/,,,,Emissor de Dívida / Securitizadora,CBV - CENTRO BRASILEIRO DA VISÃO S.A. é emissora de títulos de crédito privado registrados na CVM.
15811119000111,15.811.119/0001-11,IHS BRASIL - CESSÃO DE INFRAESTRUTURAS S.A.,IHS BRASIL - CESSÃO DE INFRAESTRUTURAS S.A.,Crédito Privado,Emissor de Dívida,Ativo,,,,,Emissor de Dívida / Securitizadora,IHS BRASIL - CESSÃO DE INFRAESTRUTURAS S.A. é emissora de títulos de crédito privado registrados na CVM.
02387241000160,02.387.241/0001-60,RUMO S.A.,RUMO S.A.,Crédito Privado,Emissor de Dívida,Ativo,https://ri.rumolog.com/,,,,Emissor de Dívida / Securitizadora,RUMO S.A. é emissora de títulos de crédito privado registrados na CVM.
35539362000130,35.539.362/0001-30,Nibs Participações S.A.,Nibs Participações S.A.,Crédito Privado,Emissor de Dívida,Ativo,https://www.kopenhagen.com.br,,,,Emissor de Dívida / Securitizadora,Nibs Participações S.A. é emissora de títulos de crédito privado registrados na CVM.
09347516000181,09.347.516/0001-81,ELETROMIDIA S.A.,ELETROMIDIA S.A.,Crédito Privado,Emissor de Dívida,Ativo,,,,,Emissor de Dívida / Securitizadora,ELETROMIDIA S.A. é emissora de títulos de crédito privado registrados na CVM.
32161500000100,32.161.500/0001-00,CONCESSIONÁRIA DAS RODOVIAS INTEGRADAS DO SUL S.A.,CONCESSIONÁRIA DAS RODOVIAS INTEGRADAS DO SUL S.A.,Crédito Privado,Emissor de Dívida,Ativo,https://www.ccrviasul.com.br/,,,,Emissor de Dívida / Securitizadora,CONCESSIONÁRIA DAS RODOVIAS INTEGRADAS DO SUL S.A. é emissora de títulos de crédito privado registrados na CVM.
42276907000128,42.276.907/0001-28,VLI Multimodal S.A.,VLI Multimodal S.A.,Crédito Privado,Emissor de Dívida,Ativo,,,,,Emissor de Dívida / Securitizadora,VLI Multimodal S.A. é emissora de títulos de crédito privado registrados na CVM.
29884545000190,29.884.545/0001-90,ECORIOMINAS CONCESSIONÁRIA DE RODOVIAS S.A.,ECORIOMINAS CONCESSIONÁRIA DE RODOVIAS S.A.,Crédito Privado,Emissor de Dívida,Ativo,https://www.ecoriominas.com.br/,,,,Emissor de Dívida / Securitizadora,ECORIOMINAS CONCESSIONÁRIA DE RODOVIAS S.A. é emissora de títulos de crédito privado registrados na CVM.
33102476000192,33.102.476/0001-92,MONTEIRO ARANHA SA,MONTEIRO ARANHA SA,Crédito Privado,Emissor de Dívida,Ativo,https://www.monteiroaranha.com.br/,,,,Emissor de Dívida / Securitizadora,MONTEIRO ARANHA SA é emissora de títulos de crédito privado registrados na CVM.
02016507000169,02.016.507/0001-69,"COMPANHIA DE GERAÇÃO E TRANSMISSÃO DE ENERGIA ELÉTRICA DO SUL DO BRASIL - ELETROBRAS CGT ELETROSUL,","COMPANHIA DE GERAÇÃO E TRANSMISSÃO DE ENERGIA ELÉTRICA DO SUL DO BRASIL - ELETROBRAS CGT ELETROSUL,",Crédito Privado,Emissor de Dívida,Ativo,https://www.cgteletrosul.com.br,,,,Emissor de Dívida / Securitizadora,"COMPANHIA DE GERAÇÃO E TRANSMISSÃO DE ENERGIA ELÉTRICA DO SUL DO BRASIL - ELETROBRAS CGT ELETROSUL, é emissora de títulos de crédito privado registrados na CVM."
61156113000175,61.156.113/0001-75,IOCHPE MAXION SA,IOCHPE MAXION SA,Crédito Privado,Emissor de Dívida,Ativo,https://www.iochpe.com.br/,,,,Emissor de Dívida / Securitizadora,IOCHPE MAXION SA é emissora de títulos de crédito privado registrados na CVM.
44373108000103,44.373.108/0001-03,COCAL COMÉRCIO INDÚSTRIA CANAÃ AÇÚCAR E ÁLCOOL S.A.,COCAL COMÉRCIO INDÚSTRIA CANAÃ AÇÚCAR E ÁLCOOL S.A.,Crédito Privado,Emissor de Dívida,Ativo,https://ri.cocal.com.br/ri,,,,Emissor de Dívida / Securitizadora,COCAL COMÉRCIO INDÚSTRIA CANAÃ AÇÚCAR E ÁLCOOL S.A. é emissora de títulos de crédito privado registrados na CVM.
58430828000160,58.430.828/0001-60,BLAU FARMACÊUTICA S.A.,BLAU FARMACÊUTICA S.A.,Crédito Privado,Emissor de Dívida,Ativo,https://ri.blau.com/,,,,Emissor de Dívida / Securitizadora,BLAU FARMACÊUTICA S.A. é emissora de títulos de crédito privado registrados na CVM.
08797760000183,08.797.760/0001-83,CURY CONSTRUTORA E INCORPORADORA S.A.,CURY CONSTRUTORA E INCORPORADORA S.A.,Crédito Privado,Emissor de Dívida,Ativo,https://ri.cury.net/,,,,Emissor de Dívida / Securitizadora,CURY CONSTRUTORA E INCORPORADORA S.A. é emissora de títulos de crédito privado registrados na CVM.
51427102000129,51.427.102/0001-29,TECNOLOGIA BANCÁRIA S.A.,TECNOLOGIA BANCÁRIA S.A.,Crédito Privado,Emissor de Dívida,Ativo,http://www.tecban.com.br,,,,Emissor de Dívida / Securitizadora,TECNOLOGIA BANCÁRIA S.A. é emissora de títulos de crédito privado registrados na CVM.
04911091000178,04.911.091/0001-78,HIDRO FORTE ADMINISTRAÇÃO E OPERAÇÃO S.A.,HIDRO FORTE ADMINISTRAÇÃO E OPERAÇÃO S.A.,Crédito Privado,Emissor de Dívida,Ativo,,,,,Emissor de Dívida / Securitizadora,HIDRO FORTE ADMINISTRAÇÃO E OPERAÇÃO S.A. é emissora de títulos de crédito privado registrados na CVM.
45902707000121,45.902.707/0001-21,DIANA BIOENERGIA AVANHANDAVA S.A.,DIANA BIOENERGIA AVANHANDAVA S.A.,Crédito Privado,Emissor de Dívida,Ativo,https://www.dianabioenergia.com.br,,,,Emissor de Dívida / Securitizadora,DIANA BIOENERGIA AVANHANDAVA S.A. é emissora de títulos de crédito privado registrados na CVM.
43737117000165,43.737.117/0001-65,VERT COMPANHIA SECURITIZADORA DE CRÉDITOS FINANCEIROS,VERT COMPANHIA SECURITIZADORA DE CRÉDITOS FINANCEIROS,Crédito Privado,Emissor de Dívida,Ativo,https://www.vert-capital.com/institucional/vert-securitizadora,,,,Emissor de Dívida / Securitizadora,VERT COMPANHIA SECURITIZADORA DE CRÉDITOS FINANCEIROS é emissora de títulos de crédito privado registrados na CVM.
37229373000149,37.229.373/0001-49,"LOC FROTAS LOCAÇÕES S.A.,","LOC FROTAS LOCAÇÕES S.A.,",Crédito Privado,Emissor de Dívida,Ativo,https://locfrotas.com.br/,,,,Emissor de Dívida / Securitizadora,"LOC FROTAS LOCAÇÕES S.A., é emissora de títulos de crédito privado registrados na CVM."
51742485000120,51.742.485/0001-20,Concessionária Rodovias do Café SPE S.A.,Concessionária Rodovias do Café SPE S.A.,Crédito Privado,Emissor de Dívida,Ativo,,,,,Emissor de Dívida / Securitizadora,Concessionária Rodovias do Café SPE S.A. é emissora de títulos de crédito privado registrados na CVM.
23758522000152,23.758.522/0001-52,CELSE - CENTRAIS ELÉTRICAS DE SERGIPE S.A>,CELSE - CENTRAIS ELÉTRICAS DE SERGIPE S.A>,Crédito Privado,Emissor de Dívida,Ativo,https://ri.eneva.com.br/informacoes-ao-mercado/documentos-celse/,,,,Emissor de Dívida / Securitizadora,CELSE - CENTRAIS ELÉTRICAS DE SERGIPE S.A> é emissora de títulos de crédito privado registrados na CVM.
13504675000110,13.504.675/0001-10,EMPRESA BAIANA DE ÁGUAS E SANEAMENTO S.A.,EMPRESA BAIANA DE ÁGUAS E SANEAMENTO S.A.,Crédito Privado,Emissor de Dívida,Ativo,,,,,Emissor de Dívida / Securitizadora,EMPRESA BAIANA DE ÁGUAS E SANEAMENTO S.A. é emissora de títulos de crédito privado registrados na CVM.
02302100000106,02.302.100/0001-06,EDP SÃO PAULO DISTRIBUIÇÃO DE ENERGIA S.A.,EDP SÃO PAULO DISTRIBUIÇÃO DE ENERGIA S.A.,Crédito Privado,Emissor de Dívida,Ativo,,,,,Emissor de Dívida / Securitizadora,EDP SÃO PAULO DISTRIBUIÇÃO DE ENERGIA S.A. é emissora de títulos de crédito privado registrados na CVM.
21480839000144,21.480.839/0001-44,BRK AMBIENTAL -SUMARÉ S.A.,BRK AMBIENTAL -SUMARÉ S.A.,Crédito Privado,Emissor de Dívida,Ativo,,,,,Emissor de Dívida / Securitizadora,BRK AMBIENTAL -SUMARÉ S.A. é emissora de títulos de crédito privado registrados na CVM.
32184487000104,32.184.487/0001-04,PAMPA TRANSMISSÃO DE ENERGIA S.A.,PAMPA TRANSMISSÃO DE ENERGIA S.A.,Crédito Privado,Emissor de Dívida,Ativo,,,,,Emissor de Dívida / Securitizadora,PAMPA TRANSMISSÃO DE ENERGIA S.A. é emissora de títulos de crédito privado registrados na CVM.
16825255000123,16.825.255/0001-23,SUHAI SEGURADORA S.A.,SUHAI SEGURADORA S.A.,Crédito Privado,Emissor de Dívida,Ativo,https://www.suhaiseguradora.com,,,,Emissor de Dívida / Securitizadora,SUHAI SEGURADORA S.A. é emissora de títulos de crédito privado registrados na CVM.
02382073000110,02.382.073/0001-10,PROLAGOS S/A - CONC.DE SERVICOS PÚBLICOS DE ÁGUA E ESGOTO,PROLAGOS S/A - CONC.DE SERVICOS PÚBLICOS DE ÁGUA E ESGOTO,Crédito Privado,Emissor de Dívida,Ativo,,,,,Emissor de Dívida / Securitizadora,PROLAGOS S/A - CONC.DE SERVICOS PÚBLICOS DE ÁGUA E ESGOTO é emissora de títulos de crédito privado registrados na CVM.
09346601000125,09.346.601/0001-25,"B3 S.A. - BRASIL, BOLSA, BALCÃO","B3 S.A. - BRASIL, BOLSA, BALCÃO",Crédito Privado,Emissor de Dívida,Ativo,http://www.b3.com.br,,,,Emissor de Dívida / Securitizadora,"B3 S.A. - BRASIL, BOLSA, BALCÃO é emissora de títulos de crédito privado registrados na CVM."
21148231000117,21.148.231/0001-17,BRENERGIA ENERGIAS RENOVÁVEIS S.A.,BRENERGIA ENERGIAS RENOVÁVEIS S.A.,Crédito Privado,Emissor de Dívida,Ativo,,,,,Emissor de Dívida / Securitizadora,BRENERGIA ENERGIAS RENOVÁVEIS S.A. é emissora de títulos de crédito privado registrados na CVM.
35522178000187,35.522.178/0001-87,CIA SECURITIZADORA DE CRED. FIN. CARTÕES CONSIGNADOS II,CIA SECURITIZADORA DE CRED. FIN. CARTÕES CONSIGNADOS II,Crédito Privado,Emissor de Dívida,Ativo,,,,,Emissor de Dívida / Securitizadora,CIA SECURITIZADORA DE CRED. FIN. CARTÕES CONSIGNADOS II é emissora de títulos de crédito privado registrados na CVM.
12139922000163,12.139.922/0001-63,OCTANTE SECURITIZADORA SA,OCTANTE SECURITIZADORA SA,Crédito Privado,Emissor de Dívida,Ativo,https://www.octante.com.br,,,,Emissor de Dívida / Securitizadora,OCTANTE SECURITIZADORA SA é emissora de títulos de crédito privado registrados na CVM.
48984443000190,48.984.443/0001-90,Autogeração Solar Compartilhada Sudeste S.A.,Autogeração Solar Compartilhada Sudeste S.A.,Crédito Privado,Emissor de Dívida,Ativo,,,,,Emissor de Dívida / Securitizadora,Autogeração Solar Compartilhada Sudeste S.A. é emissora de títulos de crédito privado registrados na CVM.
01417222000177,01.417.222/0001-77,MRS LOGÍSTICA S/A,MRS LOGÍSTICA S/A,Crédito Privado,Emissor de Dívida,Ativo,https://ri.mrs.com.br/,,,,Emissor de Dívida / Securitizadora,MRS LOGÍSTICA S/A é emissora de títulos de crédito privado registrados na CVM.
45688565000141,45.688.565/0001-41,Olindina Participações S.A.,Olindina Participações S.A.,Crédito Privado,Emissor de Dívida,Ativo,,,,,Emissor de Dívida / Securitizadora,Olindina Participações S.A. é emissora de títulos de crédito privado registrados na CVM.
33958695000178,33.958.695/0001-78,UNIPAR CARBOCLORO S.A.,UNIPAR CARBOCLORO S.A.,Crédito Privado,Emissor de Dívida,Ativo,https://ri.unipar.com/,,,,Emissor de Dívida / Securitizadora,UNIPAR CARBOCLORO S.A. é emissora de títulos de crédito privado registrados na CVM.
04986320000113,04.986.320/0001-13,SER EDUCACIONAL S.A.,SER EDUCACIONAL S.A.,Crédito Privado,Emissor de Dívida,Ativo,https://ri.sereducacional.com,,,,Emissor de Dívida / Securitizadora,SER EDUCACIONAL S.A. é emissora de títulos de crédito privado registrados na CVM.
21389501000181,21.389.501/0001-81,COMPASS GÁS E ENERGIA S.A.,COMPASS GÁS E ENERGIA S.A.,Crédito Privado,Emissor de Dívida,Ativo,https://www.compassbr.com/,,,,Emissor de Dívida / Securitizadora,COMPASS GÁS E ENERGIA S.A. é emissora de títulos de crédito privado registrados na CVM.
07594978000178,07.594.978/0001-78,SMARTFIT ESCOLA DE GINÁSTICA E DANÇA S.A.,SMARTFIT ESCOLA DE GINÁSTICA E DANÇA S.A.,Crédito Privado,Emissor de Dívida,Ativo,https://investor.smartfit.com.br/?_ga=2.170087398.795103853.1674058909-1113432602.1673254411&gclid=EAIaIQobChMIy7z0gIHggQMVPSytBh3q8QD-EAAYASAAEgKSH_D_BwE,,,,Emissor de Dívida / Securitizadora,SMARTFIT ESCOLA DE GINÁSTICA E DANÇA S.A. é emissora de títulos de crédito privado registrados na CVM.
35588161000122,35.588.161/0001-22,CONCESSIONÁRIA LINHA UNIVERSIDADE S.A.,CONCESSIONÁRIA LINHA UNIVERSIDADE S.A.,Crédito Privado,Emissor de Dívida,Ativo,,,,,Emissor de Dívida / Securitizadora,CONCESSIONÁRIA LINHA UNIVERSIDADE S.A. é emissora de títulos de crédito privado registrados na CVM.
42130537000116,42.130.537/0001-16,CONCESSIONÁRIA DO BLOCO SUL S.A.,CONCESSIONÁRIA DO BLOCO SUL S.A.,Crédito Privado,Emissor de Dívida,Ativo,,,,,Emissor de Dívida / Securitizadora,CONCESSIONÁRIA DO BLOCO SUL S.A. é emissora de títulos de crédito privado registrados na CVM.
12091809000155,12.091.809/0001-55,3R PETROLEUM OLÉO E GÁS S.A.,3R PETROLEUM OLÉO E GÁS S.A.,Crédito Privado,Emissor de Dívida,Ativo,https://ri.bravaenergia.com/,,,,Emissor de Dívida / Securitizadora,3R PETROLEUM OLÉO E GÁS S.A. é emissora de títulos de crédito privado registrados na CVM.
42206269000179,42.206.269/0001-79,CONCESSIONÁRIA DO BLOCO CENTRAL S.A.,CONCESSIONÁRIA DO BLOCO CENTRAL S.A.,Crédito Privado,Emissor de Dívida,Ativo,,,,,Emissor de Dívida / Securitizadora,CONCESSIONÁRIA DO BLOCO CENTRAL S.A. é emissora de títulos de crédito privado registrados na CVM.
12592831000189,12.592.831/0001-89,MNLT S.A.,MNLT S.A.,Crédito Privado,Emissor de Dívida,Ativo,,,,,Emissor de Dívida / Securitizadora,MNLT S.A. é emissora de títulos de crédito privado registrados na CVM.
92715812000131,92.715.812/0001-31,CIA ESTADUAL DE GERACAO E TRANSMISSAO DE ENERGIA ELETRICA,CIA ESTADUAL DE GERACAO E TRANSMISSAO DE ENERGIA ELETRICA,Crédito Privado,Emissor de Dívida,Ativo,https://ri.cpfl.com.br/,,,,Emissor de Dívida / Securitizadora,CIA ESTADUAL DE GERACAO E TRANSMISSAO DE ENERGIA ELETRICA é emissora de títulos de crédito privado registrados na CVM.
02016440000162,02.016.440/0001-62,RGE SUL DISTRIBUIDORA DE ENERGIA S.A.,RGE SUL DISTRIBUIDORA DE ENERGIA S.A.,Crédito Privado,Emissor de Dívida,Ativo,https://ri.cpfl.com.br/,,,,Emissor de Dívida / Securitizadora,RGE SUL DISTRIBUIDORA DE ENERGIA S.A. é emissora de títulos de crédito privado registrados na CVM.
33050196000188,33.050.196/0001-88,COMPANHIA PAULISTA DE FORCA LUZ - CPFL,COMPANHIA PAULISTA DE FORCA LUZ - CPFL,Crédito Privado,Emissor de Dívida,Ativo,https://ri.cpfl.com.br/,,,,Emissor de Dívida / Securitizadora,COMPANHIA PAULISTA DE FORCA LUZ - CPFL é emissora de títulos de crédito privado registrados na CVM.
04172213000151,04.172.213/0001-51,CIA PIRATININGA DE FORÇA E LUZ,CIA PIRATININGA DE FORÇA E LUZ,Crédito Privado,Emissor de Dívida,Ativo,https://ri.cpfl.com.br/,,,,Emissor de Dívida / Securitizadora,CIA PIRATININGA DE FORÇA E LUZ é emissora de títulos de crédito privado registrados na CVM.
60840055000131,60.840.055/0001-31,FLEURY SA,FLEURY SA,Crédito Privado,Emissor de Dívida,Ativo,https://ri.fleury.com.br/,,,,Emissor de Dívida / Securitizadora,FLEURY SA é emissora de títulos de crédito privado registrados na CVM.
71476527000135,71.476.527/0001-35,CONSTRUTORA TENDA S/A,CONSTRUTORA TENDA S/A,Crédito Privado,Emissor de Dívida,Ativo,,,,,Emissor de Dívida / Securitizadora,CONSTRUTORA TENDA S/A é emissora de títulos de crédito privado registrados na CVM.
08336783000190,08.336.783/0001-90,Celesc Distribuição S.A.,Celesc Distribuição S.A.,Crédito Privado,Emissor de Dívida,Ativo,,,,,Emissor de Dívida / Securitizadora,Celesc Distribuição S.A. é emissora de títulos de crédito privado registrados na CVM.
12009135000105,12.009.135/0001-05,ALIANÇA GERAÇÃO DE ENERGIA S.A.,ALIANÇA GERAÇÃO DE ENERGIA S.A.,Crédito Privado,Emissor de Dívida,Ativo,,,,,Emissor de Dívida / Securitizadora,ALIANÇA GERAÇÃO DE ENERGIA S.A. é emissora de títulos de crédito privado registrados na CVM.
31001230000107,31.001.230/0001-07,CELEO REDES TRANSMISSÃO DE ENERGIA S.A.,CELEO REDES TRANSMISSÃO DE ENERGIA S.A.,Crédito Privado,Emissor de Dívida,Ativo,https://www.celeogroup.com/?lang=pt-br,,,,Emissor de Dívida / Securitizadora,CELEO REDES TRANSMISSÃO DE ENERGIA S.A. é emissora de títulos de crédito privado registrados na CVM.
48415978000140,48.415.978/0001-40,LEVERAGE COMPANHIA SECURITIZADORA,LEVERAGE COMPANHIA SECURITIZADORA,Crédito Privado,Emissor de Dívida,Ativo,https://www.leveragesec.com.br/,,,,Emissor de Dívida / Securitizadora,LEVERAGE COMPANHIA SECURITIZADORA é emissora de títulos de crédito privado registrados na CVM.
19246473000100,19.246.473/0001-00,BRK AMBIENTAL MANSO S.A.,BRK AMBIENTAL MANSO S.A.,Crédito Privado,Emissor de Dívida,Ativo,,,,,Emissor de Dívida / Securitizadora,BRK AMBIENTAL MANSO S.A. é emissora de títulos de crédito privado registrados na CVM.
44109598000127,44.109.598/0001-27,(1)CONCESSIONÁRIA DE SANEAMENTO DO AMAPÁ SPE S.A,(1)CONCESSIONÁRIA DE SANEAMENTO DO AMAPÁ SPE S.A,Crédito Privado,Emissor de Dívida,Ativo,,,,,Emissor de Dívida / Securitizadora,(1)CONCESSIONÁRIA DE SANEAMENTO DO AMAPÁ SPE S.A é emissora de títulos de crédito privado registrados na CVM.
42292007000174,42.292.007/0001-74,RIO+ SANEAMENTO BL 3 S.A.,RIO+ SANEAMENTO BL 3 S.A.,Crédito Privado,Emissor de Dívida,Ativo,https://ri.riomaissaneamento.com.br/,,,,Emissor de Dívida / Securitizadora,RIO+ SANEAMENTO BL 3 S.A. é emissora de títulos de crédito privado registrados na CVM.
21314559000166,21.314.559/0001-66,MOVIDA PARTICIPAÇÕES S.A.,MOVIDA PARTICIPAÇÕES S.A.,Crédito Privado,Emissor de Dívida,Ativo,https://ri.movida.com.br/,,,,Emissor de Dívida / Securitizadora,MOVIDA PARTICIPAÇÕES S.A. é emissora de títulos de crédito privado registrados na CVM.
02474103000119,02.474.103/0001-19,ENGIE BRASIL ENERGIA S.A.,ENGIE BRASIL ENERGIA S.A.,Crédito Privado,Emissor de Dívida,Ativo,https://www.engie.com.br/investidores/,,,,Emissor de Dívida / Securitizadora,ENGIE BRASIL ENERGIA S.A. é emissora de títulos de crédito privado registrados na CVM.
03853896000140,03.853.896/0001-40,MARFRIG GLOBAL FOODS SA,MARFRIG GLOBAL FOODS SA,Crédito Privado,Emissor de Dívida,Ativo,http://ri.marfrig.com.br//,,,,Emissor de Dívida / Securitizadora,MARFRIG GLOBAL FOODS SA é emissora de títulos de crédito privado registrados na CVM.
82508433000117,82.508.433/0001-17,CIA CAT. DE ÁGUAS E SANEAMENTO - CASAN,CIA CAT. DE ÁGUAS E SANEAMENTO - CASAN,Crédito Privado,Emissor de Dívida,Ativo,https://ri.casan.com.br/,,,,Emissor de Dívida / Securitizadora,CIA CAT. DE ÁGUAS E SANEAMENTO - CASAN é emissora de títulos de crédito privado registrados na CVM.
34562112000158,34.562.112/0001-58,SCALA DATA CENTERS S.A.,SCALA DATA CENTERS S.A.,Crédito Privado,Emissor de Dívida,Ativo,,,,,Emissor de Dívida / Securitizadora,SCALA DATA CENTERS S.A. é emissora de títulos de crédito privado registrados na CVM.
51571299000175,51.571.299/0001-75,Opea Spe 01 Companhia Securitizadora de Créditos Financeiros,Opea Spe 01 Companhia Securitizadora de Créditos Financeiros,Crédito Privado,Emissor de Dívida,Ativo,,,,,Emissor de Dívida / Securitizadora,Opea Spe 01 Companhia Securitizadora de Créditos Financeiros é emissora de títulos de crédito privado registrados na CVM.
30262440000188,30.262.440/0001-88,CONCESSIONÁRIA ALLEGRA PACAEMBU SPE S.A.,CONCESSIONÁRIA ALLEGRA PACAEMBU SPE S.A.,Crédito Privado,Emissor de Dívida,Ativo,,,,,Emissor de Dívida / Securitizadora,CONCESSIONÁRIA ALLEGRA PACAEMBU SPE S.A. é emissora de títulos de crédito privado registrados na CVM.
27821748000101,27.821.748/0001-01,EDP TRANSMISSÃO SP-MG S.A.,EDP TRANSMISSÃO SP-MG S.A.,Crédito Privado,Emissor de Dívida,Ativo,,,,,Emissor de Dívida / Securitizadora,EDP TRANSMISSÃO SP-MG S.A. é emissora de títulos de crédito privado registrados na CVM.
07628528000159,07.628.528/0001-59,BRASILAGRO CIA BRAS DE PROP AGRICOLAS,BRASILAGRO CIA BRAS DE PROP AGRICOLAS,Crédito Privado,Emissor de Dívida,Ativo,https://ri.brasil-agro.com/,,,,Emissor de Dívida / Securitizadora,BRASILAGRO CIA BRAS DE PROP AGRICOLAS é emissora de títulos de crédito privado registrados na CVM.
92802784000190,92.802.784/0001-90,CIA RIOGRANDENSE DE SANEAMENTO,CIA RIOGRANDENSE DE SANEAMENTO,Crédito Privado,Emissor de Dívida,Ativo,https://investidores.corsan.com.br/,,,,Emissor de Dívida / Securitizadora,CIA RIOGRANDENSE DE SANEAMENTO é emissora de títulos de crédito privado registrados na CVM.
06248349000123,06.248.349/0001-23,TRANSPORTADORA ASSOCIADA DE GÁS S.A.- TAG S.A.,TRANSPORTADORA ASSOCIADA DE GÁS S.A.- TAG S.A.,Crédito Privado,Emissor de Dívida,Ativo,https://ntag.com.br/institucional/gestao-empresarial/,,,,Emissor de Dívida / Securitizadora,TRANSPORTADORA ASSOCIADA DE GÁS S.A.- TAG S.A. é emissora de títulos de crédito privado registrados na CVM.
08795463000107,08.795.463/0001-07,CBO SERVIÇOS MARÍTIMOS S.A.,CBO SERVIÇOS MARÍTIMOS S.A.,Crédito Privado,Emissor de Dívida,Ativo,https://WWW.GRUPOCBO.COM.BR,,,,Emissor de Dívida / Securitizadora,CBO SERVIÇOS MARÍTIMOS S.A. é emissora de títulos de crédito privado registrados na CVM.
25249439000183,25.249.439/0001-83,HOSPITAL CARE CALEDONIA S.A.,HOSPITAL CARE CALEDONIA S.A.,Crédito Privado,Emissor de Dívida,Ativo,https://ri.hospitalcare.com.br,,,,Emissor de Dívida / Securitizadora,HOSPITAL CARE CALEDONIA S.A. é emissora de títulos de crédito privado registrados na CVM.
46009718000140,46.009.718/0001-40,HOSPITAL VERA CRUZ S.A.,HOSPITAL VERA CRUZ S.A.,Crédito Privado,Emissor de Dívida,Ativo,,,,,Emissor de Dívida / Securitizadora,HOSPITAL VERA CRUZ S.A. é emissora de títulos de crédito privado registrados na CVM.
51136974000138,51.136.974/0001-38,EPR INFRAESTRUTURA PR S.A.,EPR INFRAESTRUTURA PR S.A.,Crédito Privado,Emissor de Dívida,Ativo,,,,,Emissor de Dívida / Securitizadora,EPR INFRAESTRUTURA PR S.A. é emissora de títulos de crédito privado registrados na CVM.
50248234000120,50.248.234/0001-20,MONTE FORTE HOLDING PARTICIPAÇÕES S.A.,MONTE FORTE HOLDING PARTICIPAÇÕES S.A.,Crédito Privado,Emissor de Dívida,Ativo,,,,,Emissor de Dívida / Securitizadora,MONTE FORTE HOLDING PARTICIPAÇÕES S.A. é emissora de títulos de crédito privado registrados na CVM.
42029651000154,42.029.651/0001-54,AXS Energia Unidade 05 S.A.,AXS Energia Unidade 05 S.A.,Crédito Privado,Emissor de Dívida,Ativo,https://www.axsenergia.com.br/,,,,Emissor de Dívida / Securitizadora,AXS Energia Unidade 05 S.A. é emissora de títulos de crédito privado registrados na CVM.
61532644000115,61.532.644/0001-15,ITAUSA S.A.,ITAUSA S.A.,Crédito Privado,Emissor de Dívida,Ativo,https://www.itausa.com.br,,,,Emissor de Dívida / Securitizadora,ITAUSA S.A. é emissora de títulos de crédito privado registrados na CVM.
10835932000108,10.835.932/0001-08,CIA ENERGÉTICA DE PERNAMBUCO - CELPE,CIA ENERGÉTICA DE PERNAMBUCO - CELPE,Crédito Privado,Emissor de Dívida,Ativo,https://ri.neoenergia.com/,,,,Emissor de Dívida / Securitizadora,CIA ENERGÉTICA DE PERNAMBUCO - CELPE é emissora de títulos de crédito privado registrados na CVM.
00585578000157,00.585.578/0001-57,AGGER S.A.,AGGER S.A.,Crédito Privado,Emissor de Dívida,Ativo,,,,,Emissor de Dívida / Securitizadora,AGGER S.A. é emissora de títulos de crédito privado registrados na CVM.
32021201000161,32.021.201/0001-61,ORIGEM ENERGIA S.A.,ORIGEM ENERGIA S.A.,Crédito Privado,Emissor de Dívida,Ativo,,,,,Emissor de Dívida / Securitizadora,ORIGEM ENERGIA S.A. é emissora de títulos de crédito privado registrados na CVM.
06057223000171,06.057.223/0001-71,SENDAS DISTRIBUIDORA S.A.,SENDAS DISTRIBUIDORA S.A.,Crédito Privado,Emissor de Dívida,Ativo,https://ri.assai.com.br/,,,,Emissor de Dívida / Securitizadora,SENDAS DISTRIBUIDORA S.A. é emissora de títulos de crédito privado registrados na CVM.
72653009000102,72.653.009/0001-02,QUALITY ALUGUEL DE VEÍCULOS S.A.,QUALITY ALUGUEL DE VEÍCULOS S.A.,Crédito Privado,Emissor de Dívida,Ativo,https://www.qualityfrotas.com.br/,,,,Emissor de Dívida / Securitizadora,QUALITY ALUGUEL DE VEÍCULOS S.A. é emissora de títulos de crédito privado registrados na CVM.
48194993000106,48.194.993/0001-06,GreenYellow Energy Holding II S.A.,GreenYellow Energy Holding II S.A.,Crédito Privado,Emissor de Dívida,Ativo,,,,,Emissor de Dívida / Securitizadora,GreenYellow Energy Holding II S.A. é emissora de títulos de crédito privado registrados na CVM.
47815662000183,47.815.662/0001-83,"EXATA PARTICIPAÇÕES SOCIETÁRIAS S.A.,","EXATA PARTICIPAÇÕES SOCIETÁRIAS S.A.,",Crédito Privado,Emissor de Dívida,Ativo,,,,,Emissor de Dívida / Securitizadora,"EXATA PARTICIPAÇÕES SOCIETÁRIAS S.A., é emissora de títulos de crédito privado registrados na CVM."
02949016000170,02.949.016/0001-70,CONTROL CONSTRUÇÕES S.A.,CONTROL CONSTRUÇÕES S.A.,Crédito Privado,Emissor de Dívida,Ativo,,,,,Emissor de Dívida / Securitizadora,CONTROL CONSTRUÇÕES S.A. é emissora de títulos de crédito privado registrados na CVM.
08170849000115,08.170.849/0001-15,DESKTOP S.A,DESKTOP S.A,Crédito Privado,Emissor de Dívida,Ativo,https://www.ri.desktop.com.br/,,,,Emissor de Dívida / Securitizadora,DESKTOP S.A é emissora de títulos de crédito privado registrados na CVM.
32681371000172,32.681.371/0001-72,VIX LOGÍSTICA S/A,VIX LOGÍSTICA S/A,Crédito Privado,Emissor de Dívida,Ativo,https://ri.vix.com.br//,,,,Emissor de Dívida / Securitizadora,VIX LOGÍSTICA S/A é emissora de títulos de crédito privado registrados na CVM.
51588411000180,51.588.411/0001-80,Infra BR V Rodovias Holding III,Infra BR V Rodovias Holding III,Crédito Privado,Emissor de Dívida,Ativo,,,,,Emissor de Dívida / Securitizadora,Infra BR V Rodovias Holding III é emissora de títulos de crédito privado registrados na CVM.
08439659000150,08.439.659/0001-50,CPFL ENERGIAS RENOVÁVEIS S.A.,CPFL ENERGIAS RENOVÁVEIS S.A.,Crédito Privado,Emissor de Dívida,Ativo,https://www.cpfl.com.br/,,,,Emissor de Dívida / Securitizadora,CPFL ENERGIAS RENOVÁVEIS S.A. é emissora de títulos de crédito privado registrados na CVM.
06147451001104,06.147.451/0011-04,CÁLAMO DISTRIBUIDORA DE PRODUTOS DE BELEZA S.A.,CÁLAMO DISTRIBUIDORA DE PRODUTOS DE BELEZA S.A.,Crédito Privado,Emissor de Dívida,Ativo,,,,,Emissor de Dívida / Securitizadora,CÁLAMO DISTRIBUIDORA DE PRODUTOS DE BELEZA S.A. é emissora de títulos de crédito privado registrados na CVM.
17858631000149,17.858.631/0001-49,MATRIX COMERCIALIZADORA DE ENERGIA ELÉTRICA S.A.,MATRIX COMERCIALIZADORA DE ENERGIA ELÉTRICA S.A.,Crédito Privado,Emissor de Dívida,Ativo,,,,,Emissor de Dívida / Securitizadora,MATRIX COMERCIALIZADORA DE ENERGIA ELÉTRICA S.A. é emissora de títulos de crédito privado registrados na CVM.
17765891000170,17.765.891/0001-70,GRUPO SALTA EDUCAÇÃO S.A.,GRUPO SALTA EDUCAÇÃO S.A.,Crédito Privado,Emissor de Dívida,Ativo,,,,,Emissor de Dívida / Securitizadora,GRUPO SALTA EDUCAÇÃO S.A. é emissora de títulos de crédito privado registrados na CVM.
08397078000101,08.397.078/0001-01,GSH CORP PARTICIPAÇÕES S.A.,GSH CORP PARTICIPAÇÕES S.A.,Crédito Privado,Emissor de Dívida,Ativo,https://www.grupogsh.com/,,,,Emissor de Dívida / Securitizadora,GSH CORP PARTICIPAÇÕES S.A. é emissora de títulos de crédito privado registrados na CVM.
42945876000150,42.945.876/0001-50,VERT-10 CIA SECURITIZADORA DE CREDITOS FINANCEIROS,VERT-10 CIA SECURITIZADORA DE CREDITOS FINANCEIROS,Crédito Privado,Emissor de Dívida,Ativo,,,,,Emissor de Dívida / Securitizadora,VERT-10 CIA SECURITIZADORA DE CREDITOS FINANCEIROS é emissora de títulos de crédito privado registrados na CVM.
07005206000153,07.005.206/0001-53,COMPANHIA ASA RENT A CAR LOCAÇÃO DE VEÍCULOS S.A.,COMPANHIA ASA RENT A CAR LOCAÇÃO DE VEÍCULOS S.A.,Crédito Privado,Emissor de Dívida,Ativo,http://asalocadora.com.br/ri,,,,Emissor de Dívida / Securitizadora,COMPANHIA ASA RENT A CAR LOCAÇÃO DE VEÍCULOS S.A. é emissora de títulos de crédito privado registrados na CVM.
83475913000191,83.475.913/0001-91,PBG S/A,PBG S/A,Crédito Privado,Emissor de Dívida,Ativo,https://ri.portobello.com.br/,,,,Emissor de Dívida / Securitizadora,PBG S/A é emissora de títulos de crédito privado registrados na CVM.
04416935000104,04.416.935/0001-04,EMPRESA AMAZONENSE DE TRANSMISSÃO DE ENERGIA S.A,EMPRESA AMAZONENSE DE TRANSMISSÃO DE ENERGIA S.A,Crédito Privado,Emissor de Dívida,Ativo,https://www.tbe.com.br/,,,,Emissor de Dívida / Securitizadora,EMPRESA AMAZONENSE DE TRANSMISSÃO DE ENERGIA S.A é emissora de títulos de crédito privado registrados na CVM.
05321987000160,05.321.987/0001-60,EMPRESA NORTE DE TRANSMISSÃO DE ENERGIA S.A.,EMPRESA NORTE DE TRANSMISSÃO DE ENERGIA S.A.,Crédito Privado,Emissor de Dívida,Ativo,https://www.tbe.com.br,,,,Emissor de Dívida / Securitizadora,EMPRESA NORTE DE TRANSMISSÃO DE ENERGIA S.A. é emissora de títulos de crédito privado registrados na CVM.
96418264021802,96.418.264/0218-02,LOJAS QUERO QUERO S.A.,LOJAS QUERO QUERO S.A.,Crédito Privado,Emissor de Dívida,Ativo,https://ri.quero-quero.com.br/,,,,Emissor de Dívida / Securitizadora,LOJAS QUERO QUERO S.A. é emissora de títulos de crédito privado registrados na CVM.
06272793000184,06.272.793/0001-84,EQUATORIAL MARANHÃO DISTRIBUIDORA DE ENERGIA S.A.,EQUATORIAL MARANHÃO DISTRIBUIDORA DE ENERGIA S.A.,Crédito Privado,Emissor de Dívida,Ativo,,,,,Emissor de Dívida / Securitizadora,EQUATORIAL MARANHÃO DISTRIBUIDORA DE ENERGIA S.A. é emissora de títulos de crédito privado registrados na CVM.
43513237000189,43.513.237/0001-89,AUTOMOB S.A.,AUTOMOB S.A.,Crédito Privado,Emissor de Dívida,Ativo,,,,,Emissor de Dívida / Securitizadora,AUTOMOB S.A. é emissora de títulos de crédito privado registrados na CVM.
52548435000179,52.548.435/0001-79,JSL S.A.,JSL S.A.,Crédito Privado,Emissor de Dívida,Ativo,https://ri.jsl.com.br/,,,,Emissor de Dívida / Securitizadora,JSL S.A. é emissora de títulos de crédito privado registrados na CVM.
43167616000164,43.167.616/0001-64,HRZ TRANSMISSÃO E PARTICIPACÕES S.A.,HRZ TRANSMISSÃO E PARTICIPACÕES S.A.,Crédito Privado,Emissor de Dívida,Ativo,https://www.hrztransmissoras.com.br/,,,,Emissor de Dívida / Securitizadora,HRZ TRANSMISSÃO E PARTICIPACÕES S.A. é emissora de títulos de crédito privado registrados na CVM.
20247322003758,20.247.322/0037-58,(1)ALLIED TECNOLOGIA S.A.,(1)ALLIED TECNOLOGIA S.A.,Crédito Privado,Emissor de Dívida,Ativo,,,,,Emissor de Dívida / Securitizadora,(1)ALLIED TECNOLOGIA S.A. é emissora de títulos de crédito privado registrados na CVM.
01637895000132,01.637.895/0001-32,VOTORANTIM CIMENTOS S.A.,VOTORANTIM CIMENTOS S.A.,Crédito Privado,Emissor de Dívida,Ativo,,,,,Emissor de Dívida / Securitizadora,VOTORANTIM CIMENTOS S.A. é emissora de títulos de crédito privado registrados na CVM.
13733490000187,13.733.490/0001-87,QMC TELECOM DO BRASIL CESSÃO DE INFRAESTRUTURA S.A.,QMC TELECOM DO BRASIL CESSÃO DE INFRAESTRUTURA S.A.,Crédito Privado,Emissor de Dívida,Ativo,,,,,Emissor de Dívida / Securitizadora,QMC TELECOM DO BRASIL CESSÃO DE INFRAESTRUTURA S.A. é emissora de títulos de crédito privado registrados na CVM.
16959293000179,16.959.293/0001-79,FF LOCADORA DE VEÍCULOS S.A.,FF LOCADORA DE VEÍCULOS S.A.,Crédito Privado,Emissor de Dívida,Ativo,,,,,Emissor de Dívida / Securitizadora,FF LOCADORA DE VEÍCULOS S.A. é emissora de títulos de crédito privado registrados na CVM.
00585900000148,00.585.900/0001-48,BRK AMBIENTAL - LIMEIRA S.A.,BRK AMBIENTAL - LIMEIRA S.A.,Crédito Privado,Emissor de Dívida,Ativo,,,,,Emissor de Dívida / Securitizadora,BRK AMBIENTAL - LIMEIRA S.A. é emissora de títulos de crédito privado registrados na CVM.
35980592000130,35.980.592/0001-30,ELEA DIGITAL INFRAESTRUTURA E REDES DE TELECOMUNICAÇÕES S.A.,ELEA DIGITAL INFRAESTRUTURA E REDES DE TELECOMUNICAÇÕES S.A.,Crédito Privado,Emissor de Dívida,Ativo,https://www.eleadatacenters.com,,,,Emissor de Dívida / Securitizadora,ELEA DIGITAL INFRAESTRUTURA E REDES DE TELECOMUNICAÇÕES S.A. é emissora de títulos de crédito privado registrados na CVM.
03237583000167,03.237.583/0001-67,COPA ENERGIA DISTRIBUIDORA DE GÁS S.A.,COPA ENERGIA DISTRIBUIDORA DE GÁS S.A.,Crédito Privado,Emissor de Dívida,Ativo,"https://www.copaenergia.com.br),",,,,Emissor de Dívida / Securitizadora,COPA ENERGIA DISTRIBUIDORA DE GÁS S.A. é emissora de títulos de crédito privado registrados na CVM.
07779299000173,07.779.299/0001-73,EDP TRANSMISSÃO GOIÁS S.A.,EDP TRANSMISSÃO GOIÁS S.A.,Crédito Privado,Emissor de Dívida,Ativo,,,,,Emissor de Dívida / Securitizadora,EDP TRANSMISSÃO GOIÁS S.A. é emissora de títulos de crédito privado registrados na CVM.
75315333000109,75.315.333/0001-09,ATACADÃO S.A.,ATACADÃO S.A.,Crédito Privado,Emissor de Dívida,Ativo,,,,,Emissor de Dívida / Securitizadora,ATACADÃO S.A. é emissora de títulos de crédito privado registrados na CVM.
48238484000138,48.238.484/0001-38,COMPANHIA SECURITIZADORA KANASTRA,COMPANHIA SECURITIZADORA KANASTRA,Crédito Privado,Emissor de Dívida,Ativo,https://kanastra.com.br/securitizadora/,,,,Emissor de Dívida / Securitizadora,COMPANHIA SECURITIZADORA KANASTRA é emissora de títulos de crédito privado registrados na CVM.
51337979000129,51.337.979/0001-29,CONCESSIONÁRIA DO AEROPORTO INTERNACIONAL DE NATAL S.A.,CONCESSIONÁRIA DO AEROPORTO INTERNACIONAL DE NATAL S.A.,Crédito Privado,Emissor de Dívida,Ativo,,,,,Emissor de Dívida / Securitizadora,CONCESSIONÁRIA DO AEROPORTO INTERNACIONAL DE NATAL S.A. é emissora de títulos de crédito privado registrados na CVM.
47529691000189,47.529.691/0001-89,Infraestrutura Brasil Holding XXV S.A.,Infraestrutura Brasil Holding XXV S.A.,Crédito Privado,Emissor de Dívida,Ativo,,,,,Emissor de Dívida / Securitizadora,Infraestrutura Brasil Holding XXV S.A. é emissora de títulos de crédito privado registrados na CVM.
27093558000115,27.093.558/0001-15,"MILLS LOCAÇÃO, SERVIÇOS E LOGÍSTICA S.A.","MILLS LOCAÇÃO, SERVIÇOS E LOGÍSTICA S.A.",Crédito Privado,Emissor de Dívida,Ativo,http://ri.mills.com.br/,,,,Emissor de Dívida / Securitizadora,"MILLS LOCAÇÃO, SERVIÇOS E LOGÍSTICA S.A. é emissora de títulos de crédito privado registrados na CVM."
51319586000192,51.319.586/0001-92,Rock Securitizadora S.A.,Rock Securitizadora S.A.,Crédito Privado,Emissor de Dívida,Ativo,https://www.rock.vc/securitizadora,,,,Emissor de Dívida / Securitizadora,Rock Securitizadora S.A. é emissora de títulos de crédito privado registrados na CVM.
60855574000173,60.855.574/0001-73,Açucareira Quatá S.A.,Açucareira Quatá S.A.,Crédito Privado,Emissor de Dívida,Ativo,https://www.zilor.com.br/relacoes-com-investidores/governanca-corporativa/comunicados-e-fatos-relevantes/,,,,Emissor de Dívida / Securitizadora,Açucareira Quatá S.A. é emissora de títulos de crédito privado registrados na CVM.
33268331000166,33.268.331/0001-66,EÓLICA DO AGRESTE POTIGUAR I S.A.,EÓLICA DO AGRESTE POTIGUAR I S.A.,Crédito Privado,Emissor de Dívida,Ativo,,,,,Emissor de Dívida / Securitizadora,EÓLICA DO AGRESTE POTIGUAR I S.A. é emissora de títulos de crédito privado registrados na CVM.
33268312000130,33.268.312/0001-30,EÓLICA DO AGRESTE POTIGUAR II S.A.,EÓLICA DO AGRESTE POTIGUAR II S.A.,Crédito Privado,Emissor de Dívida,Ativo,,,,,Emissor de Dívida / Securitizadora,EÓLICA DO AGRESTE POTIGUAR II S.A. é emissora de títulos de crédito privado registrados na CVM.
45456117000112,45.456.117/0001-12,ÁGUAS DO SERTAO S.A.,ÁGUAS DO SERTAO S.A.,Crédito Privado,Emissor de Dívida,Ativo,,,,,Emissor de Dívida / Securitizadora,ÁGUAS DO SERTAO S.A. é emissora de títulos de crédito privado registrados na CVM.
13642699000135,13.642.699/0001-35,Agro Indústrias do Vale do São Francisco S.A. - Agrovale,Agro Indústrias do Vale do São Francisco S.A. - Agrovale,Crédito Privado,Emissor de Dívida,Ativo,https://www.agrovale.com,,,,Emissor de Dívida / Securitizadora,Agro Indústrias do Vale do São Francisco S.A. - Agrovale é emissora de títulos de crédito privado registrados na CVM.
09325109000173,09.325.109/0001-73,AUTOPISTA PLANALTO SUL SA,AUTOPISTA PLANALTO SUL SA,Crédito Privado,Emissor de Dívida,Ativo,,,,,Emissor de Dívida / Securitizadora,AUTOPISTA PLANALTO SUL SA é emissora de títulos de crédito privado registrados na CVM.
42165941000125,42.165.941/0001-25,POTENGI HOLDINGS S.A.,POTENGI HOLDINGS S.A.,Crédito Privado,Emissor de Dívida,Ativo,,,,,Emissor de Dívida / Securitizadora,POTENGI HOLDINGS S.A. é emissora de títulos de crédito privado registrados na CVM.
04972092000122,04.972.092/0001-22,GRUPO FARTURA DE HORTIFRUT S.A.,GRUPO FARTURA DE HORTIFRUT S.A.,Crédito Privado,Emissor de Dívida,Ativo,http://obahortifruti.com.br/investidores,,,,Emissor de Dívida / Securitizadora,GRUPO FARTURA DE HORTIFRUT S.A. é emissora de títulos de crédito privado registrados na CVM.
08192116000181,08.192.116/0001-81,NATURAL ONE S.A.,NATURAL ONE S.A.,Crédito Privado,Emissor de Dívida,Ativo,https://www.natone.com.br/,,,,Emissor de Dívida / Securitizadora,NATURAL ONE S.A. é emissora de títulos de crédito privado registrados na CVM.
43776517000180,43.776.517/0001-80,CIA SANEAMENTO BÁSICO ESTADO SÃO PAULO,CIA SANEAMENTO BÁSICO ESTADO SÃO PAULO,Crédito Privado,Emissor de Dívida,Ativo,https://ri.sabesp.com.br/,,,,Emissor de Dívida / Securitizadora,CIA SANEAMENTO BÁSICO ESTADO SÃO PAULO é emissora de títulos de crédito privado registrados na CVM.
08110543000173,08.110.543/0001-73,DA MATA S.A. - AÇÚCAR E ÁLCOOL,DA MATA S.A. - AÇÚCAR E ÁLCOOL,Crédito Privado,Emissor de Dívida,Ativo,,,,,Emissor de Dívida / Securitizadora,DA MATA S.A. - AÇÚCAR E ÁLCOOL é emissora de títulos de crédito privado registrados na CVM.
03024705000137,03.024.705/0001-37,Necta Gás Natural S.A.,Necta Gás Natural S.A.,Crédito Privado,Emissor de Dívida,Ativo,,,,,Emissor de Dívida / Securitizadora,Necta Gás Natural S.A. é emissora de títulos de crédito privado registrados na CVM.
04992714000184,04.992.714/0001-84,NOVA TRANSPORTADORA DO SUDESTE S.A. - NTS,NOVA TRANSPORTADORA DO SUDESTE S.A. - NTS,Crédito Privado,Emissor de Dívida,Ativo,https://ri.ntsbrasil.com/,,,,Emissor de Dívida / Securitizadora,NOVA TRANSPORTADORA DO SUDESTE S.A. - NTS é emissora de títulos de crédito privado registrados na CVM.
03467321000199,03.467.321/0001-99,ENERGISA MATO GROSSO-DISTRIBUIDORA DE ENERGIA S/A,ENERGISA MATO GROSSO-DISTRIBUIDORA DE ENERGIA S/A,Crédito Privado,Emissor de Dívida,Ativo,https://ri.energisa.com.br/,,,,Emissor de Dívida / Securitizadora,ENERGISA MATO GROSSO-DISTRIBUIDORA DE ENERGIA S/A é emissora de títulos de crédito privado registrados na CVM.
34878487000121,34.878.487/0001-21,CAP TC TORRES E PARTICIPAÇÕES S.A.,CAP TC TORRES E PARTICIPAÇÕES S.A.,Crédito Privado,Emissor de Dívida,Ativo,,,,,Emissor de Dívida / Securitizadora,CAP TC TORRES E PARTICIPAÇÕES S.A. é emissora de títulos de crédito privado registrados na CVM.
51571437000116,51.571.437/0001-16,EDIFY EMPREENDIMENTOS E PARTICIPAÇÕES S.A.,EDIFY EMPREENDIMENTOS E PARTICIPAÇÕES S.A.,Crédito Privado,Emissor de Dívida,Ativo,,,,,Emissor de Dívida / Securitizadora,EDIFY EMPREENDIMENTOS E PARTICIPAÇÕES S.A. é emissora de títulos de crédito privado registrados na CVM.
30621680000121,30.621.680/0001-21,INFRAESTRUTURA BRASIL HOLDING I S.A.,INFRAESTRUTURA BRASIL HOLDING I S.A.,Crédito Privado,Emissor de Dívida,Ativo,,,,,Emissor de Dívida / Securitizadora,INFRAESTRUTURA BRASIL HOLDING I S.A. é emissora de títulos de crédito privado registrados na CVM.
43335774000186,43.335.774/0001-86,TRAVESSIA SECURITIZADORA DE CRÉDITOS MERCANTIS VI S.A.,TRAVESSIA SECURITIZADORA DE CRÉDITOS MERCANTIS VI S.A.,Crédito Privado,Emissor de Dívida,Ativo,https://www.grupotravessia.com/,,,,Emissor de Dívida / Securitizadora,TRAVESSIA SECURITIZADORA DE CRÉDITOS MERCANTIS VI S.A. é emissora de títulos de crédito privado registrados na CVM.
02031413000169,02.031.413/0001-69,PETRO RIO JAGUAR PETRÓLEO S.A.,PETRO RIO JAGUAR PETRÓLEO S.A.,Crédito Privado,Emissor de Dívida,Ativo,https://ri.prio3.com.br/?gad_source=1&gclid=EAIaIQobChMI8OvQtb63hAMVaVpIAB00hw9TEAAYASABEgKPdfD_BwE,,,,Emissor de Dívida / Securitizadora,PETRO RIO JAGUAR PETRÓLEO S.A. é emissora de títulos de crédito privado registrados na CVM.
42288184000187,42.288.184/0001-87,CONCESSIONÁRIA DAS LINHAS 8 E 9 DO SISTEMA DE TRENS METROPOLITANOS DE SÃO PAULO S.A.,CONCESSIONÁRIA DAS LINHAS 8 E 9 DO SISTEMA DE TRENS METROPOLITANOS DE SÃO PAULO S.A.,Crédito Privado,Emissor de Dívida,Ativo,,,,,Emissor de Dívida / Securitizadora,CONCESSIONÁRIA DAS LINHAS 8 E 9 DO SISTEMA DE TRENS METROPOLITANOS DE SÃO PAULO S.A. é emissora de títulos de crédito privado registrados na CVM.
34175032000140,34.175.032/0001-40,AXIS SOLAR III EMPREENDIMENTOS E PARTICIPAÇÕES S.A.,AXIS SOLAR III EMPREENDIMENTOS E PARTICIPAÇÕES S.A.,Crédito Privado,Emissor de Dívida,Ativo,,,,,Emissor de Dívida / Securitizadora,AXIS SOLAR III EMPREENDIMENTOS E PARTICIPAÇÕES S.A. é emissora de títulos de crédito privado registrados na CVM.
28152650000171,28.152.650/0001-71,EDP ESPIRITO SANTO DISTRIBUIÇÃO DE ENERGIA S.A.,EDP ESPIRITO SANTO DISTRIBUIÇÃO DE ENERGIA S.A.,Crédito Privado,Emissor de Dívida,Ativo,https://ri.edp.com.br/pt-br/,,,,Emissor de Dívida / Securitizadora,EDP ESPIRITO SANTO DISTRIBUIÇÃO DE ENERGIA S.A. é emissora de títulos de crédito privado registrados na CVM.
04149295000113,04.149.295/0001-13,EDP TRADING COMERCIALIZAÇÃO E SERVIÇOS DE ENERGIA S.A.,EDP TRADING COMERCIALIZAÇÃO E SERVIÇOS DE ENERGIA S.A.,Crédito Privado,Emissor de Dívida,Ativo,,,,,Emissor de Dívida / Securitizadora,EDP TRADING COMERCIALIZAÇÃO E SERVIÇOS DE ENERGIA S.A. é emissora de títulos de crédito privado registrados na CVM.
53859112000169,53.859.112/0001-69,COMPANHIA JAGUARI DE ENERGIA,COMPANHIA JAGUARI DE ENERGIA,Crédito Privado,Emissor de Dívida,Ativo,,,,,Emissor de Dívida / Securitizadora,COMPANHIA JAGUARI DE ENERGIA é emissora de títulos de crédito privado registrados na CVM.
15385166000140,15.385.166/0001-40,Equipav Saneamento S.A.,Equipav Saneamento S.A.,Crédito Privado,Emissor de Dívida,Ativo,,,,,Emissor de Dívida / Securitizadora,Equipav Saneamento S.A. é emissora de títulos de crédito privado registrados na CVM.
44330975000153,44.330.975/0001-53,Colombo Agroindústria S.A.,Colombo Agroindústria S.A.,Crédito Privado,Emissor de Dívida,Ativo,https://www.colomboagroindustria.com.br,,,,Emissor de Dívida / Securitizadora,Colombo Agroindústria S.A. é emissora de títulos de crédito privado registrados na CVM.
82641325000118,82.641.325/0001-18,CREMER S.A.,CREMER S.A.,Crédito Privado,Emissor de Dívida,Ativo,,,,,Emissor de Dívida / Securitizadora,CREMER S.A. é emissora de títulos de crédito privado registrados na CVM.
00242184000104,00.242.184/0001-04,"ARMAC LOCAÇÃO, LOGÍSTICA E SERVIÇOS S.A.","ARMAC LOCAÇÃO, LOGÍSTICA E SERVIÇOS S.A.",Crédito Privado,Emissor de Dívida,Ativo,https://ri.armac.com.br/,,,,Emissor de Dívida / Securitizadora,"ARMAC LOCAÇÃO, LOGÍSTICA E SERVIÇOS S.A. é emissora de títulos de crédito privado registrados na CVM."
42030202000126,42.030.202/0001-26,AXS Energia Unidade 06 S.A.,AXS Energia Unidade 06 S.A.,Crédito Privado,Emissor de Dívida,Ativo,,,,,Emissor de Dívida / Securitizadora,AXS Energia Unidade 06 S.A. é emissora de títulos de crédito privado registrados na CVM.
19624745000150,19.624.745/0001-50,AQUA RIO AQUÁRIO MARINHO DO RIO DE JANEIRO S.A.,AQUA RIO AQUÁRIO MARINHO DO RIO DE JANEIRO S.A.,Crédito Privado,Emissor de Dívida,Ativo,https://www.aquariomarinhodorio.com.br/,,,,Emissor de Dívida / Securitizadora,AQUA RIO AQUÁRIO MARINHO DO RIO DE JANEIRO S.A. é emissora de títulos de crédito privado registrados na CVM.
26659061000159,26.659.061/0001-59,MPM CORPÓREOS S.A.,MPM CORPÓREOS S.A.,Crédito Privado,Emissor de Dívida,Ativo,https://ri.espacolaser.com.br/,,,,Emissor de Dívida / Securitizadora,MPM CORPÓREOS S.A. é emissora de títulos de crédito privado registrados na CVM.
08845676000198,08.845.676/0001-98,CORPÓREOS - SERVIÇOS TERAPÊUTICOS S.A.,CORPÓREOS - SERVIÇOS TERAPÊUTICOS S.A.,Crédito Privado,Emissor de Dívida,Ativo,https://ri.espacolaser.com.br/,,,,Emissor de Dívida / Securitizadora,CORPÓREOS - SERVIÇOS TERAPÊUTICOS S.A. é emissora de títulos de crédito privado registrados na CVM.
02328280000197,02.328.280/0001-97,ELEKTRO REDES S.A.,ELEKTRO REDES S.A.,Crédito Privado,Emissor de Dívida,Ativo,https://ri.neoenergia.com/,,,,Emissor de Dívida / Securitizadora,ELEKTRO REDES S.A. é emissora de títulos de crédito privado registrados na CVM.
15012434000189,15.012.434/0001-89,Tubarão Saneamento S.A.,Tubarão Saneamento S.A.,Crédito Privado,Emissor de Dívida,Ativo,https://www.tubaraosaneamento.com.br/,,,,Emissor de Dívida / Securitizadora,Tubarão Saneamento S.A. é emissora de títulos de crédito privado registrados na CVM.
61856571000117,61.856.571/0001-17,COMPANHIA DE GÁS DE SÃO PAULO - COMGÁS,COMPANHIA DE GÁS DE SÃO PAULO - COMGÁS,Crédito Privado,Emissor de Dívida,Ativo,https://ri.comgas.com.br/,,,,Emissor de Dívida / Securitizadora,COMPANHIA DE GÁS DE SÃO PAULO - COMGÁS é emissora de títulos de crédito privado registrados na CVM.
02397080000196,02.397.080/0001-96,ITAPEBI GERAÇÃO DE ENERGIA S/A,ITAPEBI GERAÇÃO DE ENERGIA S/A,Crédito Privado,Emissor de Dívida,Ativo,,,,,Emissor de Dívida / Securitizadora,ITAPEBI GERAÇÃO DE ENERGIA S/A é emissora de títulos de crédito privado registrados na CVM.
12647827000170,12.647.827/0001-70,"RDA IMPORTAÇÃO, EXPORTAÇÃO E SERVIÇOS S.A.","RDA IMPORTAÇÃO, EXPORTAÇÃO E SERVIÇOS S.A.",Crédito Privado,Emissor de Dívida,Ativo,,,,,Emissor de Dívida / Securitizadora,"RDA IMPORTAÇÃO, EXPORTAÇÃO E SERVIÇOS S.A. é emissora de títulos de crédito privado registrados na CVM."
53667104000110,53.667.104/0001-10,ÁGUAS DE GOVERNADOR VALADARES SPE S.A.,ÁGUAS DE GOVERNADOR VALADARES SPE S.A.,Crédito Privado,Emissor de Dívida,Ativo,,,,,Emissor de Dívida / Securitizadora,ÁGUAS DE GOVERNADOR VALADARES SPE S.A. é emissora de títulos de crédito privado registrados na CVM.
07522669000192,07.522.669/0001-92,NEOENERGIA DISTRIBUIÇÃO BRASÍLIA S.A.,NEOENERGIA DISTRIBUIÇÃO BRASÍLIA S.A.,Crédito Privado,Emissor de Dívida,Ativo,,,,,Emissor de Dívida / Securitizadora,NEOENERGIA DISTRIBUIÇÃO BRASÍLIA S.A. é emissora de títulos de crédito privado registrados na CVM.
42171206000124,42.171.206/0001-24,BON NOME SOLAR PARTICIPAÇÕES S.A.,BON NOME SOLAR PARTICIPAÇÕES S.A.,Crédito Privado,Emissor de Dívida,Ativo,,,,,Emissor de Dívida / Securitizadora,BON NOME SOLAR PARTICIPAÇÕES S.A. é emissora de títulos de crédito privado registrados na CVM.
27816584000124,27.816.584/0001-24,JANUÁRIO DE NAPOLI GERAÇÃO DE ENERGIA S.A.,JANUÁRIO DE NAPOLI GERAÇÃO DE ENERGIA S.A.,Crédito Privado,Emissor de Dívida,Ativo,https://www.ibemapar.com.br/,,,,Emissor de Dívida / Securitizadora,JANUÁRIO DE NAPOLI GERAÇÃO DE ENERGIA S.A. é emissora de títulos de crédito privado registrados na CVM.
04212396000191,04.212.396/0001-91,AGASUS S.A.,AGASUS S.A.,Crédito Privado,Emissor de Dívida,Ativo,,,,,Emissor de Dívida / Securitizadora,AGASUS S.A. é emissora de títulos de crédito privado registrados na CVM.
46633720000195,46.633.720/0001-95,COLORADO ENERGIA RENOVÁVEL S.A.,COLORADO ENERGIA RENOVÁVEL S.A.,Crédito Privado,Emissor de Dívida,Ativo,,,,,Emissor de Dívida / Securitizadora,COLORADO ENERGIA RENOVÁVEL S.A. é emissora de títulos de crédito privado registrados na CVM.
50059636000187,50.059.636/0001-87,AXS Energia Unidade 07 S.A.,AXS Energia Unidade 07 S.A.,Crédito Privado,Emissor de Dívida,Ativo,,,,,Emissor de Dívida / Securitizadora,AXS Energia Unidade 07 S.A. é emissora de títulos de crédito privado registrados na CVM.
50258089000169,50.258.089/0001-69,Barreiras Holding S.A.,Barreiras Holding S.A.,Crédito Privado,Emissor de Dívida,Ativo,,,,,Emissor de Dívida / Securitizadora,Barreiras Holding S.A. é emissora de títulos de crédito privado registrados na CVM.
08100057000174,08.100.057/0001-74,TECNOGERA - LOCAÇÃO E TRANSFORMAÇÃO DE ENERGIA S.A.,TECNOGERA - LOCAÇÃO E TRANSFORMAÇÃO DE ENERGIA S.A.,Crédito Privado,Emissor de Dívida,Ativo,https://www.tecnogera.com.br/,,,,Emissor de Dívida / Securitizadora,TECNOGERA - LOCAÇÃO E TRANSFORMAÇÃO DE ENERGIA S.A. é emissora de títulos de crédito privado registrados na CVM.
08793343000162,08.793.343/0001-62,Bioenergética Vale do Paracatu S.A.,Bioenergética Vale do Paracatu S.A.,Crédito Privado,Emissor de Dívida,Ativo,,,,,Emissor de Dívida / Securitizadora,Bioenergética Vale do Paracatu S.A. é emissora de títulos de crédito privado registrados na CVM.
46059743000138,46.059.743/0001-38,CID MOTA I ENERGIA RENOVAVEL S.A.,CID MOTA I ENERGIA RENOVAVEL S.A.,Crédito Privado,Emissor de Dívida,Ativo,,,,,Emissor de Dívida / Securitizadora,CID MOTA I ENERGIA RENOVAVEL S.A. é emissora de títulos de crédito privado registrados na CVM.
08741499000108,08.741.499/0001-08,PRUMO LOGÍSTICA S.A.,PRUMO LOGÍSTICA S.A.,Crédito Privado,Emissor de Dívida,Ativo,,,,,Emissor de Dívida / Securitizadora,PRUMO LOGÍSTICA S.A. é emissora de títulos de crédito privado registrados na CVM.
46201083000188,46.201.083/0001-88,LWART SOLUÇÕES AMBIENTAIS S.A.,LWART SOLUÇÕES AMBIENTAIS S.A.,Crédito Privado,Emissor de Dívida,Ativo,https://www.lwart.com.br/,,,,Emissor de Dívida / Securitizadora,LWART SOLUÇÕES AMBIENTAIS S.A. é emissora de títulos de crédito privado registrados na CVM.
01810945000131,01.810.945/0001-31,Santa Clara Agrociência S.A.,Santa Clara Agrociência S.A.,Crédito Privado,Emissor de Dívida,Ativo,,,,,Emissor de Dívida / Securitizadora,Santa Clara Agrociência S.A. é emissora de títulos de crédito privado registrados na CVM.
02502844000166,02.502.844/0001-66,RUMO MALHA PAULISTA S.A.,RUMO MALHA PAULISTA S.A.,Crédito Privado,Emissor de Dívida,Ativo,https://ri.rumolog.com/,,,,Emissor de Dívida / Securitizadora,RUMO MALHA PAULISTA S.A. é emissora de títulos de crédito privado registrados na CVM.
03025305000146,03.025.305/0001-46,RODOVIAS DAS COLINAS S.A.,RODOVIAS DAS COLINAS S.A.,Crédito Privado,Emissor de Dívida,Ativo,https://www.abconcessoes.com.br/pt-BR/Relacao_Investidores,,,,Emissor de Dívida / Securitizadora,RODOVIAS DAS COLINAS S.A. é emissora de títulos de crédito privado registrados na CVM.
61231478000117,61.231.478/0001-17,Companhia Agrícola Usina Jacarezinho S.A.,Companhia Agrícola Usina Jacarezinho S.A.,Crédito Privado,Emissor de Dívida,Ativo,https://www.grupomaringa.com.br/usinajacarezinho,,,,Emissor de Dívida / Securitizadora,Companhia Agrícola Usina Jacarezinho S.A. é emissora de títulos de crédito privado registrados na CVM.
02060862001107,02.060.862/0011-07,SUPERFRIO ARMAZÉNS GERAIS S.A.,SUPERFRIO ARMAZÉNS GERAIS S.A.,Crédito Privado,Emissor de Dívida,Ativo,,,,,Emissor de Dívida / Securitizadora,SUPERFRIO ARMAZÉNS GERAIS S.A. é emissora de títulos de crédito privado registrados na CVM.
08807432000110,08.807.432/0001-10,YDUQS PARTICIPACOES S.A.,YDUQS PARTICIPACOES S.A.,Crédito Privado,Emissor de Dívida,Ativo,https://www.yduqs.com.br,,,,Emissor de Dívida / Securitizadora,YDUQS PARTICIPACOES S.A. é emissora de títulos de crédito privado registrados na CVM.
11992680000193,11.992.680/0001-93,QUALICORP CONSULTORIA E CORRETORA DE SEGUROS S.A.,QUALICORP CONSULTORIA E CORRETORA DE SEGUROS S.A.,Crédito Privado,Emissor de Dívida,Ativo,https://www.qualicorp.com.br,,,,Emissor de Dívida / Securitizadora,QUALICORP CONSULTORIA E CORRETORA DE SEGUROS S.A. é emissora de títulos de crédito privado registrados na CVM.
53431099000142,53.431.099/0001-42,AUTOGERAÇÃO SOLAR PARTICIPAÇÕES VI HOLDING S.A.,AUTOGERAÇÃO SOLAR PARTICIPAÇÕES VI HOLDING S.A.,Crédito Privado,Emissor de Dívida,Ativo,,,,,Emissor de Dívida / Securitizadora,AUTOGERAÇÃO SOLAR PARTICIPAÇÕES VI HOLDING S.A. é emissora de títulos de crédito privado registrados na CVM.
12104241000402,12.104.241/0004-02,ONCOCLÍNICAS DO BRASIL SERVIÇOS MÉDICOS S.A.,ONCOCLÍNICAS DO BRASIL SERVIÇOS MÉDICOS S.A.,Crédito Privado,Emissor de Dívida,Ativo,https://ri.grupooncoclinicas.com/,,,,Emissor de Dívida / Securitizadora,ONCOCLÍNICAS DO BRASIL SERVIÇOS MÉDICOS S.A. é emissora de títulos de crédito privado registrados na CVM.
38286323000166,38.286.323/0001-66,ASSURUÁ 5 ENERGIA S.A.,ASSURUÁ 5 ENERGIA S.A.,Crédito Privado,Emissor de Dívida,Ativo,,,,,Emissor de Dívida / Securitizadora,ASSURUÁ 5 ENERGIA S.A. é emissora de títulos de crédito privado registrados na CVM.
34395916000100,34.395.916/0001-00,V2I Energia S.A.,V2I Energia S.A.,Crédito Privado,Emissor de Dívida,Ativo,https://www.v2ienergia.com.br,,,,Emissor de Dívida / Securitizadora,V2I Energia S.A. é emissora de títulos de crédito privado registrados na CVM.
20854869000100,20.854.869/0001-00,MARLIN NAVEGAÇÃO S.A.,MARLIN NAVEGAÇÃO S.A.,Crédito Privado,Emissor de Dívida,Ativo,,,,,Emissor de Dívida / Securitizadora,MARLIN NAVEGAÇÃO S.A. é emissora de títulos de crédito privado registrados na CVM.
51577236000126,51.577.236/0001-26,XP PORTOS PARTICIPAÇÕES SPE S.A,XP PORTOS PARTICIPAÇÕES SPE S.A,Crédito Privado,Emissor de Dívida,Ativo,,,,,Emissor de Dívida / Securitizadora,XP PORTOS PARTICIPAÇÕES SPE S.A é emissora de títulos de crédito privado registrados na CVM.
00194724000113,00.194.724/0001-13,AES BRASIL OPERAÇÕES S.A.,AES BRASIL OPERAÇÕES S.A.,Crédito Privado,Emissor de Dívida,Ativo,,,,,Emissor de Dívida / Securitizadora,AES BRASIL OPERAÇÕES S.A. é emissora de títulos de crédito privado registrados na CVM.
16233389000155,16.233.389/0001-55,CVLB BRASIL S.A.,CVLB BRASIL S.A.,Crédito Privado,Emissor de Dívida,Ativo,https://ri.lebiscuit.com.br/,,,,Emissor de Dívida / Securitizadora,CVLB BRASIL S.A. é emissora de títulos de crédito privado registrados na CVM.
45281813000135,45.281.813/0001-35,USINA SANTA FÉ S.A.,USINA SANTA FÉ S.A.,Crédito Privado,Emissor de Dívida,Ativo,,,,,Emissor de Dívida / Securitizadora,USINA SANTA FÉ S.A. é emissora de títulos de crédito privado registrados na CVM.
60933603000178,60.933.603/0001-78,CESP - COMPANHIA ENERGÉTICA DE SÃO PAULO,CESP - COMPANHIA ENERGÉTICA DE SÃO PAULO,Crédito Privado,Emissor de Dívida,Ativo,https://ri.aurenenergia.com.br/,,,,Emissor de Dívida / Securitizadora,CESP - COMPANHIA ENERGÉTICA DE SÃO PAULO é emissora de títulos de crédito privado registrados na CVM.
42416651000107,42.416.651/0001-07,NEXA RECURSOS MINERAIS S.A.,NEXA RECURSOS MINERAIS S.A.,Crédito Privado,Emissor de Dívida,Ativo,,,,,Emissor de Dívida / Securitizadora,NEXA RECURSOS MINERAIS S.A. é emissora de títulos de crédito privado registrados na CVM.
09041168000110,09.041.168/0001-10,LOG COMMERCIAL PROPERTIES E PARTICIPAÇÕES,LOG COMMERCIAL PROPERTIES E PARTICIPAÇÕES,Crédito Privado,Emissor de Dívida,Ativo,https://www.logcp.com.br/,,,,Emissor de Dívida / Securitizadora,LOG COMMERCIAL PROPERTIES E PARTICIPAÇÕES é emissora de títulos de crédito privado registrados na CVM.
09257877000137,09.257.877/0001-37,FERROVIA NORTE SUL S/A,FERROVIA NORTE SUL S/A,Crédito Privado,Emissor de Dívida,Ativo,,,,,Emissor de Dívida / Securitizadora,FERROVIA NORTE SUL S/A é emissora de títulos de crédito privado registrados na CVM.
17185786000161,17.185.786/0001-61,Construtora Barbosa Mello S.A.,Construtora Barbosa Mello S.A.,Crédito Privado,Emissor de Dívida,Ativo,https://www.cbmsa.com.br/,,,,Emissor de Dívida / Securitizadora,Construtora Barbosa Mello S.A. é emissora de títulos de crédito privado registrados na CVM.
83054478000121,83.054.478/0001-21,ADAMI SA MADEIRAS,ADAMI SA MADEIRAS,Crédito Privado,Emissor de Dívida,Ativo,https://www.adami.com.br/investidores,,,,Emissor de Dívida / Securitizadora,ADAMI SA MADEIRAS é emissora de títulos de crédito privado registrados na CVM.
12434432000190,12.434.432/0001-90,VERDE 2 ENERGÉTICA S.A.,VERDE 2 ENERGÉTICA S.A.,Crédito Privado,Emissor de Dívida,Ativo,,,,,Emissor de Dívida / Securitizadora,VERDE 2 ENERGÉTICA S.A. é emissora de títulos de crédito privado registrados na CVM.
09305994000129,09.305.994/0001-29,AZUL S.A.,AZUL S.A.,Crédito Privado,Emissor de Dívida,Ativo,https://ri.voeazul.com.br/,,,,Emissor de Dívida / Securitizadora,AZUL S.A. é emissora de títulos de crédito privado registrados na CVM.
37020274000152,37.020.274/0001-52,Ventos de Santa Tereza 07 Energias Renováveis S.A.,Ventos de Santa Tereza 07 Energias Renováveis S.A.,Crédito Privado,Emissor de Dívida,Ativo,,,,,Emissor de Dívida / Securitizadora,Ventos de Santa Tereza 07 Energias Renováveis S.A. é emissora de títulos de crédito privado registrados na CVM.
40689889000180,40.689.889/0001-80,Luiz Gonzaga Holding S.A.,Luiz Gonzaga Holding S.A.,Crédito Privado,Emissor de Dívida,Ativo,,,,,Emissor de Dívida / Securitizadora,Luiz Gonzaga Holding S.A. é emissora de títulos de crédito privado registrados na CVM.
00357038000116,00.357.038/0001-16,CENTRAIS ELÉTRICAS DO NORTE DO BRASIL S.A. - ELETRONORTE,CENTRAIS ELÉTRICAS DO NORTE DO BRASIL S.A. - ELETRONORTE,Crédito Privado,Emissor de Dívida,Ativo,https://ri.eletrobras.com/,,,,Emissor de Dívida / Securitizadora,CENTRAIS ELÉTRICAS DO NORTE DO BRASIL S.A. - ELETRONORTE é emissora de títulos de crédito privado registrados na CVM.
33541368000116,33.541.368/0001-16,CIA HIDRO ELÉTRICA DO SÃO FRANCISCO,CIA HIDRO ELÉTRICA DO SÃO FRANCISCO,Crédito Privado,Emissor de Dívida,Ativo,https://www.chesf.com.br/relainvest/Pages/default.aspx,,,,Emissor de Dívida / Securitizadora,CIA HIDRO ELÉTRICA DO SÃO FRANCISCO é emissora de títulos de crédito privado registrados na CVM.
09309318000123,09.309.318/0001-23,EMIVE PARTICIPAÇÕES S.A.,EMIVE PARTICIPAÇÕES S.A.,Crédito Privado,Emissor de Dívida,Ativo,https://www.emive.com.br/,,,,Emissor de Dívida / Securitizadora,EMIVE PARTICIPAÇÕES S.A. é emissora de títulos de crédito privado registrados na CVM.
61533949000141,61.533.949/0001-41,"S.A. ""O Estado de S. Paulo""","S.A. ""O Estado de S. Paulo""",Crédito Privado,Emissor de Dívida,Ativo,,,,,Emissor de Dívida / Securitizadora,"S.A. ""O Estado de S. Paulo"" é emissora de títulos de crédito privado registrados na CVM."
94813102000170,94.813.102/0001-70,TRÊS TENTOS AGROINDUSTRIAL S.A.,TRÊS TENTOS AGROINDUSTRIAL S.A.,Crédito Privado,Emissor de Dívida,Ativo,https://ri.3tentos.com.br,,,,Emissor de Dívida / Securitizadora,TRÊS TENTOS AGROINDUSTRIAL S.A. é emissora de títulos de crédito privado registrados na CVM.
15116321000123,15.116.321/0001-23,São Roque Energética S.A,São Roque Energética S.A,Crédito Privado,Emissor de Dívida,Ativo,,,,,Emissor de Dívida / Securitizadora,São Roque Energética S.A é emissora de títulos de crédito privado registrados na CVM.
49008174000190,49.008.174/0001-90,EDF OITI TRANSMISSORA S.A.,EDF OITI TRANSMISSORA S.A.,Crédito Privado,Emissor de Dívida,Ativo,,,,,Emissor de Dívida / Securitizadora,EDF OITI TRANSMISSORA S.A. é emissora de títulos de crédito privado registrados na CVM.
34274233000102,34.274.233/0001-02,VIBRA ENERGIA S/A,VIBRA ENERGIA S/A,Crédito Privado,Emissor de Dívida,Ativo,https://www.vibraenergia.com.br/,,,,Emissor de Dívida / Securitizadora,VIBRA ENERGIA S/A é emissora de títulos de crédito privado registrados na CVM.
48497735000107,48.497.735/0001-07,NORSK SOLAR BRASIL 2 S.A.,NORSK SOLAR BRASIL 2 S.A.,Crédito Privado,Emissor de Dívida,Ativo,,,,,Emissor de Dívida / Securitizadora,NORSK SOLAR BRASIL 2 S.A. é emissora de títulos de crédito privado registrados na CVM.
45586447000122,45.586.447/0001-22,"DMCARD PARTICIPAÇÕES S.A.,","DMCARD PARTICIPAÇÕES S.A.,",Crédito Privado,Emissor de Dívida,Ativo,,,,,Emissor de Dívida / Securitizadora,"DMCARD PARTICIPAÇÕES S.A., é emissora de títulos de crédito privado registrados na CVM."
05914650000166,05.914.650/0001-66,ENERGISA RONDÔNIA - DISTRIBUIDORA DE ENERGIA S.A.,ENERGISA RONDÔNIA - DISTRIBUIDORA DE ENERGIA S.A.,Crédito Privado,Emissor de Dívida,Ativo,,,,,Emissor de Dívida / Securitizadora,ENERGISA RONDÔNIA - DISTRIBUIDORA DE ENERGIA S.A. é emissora de títulos de crédito privado registrados na CVM.
09095183000140,09.095.183/0001-40,ENERGISA PARAÍBA - DISTRIBUIDORA DE ENERGIA S/A,ENERGISA PARAÍBA - DISTRIBUIDORA DE ENERGIA S/A,Crédito Privado,Emissor de Dívida,Ativo,https://ri.energisa.com.br/,,,,Emissor de Dívida / Securitizadora,ENERGISA PARAÍBA - DISTRIBUIDORA DE ENERGIA S/A é emissora de títulos de crédito privado registrados na CVM.
34731244000166,34.731.244/0001-66,GDPAR SR PARTICIPAÇÕES EM PROJETOS SOLARES S.A.,GDPAR SR PARTICIPAÇÕES EM PROJETOS SOLARES S.A.,Crédito Privado,Emissor de Dívida,Ativo,,,,,Emissor de Dívida / Securitizadora,GDPAR SR PARTICIPAÇÕES EM PROJETOS SOLARES S.A. é emissora de títulos de crédito privado registrados na CVM.
03987364000103,03.987.364/0001-03,ATEM'S DISTRIBUIDORA DE PETRÓLEO S.A.,ATEM'S DISTRIBUIDORA DE PETRÓLEO S.A.,Crédito Privado,Emissor de Dívida,Ativo,https://atem.com.br/,,,,Emissor de Dívida / Securitizadora,ATEM'S DISTRIBUIDORA DE PETRÓLEO S.A. é emissora de títulos de crédito privado registrados na CVM.
14683671000109,14.683.671/0001-09,TRANSNORTE ENERGIA S.A.,TRANSNORTE ENERGIA S.A.,Crédito Privado,Emissor de Dívida,Ativo,,,,,Emissor de Dívida / Securitizadora,TRANSNORTE ENERGIA S.A. é emissora de títulos de crédito privado registrados na CVM.
36619747000170,36.619.747/0001-70,FIbrasil Infraestrutura e Fibra Ótica S.A.,FIbrasil Infraestrutura e Fibra Ótica S.A.,Crédito Privado,Emissor de Dívida,Ativo,,,,,Emissor de Dívida / Securitizadora,FIbrasil Infraestrutura e Fibra Ótica S.A. é emissora de títulos de crédito privado registrados na CVM.
43395177000147,43.395.177/0001-47,SECID - SOCIEDADE EDUCACIONAL CIDADE DE SÃO PAULO S.A.,SECID - SOCIEDADE EDUCACIONAL CIDADE DE SÃO PAULO S.A.,Crédito Privado,Emissor de Dívida,Ativo,,,,,Emissor de Dívida / Securitizadora,SECID - SOCIEDADE EDUCACIONAL CIDADE DE SÃO PAULO S.A. é emissora de títulos de crédito privado registrados na CVM.
33113309000147,33.113.309/0001-47,VALID SOLUÇÕES S.A.,VALID SOLUÇÕES S.A.,Crédito Privado,Emissor de Dívida,Ativo,,,,,Emissor de Dívida / Securitizadora,VALID SOLUÇÕES S.A. é emissora de títulos de crédito privado registrados na CVM.
18123402000149,18.123.402/0001-49,BRK AMBIENTAL - GOIÁS S.A.,BRK AMBIENTAL - GOIÁS S.A.,Crédito Privado,Emissor de Dívida,Ativo,,,,,Emissor de Dívida / Securitizadora,BRK AMBIENTAL - GOIÁS S.A. é emissora de títulos de crédito privado registrados na CVM.
04423567000121,04.423.567/0001-21,ENEVA S.A.,ENEVA S.A.,Crédito Privado,Emissor de Dívida,Ativo,https://ri.eneva.com.br/,,,,Emissor de Dívida / Securitizadora,ENEVA S.A. é emissora de títulos de crédito privado registrados na CVM.
89086144001198,89.086.144/0011-98,RANDON S.A. IMPLEMENTOS E PARTICIPAÇÕES,RANDON S.A. IMPLEMENTOS E PARTICIPAÇÕES,Crédito Privado,Emissor de Dívida,Ativo,https://www.randonimplementos.com.br/,,,,Emissor de Dívida / Securitizadora,RANDON S.A. IMPLEMENTOS E PARTICIPAÇÕES é emissora de títulos de crédito privado registrados na CVM.
61585865000151,61.585.865/0001-51,RAIA DROGASIL S.A.,RAIA DROGASIL S.A.,Crédito Privado,Emissor de Dívida,Ativo,,,,,Emissor de Dívida / Securitizadora,RAIA DROGASIL S.A. é emissora de títulos de crédito privado registrados na CVM.
28594234000123,28.594.234/0001-23,AUREN ENERGIA S.A,AUREN ENERGIA S.A,Crédito Privado,Emissor de Dívida,Ativo,,,,,Emissor de Dívida / Securitizadora,AUREN ENERGIA S.A é emissora de títulos de crédito privado registrados na CVM.
52922570000132,52.922.570/0001-32,PRANA SECURITIZADORA S.A.,PRANA SECURITIZADORA S.A.,Crédito Privado,Emissor de Dívida,Ativo,,,,,Emissor de Dívida / Securitizadora,PRANA SECURITIZADORA S.A. é emissora de títulos de crédito privado registrados na CVM.
16619378000108,16.619.378/0001-08,CIMED & CO. S.A.,CIMED & CO. S.A.,Crédito Privado,Emissor de Dívida,Ativo,,,,,Emissor de Dívida / Securitizadora,CIMED & CO. S.A. é emissora de títulos de crédito privado registrados na CVM.
51675652000167,51.675.652/0001-67,GYBR ENERGY SUBHOLDING S.A.,GYBR ENERGY SUBHOLDING S.A.,Crédito Privado,Emissor de Dívida,Ativo,,,,,Emissor de Dívida / Securitizadora,GYBR ENERGY SUBHOLDING S.A. é emissora de títulos de crédito privado registrados na CVM.
03207703000183,03.207.703/0001-83,CONCESSIONARIA DE RODOVIAS DO INTERIOR PAULISTA S/A,CONCESSIONARIA DE RODOVIAS DO INTERIOR PAULISTA S/A,Crédito Privado,Emissor de Dívida,Ativo,https://ri.arteris.com.br/,,,,Emissor de Dívida / Securitizadora,CONCESSIONARIA DE RODOVIAS DO INTERIOR PAULISTA S/A é emissora de títulos de crédito privado registrados na CVM.
02635522000195,02.635.522/0001-95,JALLES MACHADO S.A.,JALLES MACHADO S.A.,Crédito Privado,Emissor de Dívida,Ativo,https://ri.jalles.com/,,,,Emissor de Dívida / Securitizadora,JALLES MACHADO S.A. é emissora de títulos de crédito privado registrados na CVM.
11371025000118,11.371.025/0001-18,BETA PRODUTORA DE ENERGIA SPE S.A.,BETA PRODUTORA DE ENERGIA SPE S.A.,Crédito Privado,Emissor de Dívida,Ativo,https://utebeta.com.br/,,,,Emissor de Dívida / Securitizadora,BETA PRODUTORA DE ENERGIA SPE S.A. é emissora de títulos de crédito privado registrados na CVM.
23438929000100,23.438.929/0001-00,TRIPLE PLAY BRASIL PARTICIPAÇÕES S.A.,TRIPLE PLAY BRASIL PARTICIPAÇÕES S.A.,Crédito Privado,Emissor de Dívida,Ativo,,,,,Emissor de Dívida / Securitizadora,TRIPLE PLAY BRASIL PARTICIPAÇÕES S.A. é emissora de títulos de crédito privado registrados na CVM.
12420164000157,12.420.164/0001-57,CM HOSPITALAR S.A,CM HOSPITALAR S.A,Crédito Privado,Emissor de Dívida,Ativo,,,,,Emissor de Dívida / Securitizadora,CM HOSPITALAR S.A é emissora de títulos de crédito privado registrados na CVM.
14876090000193,14.876.090/0001-93,GAIA IMPACTO SECURITIZADORA S.A.,GAIA IMPACTO SECURITIZADORA S.A.,Crédito Privado,Emissor de Dívida,Ativo,https://grupogaia.com.br/,,,,Emissor de Dívida / Securitizadora,GAIA IMPACTO SECURITIZADORA S.A. é emissora de títulos de crédito privado registrados na CVM.
57748204000122,57.748.204/0001-22,PROGEN S.A.,PROGEN S.A.,Crédito Privado,Emissor de Dívida,Ativo,http://www.progen.com.br/,,,,Emissor de Dívida / Securitizadora,PROGEN S.A. é emissora de títulos de crédito privado registrados na CVM.
19126003000102,19.126.003/0001-02,COPEL SERVIÇOS S.A.,COPEL SERVIÇOS S.A.,Crédito Privado,Emissor de Dívida,Ativo,,,,,Emissor de Dívida / Securitizadora,COPEL SERVIÇOS S.A. é emissora de títulos de crédito privado registrados na CVM.
33611500000119,33.611.500/0001-19,GERDAU S.A.,GERDAU S.A.,Crédito Privado,Emissor de Dívida,Ativo,https://ri.gerdau.com/),,,,Emissor de Dívida / Securitizadora,GERDAU S.A. é emissora de títulos de crédito privado registrados na CVM.
34984919000189,34.984.919/0001-89,INFRAESTRUTURA BRASIL HOLDING IV S.A.,INFRAESTRUTURA BRASIL HOLDING IV S.A.,Crédito Privado,Emissor de Dívida,Ativo,,,,,Emissor de Dívida / Securitizadora,INFRAESTRUTURA BRASIL HOLDING IV S.A. é emissora de títulos de crédito privado registrados na CVM.
17392519000165,17.392.519/0001-65,E-VINO COMÉRCIO DE VINHOS S.A,E-VINO COMÉRCIO DE VINHOS S.A,Crédito Privado,Emissor de Dívida,Ativo,,,,,Emissor de Dívida / Securitizadora,E-VINO COMÉRCIO DE VINHOS S.A é emissora de títulos de crédito privado registrados na CVM.
57132417000125,57.132.417/0001-25,DIÁLOGO ENGENHARIA E CONSTRUÇÃO S.A.,DIÁLOGO ENGENHARIA E CONSTRUÇÃO S.A.,Crédito Privado,Emissor de Dívida,Ativo,,,,,Emissor de Dívida / Securitizadora,DIÁLOGO ENGENHARIA E CONSTRUÇÃO S.A. é emissora de títulos de crédito privado registrados na CVM.
28438777000151,28.438.777/0001-51,EKTT 9 SERVIÇOS DE TRANSMISSÃO DE ENERGIA ELÉTRICA SPE S.A.,EKTT 9 SERVIÇOS DE TRANSMISSÃO DE ENERGIA ELÉTRICA SPE S.A.,Crédito Privado,Emissor de Dívida,Ativo,,,,,Emissor de Dívida / Securitizadora,EKTT 9 SERVIÇOS DE TRANSMISSÃO DE ENERGIA ELÉTRICA SPE S.A. é emissora de títulos de crédito privado registrados na CVM.
35822503000127,35.822.503/0001-27,INSPIRALI EDUCAÇÃO S.A.,INSPIRALI EDUCAÇÃO S.A.,Crédito Privado,Emissor de Dívida,Ativo,https://www.inspirali.com/,,,,Emissor de Dívida / Securitizadora,INSPIRALI EDUCAÇÃO S.A. é emissora de títulos de crédito privado registrados na CVM.
43386975000102,43.386.975/0001-02,SERRA DO SERIDÓ F2 HOLDING S.A.,SERRA DO SERIDÓ F2 HOLDING S.A.,Crédito Privado,Emissor de Dívida,Ativo,,,,,Emissor de Dívida / Securitizadora,SERRA DO SERIDÓ F2 HOLDING S.A. é emissora de títulos de crédito privado registrados na CVM.
31907982000123,31.907.982/0001-23,FILADÉLFIA SECURITIZADORA S/A.,FILADÉLFIA SECURITIZADORA S/A.,Crédito Privado,Emissor de Dívida,Ativo,https://filadelfiasecuritizadora.com.br/,,,,Emissor de Dívida / Securitizadora,FILADÉLFIA SECURITIZADORA S/A. é emissora de títulos de crédito privado registrados na CVM.
01280003000199,01.280.003/0001-99,ÁGUAS DO PARAÍBA S.A.,ÁGUAS DO PARAÍBA S.A.,Crédito Privado,Emissor de Dívida,Ativo,,,,,Emissor de Dívida / Securitizadora,ÁGUAS DO PARAÍBA S.A. é emissora de títulos de crédito privado registrados na CVM.
29884534000100,29.884.534/0001-00,Marlim Azul Energia S.A.,Marlim Azul Energia S.A.,Crédito Privado,Emissor de Dívida,Ativo,,,,,Emissor de Dívida / Securitizadora,Marlim Azul Energia S.A. é emissora de títulos de crédito privado registrados na CVM.
22091543000102,22.091.543/0001-02,PCH BV II Geração de Energia S.A.,PCH BV II Geração de Energia S.A.,Crédito Privado,Emissor de Dívida,Ativo,,,,,Emissor de Dívida / Securitizadora,PCH BV II Geração de Energia S.A. é emissora de títulos de crédito privado registrados na CVM.
60665981000118,60.665.981/0001-18,UNIÃO QUÍMICA FARMACÊUTICA NACIONAL S.A.,UNIÃO QUÍMICA FARMACÊUTICA NACIONAL S.A.,Crédito Privado,Emissor de Dívida,Ativo,https://www.uniaoquimica.com.br/,,,,Emissor de Dívida / Securitizadora,UNIÃO QUÍMICA FARMACÊUTICA NACIONAL S.A. é emissora de títulos de crédito privado registrados na CVM.
46058894000171,46.058.894/0001-71,MORRO REDONDO ENERGIA RENOVÁVEL S.A.,MORRO REDONDO ENERGIA RENOVÁVEL S.A.,Crédito Privado,Emissor de Dívida,Ativo,,,,,Emissor de Dívida / Securitizadora,MORRO REDONDO ENERGIA RENOVÁVEL S.A. é emissora de títulos de crédito privado registrados na CVM.
46614985000146,46.614.985/0001-46,ALTO ENERGIA RENOVÁVEL S.A.,ALTO ENERGIA RENOVÁVEL S.A.,Crédito Privado,Emissor de Dívida,Ativo,,,,,Emissor de Dívida / Securitizadora,ALTO ENERGIA RENOVÁVEL S.A. é emissora de títulos de crédito privado registrados na CVM.
03342704000130,03.342.704/0001-30,PETRORECÔNCAVO S.A.,PETRORECÔNCAVO S.A.,Crédito Privado,Emissor de Dívida,Ativo,https://ri.petroreconcavo.com.br/,,,,Emissor de Dívida / Securitizadora,PETRORECÔNCAVO S.A. é emissora de títulos de crédito privado registrados na CVM.
60537263000166,60.537.263/0001-66,"ALLPARK EMPREENDIMENTOS, PARTICIPAÇÕES E SERVIÇOS S.A.","ALLPARK EMPREENDIMENTOS, PARTICIPAÇÕES E SERVIÇOS S.A.",Crédito Privado,Emissor de Dívida,Ativo,,,,,Emissor de Dívida / Securitizadora,"ALLPARK EMPREENDIMENTOS, PARTICIPAÇÕES E SERVIÇOS S.A. é emissora de títulos de crédito privado registrados na CVM."
16676520000159,16.676.520/0001-59,HOSPITAL MATER DEI S.A.,HOSPITAL MATER DEI S.A.,Crédito Privado,Emissor de Dívida,Ativo,,,,,Emissor de Dívida / Securitizadora,HOSPITAL MATER DEI S.A. é emissora de títulos de crédito privado registrados na CVM.
09288252000132,09.288.252/0001-32,ANIMA HOLDING S/A,ANIMA HOLDING S/A,Crédito Privado,Emissor de Dívida,Ativo,https://ri.animaeducacao.com.br/,,,,Emissor de Dívida / Securitizadora,ANIMA HOLDING S/A é emissora de títulos de crédito privado registrados na CVM.
52034139000150,52.034.139/0001-50,MARILAN ALIMENTOS S.A.,MARILAN ALIMENTOS S.A.,Crédito Privado,Emissor de Dívida,Ativo,,,,,Emissor de Dívida / Securitizadora,MARILAN ALIMENTOS S.A. é emissora de títulos de crédito privado registrados na CVM.
08505736000123,08.505.736/0001-23,FLORA PRODUTOS DE HIGIENE E LIMPEZA S.A.,FLORA PRODUTOS DE HIGIENE E LIMPEZA S.A.,Crédito Privado,Emissor de Dívida,Ativo,,,,,Emissor de Dívida / Securitizadora,FLORA PRODUTOS DE HIGIENE E LIMPEZA S.A. é emissora de títulos de crédito privado registrados na CVM.
40074069000184,40.074.069/0001-84,AMBIENTAL MS PANTANAL SPE S.A.,AMBIENTAL MS PANTANAL SPE S.A.,Crédito Privado,Emissor de Dívida,Ativo,,,,,Emissor de Dívida / Securitizadora,AMBIENTAL MS PANTANAL SPE S.A. é emissora de títulos de crédito privado registrados na CVM.
54846951000105,54.846.951/0001-05,FERRARI AGROINDÚSTRIA S.A.,FERRARI AGROINDÚSTRIA S.A.,Crédito Privado,Emissor de Dívida,Ativo,,,,,Emissor de Dívida / Securitizadora,FERRARI AGROINDÚSTRIA S.A. é emissora de títulos de crédito privado registrados na CVM.
71673990000177,71.673.990/0001-77,NATURA COSMETICOS SA,NATURA COSMETICOS SA,Crédito Privado,Emissor de Dívida,Ativo,https://ri.naturaeco.com/,,,,Emissor de Dívida / Securitizadora,NATURA COSMETICOS SA é emissora de títulos de crédito privado registrados na CVM.
02255187000108,02.255.187/0001-08,UNIFIQUE TELECOMUNICAÇÕES S.A.,UNIFIQUE TELECOMUNICAÇÕES S.A.,Crédito Privado,Emissor de Dívida,Ativo,,,,,Emissor de Dívida / Securitizadora,UNIFIQUE TELECOMUNICAÇÕES S.A. é emissora de títulos de crédito privado registrados na CVM.
53047240000108,53.047.240/0001-08,Autogeração Solar Participações VI S.A.,Autogeração Solar Participações VI S.A.,Crédito Privado,Emissor de Dívida,Ativo,,,,,Emissor de Dívida / Securitizadora,Autogeração Solar Participações VI S.A. é emissora de títulos de crédito privado registrados na CVM.
43312029000111,43.312.029/0001-11,Lever Securitizadora S.A.,Lever Securitizadora S.A.,Crédito Privado,Emissor de Dívida,Ativo,,,,,Emissor de Dívida / Securitizadora,Lever Securitizadora S.A. é emissora de títulos de crédito privado registrados na CVM.
12282034000103,12.282.034/0001-03,USINA CAETÉ S.A.,USINA CAETÉ S.A.,Crédito Privado,Emissor de Dívida,Ativo,,,,,Emissor de Dívida / Securitizadora,USINA CAETÉ S.A. é emissora de títulos de crédito privado registrados na CVM.
45754044000145,45.754.044/0001-45,SIMAK LOCAÇÃO SERVIÇOS S.A.,SIMAK LOCAÇÃO SERVIÇOS S.A.,Crédito Privado,Emissor de Dívida,Ativo,,,,,Emissor de Dívida / Securitizadora,SIMAK LOCAÇÃO SERVIÇOS S.A. é emissora de títulos de crédito privado registrados na CVM.
08355201000113,08.355.201/0001-13,BIOENERGETICA AROEIRA S.A.,BIOENERGETICA AROEIRA S.A.,Crédito Privado,Emissor de Dívida,Ativo,,,,,Emissor de Dívida / Securitizadora,BIOENERGETICA AROEIRA S.A. é emissora de títulos de crédito privado registrados na CVM.
06001492000116,06.001.492/0001-16,AETE - AMAZONIA EMPRESA TRANSMISSORA DE ENERGIA S.A.,AETE - AMAZONIA EMPRESA TRANSMISSORA DE ENERGIA S.A.,Crédito Privado,Emissor de Dívida,Ativo,,,,,Emissor de Dívida / Securitizadora,AETE - AMAZONIA EMPRESA TRANSMISSORA DE ENERGIA S.A. é emissora de títulos de crédito privado registrados na CVM.
49786044000188,49.786.044/0001-88,TECP - TRANSMISSORA DE ENERGIA CENTRAL PAULISTANA S.A.,TECP - TRANSMISSORA DE ENERGIA CENTRAL PAULISTANA S.A.,Crédito Privado,Emissor de Dívida,Ativo,,,,,Emissor de Dívida / Securitizadora,TECP - TRANSMISSORA DE ENERGIA CENTRAL PAULISTANA S.A. é emissora de títulos de crédito privado registrados na CVM.
25224629000146,25.224.629/0001-46,(1)ETAP - EMPRESA TRANSMISSORA AGRESTE POTIGUAR S.A.,(1)ETAP - EMPRESA TRANSMISSORA AGRESTE POTIGUAR S.A.,Crédito Privado,Emissor de Dívida,Ativo,,,,,Emissor de Dívida / Securitizadora,(1)ETAP - EMPRESA TRANSMISSORA AGRESTE POTIGUAR S.A. é emissora de títulos de crédito privado registrados na CVM.
09149503000106,09.149.503/0001-06,SERENA GERACAO S.A.,SERENA GERACAO S.A.,Crédito Privado,Emissor de Dívida,Ativo,https://ri.srna.co/,,,,Emissor de Dívida / Securitizadora,SERENA GERACAO S.A. é emissora de títulos de crédito privado registrados na CVM.
25224658000108,25.224.658/0001-08,ETC  EMPRESA TRANSMISSORA CAPIXABA S.A.,ETC  EMPRESA TRANSMISSORA CAPIXABA S.A.,Crédito Privado,Emissor de Dívida,Ativo,,,,,Emissor de Dívida / Securitizadora,ETC  EMPRESA TRANSMISSORA CAPIXABA S.A. é emissora de títulos de crédito privado registrados na CVM.
12385102000151,12.385.102/0001-51,EMPRESA DE TRANSMISSAO DE VARZEA GRANDE S.A.  ETVG,EMPRESA DE TRANSMISSAO DE VARZEA GRANDE S.A.  ETVG,Crédito Privado,Emissor de Dívida,Ativo,,,,,Emissor de Dívida / Securitizadora,EMPRESA DE TRANSMISSAO DE VARZEA GRANDE S.A.  ETVG é emissora de títulos de crédito privado registrados na CVM.
08600252000163,08.600.252/0001-63,EMPRESA DE TRANSMISSAO DO ESPIRITO SANTO  ETES,EMPRESA DE TRANSMISSAO DO ESPIRITO SANTO  ETES,Crédito Privado,Emissor de Dívida,Ativo,,,,,Emissor de Dívida / Securitizadora,EMPRESA DE TRANSMISSAO DO ESPIRITO SANTO  ETES é emissora de títulos de crédito privado registrados na CVM.
11589522000197,11.589.522/0001-97,EMPRESA DE TRANSMISSAO DE ENERGIA DO MATO GROSSO S.A.  ETEM,EMPRESA DE TRANSMISSAO DE ENERGIA DO MATO GROSSO S.A.  ETEM,Crédito Privado,Emissor de Dívida,Ativo,,,,,Emissor de Dívida / Securitizadora,EMPRESA DE TRANSMISSAO DE ENERGIA DO MATO GROSSO S.A.  ETEM é emissora de títulos de crédito privado registrados na CVM.
53043876000181,53.043.876/0001-81,Minum Genco Geradora S.A.,Minum Genco Geradora S.A.,Crédito Privado,Emissor de Dívida,Ativo,,,,,Emissor de Dívida / Securitizadora,Minum Genco Geradora S.A. é emissora de títulos de crédito privado registrados na CVM.
07040108000157,07.040.108/0001-57,COMPANHIA DE ÁGUA E ESGOTO DO CEARÁ  - CAGECE,COMPANHIA DE ÁGUA E ESGOTO DO CEARÁ  - CAGECE,Crédito Privado,Emissor de Dívida,Ativo,,,,,Emissor de Dívida / Securitizadora,COMPANHIA DE ÁGUA E ESGOTO DO CEARÁ  - CAGECE é emissora de títulos de crédito privado registrados na CVM.
48116288000190,48.116.288/0001-90,CR SECURITIZADORA S.A.,CR SECURITIZADORA S.A.,Crédito Privado,Emissor de Dívida,Ativo,https://www.crsecfin.com.br/,,,,Emissor de Dívida / Securitizadora,CR SECURITIZADORA S.A. é emissora de títulos de crédito privado registrados na CVM.
47902283000120,47.902.283/0001-20,SONORA ESTANCIA S.A.,SONORA ESTANCIA S.A.,Crédito Privado,Emissor de Dívida,Ativo,,,,,Emissor de Dívida / Securitizadora,SONORA ESTANCIA S.A. é emissora de títulos de crédito privado registrados na CVM.
02898846000116,02.898.846/0001-16,PLAENGE PARTICIPACOES S.A.,PLAENGE PARTICIPACOES S.A.,Crédito Privado,Emissor de Dívida,Ativo,,,,,Emissor de Dívida / Securitizadora,PLAENGE PARTICIPACOES S.A. é emissora de títulos de crédito privado registrados na CVM.
46984425000183,46.984.425/0001-83,URBIA CATARATAS S.A.,URBIA CATARATAS S.A.,Crédito Privado,Emissor de Dívida,Ativo,,,,,Emissor de Dívida / Securitizadora,URBIA CATARATAS S.A. é emissora de títulos de crédito privado registrados na CVM.
07682638000107,07.682.638/0001-07,CONCESSIONARIA DA LINHA 4 DO METRO DE SAO PAULO S.A.,CONCESSIONARIA DA LINHA 4 DO METRO DE SAO PAULO S.A.,Crédito Privado,Emissor de Dívida,Ativo,,,,,Emissor de Dívida / Securitizadora,CONCESSIONARIA DA LINHA 4 DO METRO DE SAO PAULO S.A. é emissora de títulos de crédito privado registrados na CVM.
19368927000107,19.368.927/0001-07,EXPRESSO NEPOMUCENO S.A.,EXPRESSO NEPOMUCENO S.A.,Crédito Privado,Emissor de Dívida,Ativo,https://www.expressonepomuceno.com.br,,,,Emissor de Dívida / Securitizadora,EXPRESSO NEPOMUCENO S.A. é emissora de títulos de crédito privado registrados na CVM.
19796586000170,19.796.586/0001-70,BRISANET PARTICIPACOES S.A.,BRISANET PARTICIPACOES S.A.,Crédito Privado,Emissor de Dívida,Ativo,https://ri.brisanet.com.br/,,,,Emissor de Dívida / Securitizadora,BRISANET PARTICIPACOES S.A. é emissora de títulos de crédito privado registrados na CVM.
52846229000145,52.846.229/0001-45,INFRAESTRUTURA BRASIL HOLDING 35 S.A.,INFRAESTRUTURA BRASIL HOLDING 35 S.A.,Crédito Privado,Emissor de Dívida,Ativo,,,,,Emissor de Dívida / Securitizadora,INFRAESTRUTURA BRASIL HOLDING 35 S.A. é emissora de títulos de crédito privado registrados na CVM.
33453598000123,33.453.598/0001-23,RAIZEN S.A.,RAIZEN S.A.,Crédito Privado,Emissor de Dívida,Ativo,,,,,Emissor de Dívida / Securitizadora,RAIZEN S.A. é emissora de títulos de crédito privado registrados na CVM.
43545284000104,43.545.284/0001-04,ALCOESTE BIOENERGIA FERNANDOPOLIS S.A.,ALCOESTE BIOENERGIA FERNANDOPOLIS S.A.,Crédito Privado,Emissor de Dívida,Ativo,,,,,Emissor de Dívida / Securitizadora,ALCOESTE BIOENERGIA FERNANDOPOLIS S.A. é emissora de títulos de crédito privado registrados na CVM.
51090771000158,51.090.771/0001-58,QLUZ ITAJAI CONCESSIONARIA DE ILUMINACAO PUBLICA SPE S.A.,QLUZ ITAJAI CONCESSIONARIA DE ILUMINACAO PUBLICA SPE S.A.,Crédito Privado,Emissor de Dívida,Ativo,,,,,Emissor de Dívida / Securitizadora,QLUZ ITAJAI CONCESSIONARIA DE ILUMINACAO PUBLICA SPE S.A. é emissora de títulos de crédito privado registrados na CVM.
08312229000173,08.312.229/0001-73,EZ TEC EMPREEND. E PARTICIPACOES S/A,EZ TEC EMPREEND. E PARTICIPACOES S/A,Crédito Privado,Emissor de Dívida,Ativo,,,,,Emissor de Dívida / Securitizadora,EZ TEC EMPREEND. E PARTICIPACOES S/A é emissora de títulos de crédito privado registrados na CVM.
47063128000168,47.063.128/0001-68,Usina Sao Domingos Acucar e Etanol S.A.,Usina Sao Domingos Acucar e Etanol S.A.,Crédito Privado,Emissor de Dívida,Ativo,,,,,Emissor de Dívida / Securitizadora,Usina Sao Domingos Acucar e Etanol S.A. é emissora de títulos de crédito privado registrados na CVM.
03585974000172,03.585.974/0001-72,OMNILINK TECNOLOGIA S.A.,OMNILINK TECNOLOGIA S.A.,Crédito Privado,Emissor de Dívida,Ativo,,,,,Emissor de Dívida / Securitizadora,OMNILINK TECNOLOGIA S.A. é emissora de títulos de crédito privado registrados na CVM.
05208211000138,05.208.211/0001-38,In-Haus Industrial e Servicos de Logistica S.A.,In-Haus Industrial e Servicos de Logistica S.A.,Crédito Privado,Emissor de Dívida,Ativo,,,,,Emissor de Dívida / Securitizadora,In-Haus Industrial e Servicos de Logistica S.A. é emissora de títulos de crédito privado registrados na CVM.
46722831000178,46.722.831/0001-78,ACEF S.A.,ACEF S.A.,Crédito Privado,Emissor de Dívida,Ativo,,,,,Emissor de Dívida / Securitizadora,ACEF S.A. é emissora de títulos de crédito privado registrados na CVM.
42496531000167,42.496.531/0001-67,ISH TECH S.A.,ISH TECH S.A.,Crédito Privado,Emissor de Dívida,Ativo,,,,,Emissor de Dívida / Securitizadora,ISH TECH S.A. é emissora de títulos de crédito privado registrados na CVM.
04270778000171,04.270.778/0001-71,"SANTANDER CORRETORA DE SEGUROS, INVESTIMENTOS E SERVICOS S.A.","SANTANDER CORRETORA DE SEGUROS, INVESTIMENTOS E SERVICOS S.A.",Crédito Privado,Emissor de Dívida,Ativo,,,,,Emissor de Dívida / Securitizadora,"SANTANDER CORRETORA DE SEGUROS, INVESTIMENTOS E SERVICOS S.A. é emissora de títulos de crédito privado registrados na CVM."
40166794000182,40.166.794/0001-82,I-SYSTEMS SOLUCOES DE INFRAESTRUTURA S.A.,I-SYSTEMS SOLUCOES DE INFRAESTRUTURA S.A.,Crédito Privado,Emissor de Dívida,Ativo,,,,,Emissor de Dívida / Securitizadora,I-SYSTEMS SOLUCOES DE INFRAESTRUTURA S.A. é emissora de títulos de crédito privado registrados na CVM.
07976147000160,07.976.147/0001-60,MOVIDA LOCACAO DE VEICULOS S.A,MOVIDA LOCACAO DE VEICULOS S.A,Crédito Privado,Emissor de Dívida,Ativo,,,,,Emissor de Dívida / Securitizadora,MOVIDA LOCACAO DE VEICULOS S.A é emissora de títulos de crédito privado registrados na CVM.
46377727000193,46.377.727/0001-93,CAEDU COMERCIO VAREJISTA DE ARTIGOS DO VESTUARIO S.A.,CAEDU COMERCIO VAREJISTA DE ARTIGOS DO VESTUARIO S.A.,Crédito Privado,Emissor de Dívida,Ativo,https://www.caedu.com.br/,,,,Emissor de Dívida / Securitizadora,CAEDU COMERCIO VAREJISTA DE ARTIGOS DO VESTUARIO S.A. é emissora de títulos de crédito privado registrados na CVM.
42651953000160,42.651.953/0001-60,AQUA-FOZ AQUARIO DE FOZ DO IGUACU S.A.,AQUA-FOZ AQUARIO DE FOZ DO IGUACU S.A.,Crédito Privado,Emissor de Dívida,Ativo,,,,,Emissor de Dívida / Securitizadora,AQUA-FOZ AQUARIO DE FOZ DO IGUACU S.A. é emissora de títulos de crédito privado registrados na CVM.
24682682000128,24.682.682/0001-28,GJA INDUSTRIAS S.A.,GJA INDUSTRIAS S.A.,Crédito Privado,Emissor de Dívida,Ativo,,,,,Emissor de Dívida / Securitizadora,GJA INDUSTRIAS S.A. é emissora de títulos de crédito privado registrados na CVM.
09527023000123,09.527.023/0001-23,ENVIRONMENTAL ESG PARTICIPAÇÕES S.A.,ENVIRONMENTAL ESG PARTICIPAÇÕES S.A.,Crédito Privado,Emissor de Dívida,Ativo,https://ri.esgparticipacoes.com/,,,,Emissor de Dívida / Securitizadora,ENVIRONMENTAL ESG PARTICIPAÇÕES S.A. é emissora de títulos de crédito privado registrados na CVM.
35539616000110,35.539.616/0001-10,BRASOL PARTICIPACOES E EMPREENDIMENTOS S.A.,BRASOL PARTICIPACOES E EMPREENDIMENTOS S.A.,Crédito Privado,Emissor de Dívida,Ativo,,,,,Emissor de Dívida / Securitizadora,BRASOL PARTICIPACOES E EMPREENDIMENTOS S.A. é emissora de títulos de crédito privado registrados na CVM.
44319688000142,44.319.688/0001-42,CONCESSIONARIA DO SISTEMA RODOVIARIO RIO-SAO PAULO S.A.,CONCESSIONARIA DO SISTEMA RODOVIARIO RIO-SAO PAULO S.A.,Crédito Privado,Emissor de Dívida,Ativo,,,,,Emissor de Dívida / Securitizadora,CONCESSIONARIA DO SISTEMA RODOVIARIO RIO-SAO PAULO S.A. é emissora de títulos de crédito privado registrados na CVM.
35814889000125,35.814.889/0001-25,URBIA GESTAO DE PARQUES SPE S.A.,URBIA GESTAO DE PARQUES SPE S.A.,Crédito Privado,Emissor de Dívida,Ativo,,,,,Emissor de Dívida / Securitizadora,URBIA GESTAO DE PARQUES SPE S.A. é emissora de títulos de crédito privado registrados na CVM.
40952394000100,40.952.394/0001-00,VIA BRASIL MT 246 CONCESSIONARIA DE RODOVIAS S.A.,VIA BRASIL MT 246 CONCESSIONARIA DE RODOVIAS S.A.,Crédito Privado,Emissor de Dívida,Ativo,https://mt246.com.br/,,,,Emissor de Dívida / Securitizadora,VIA BRASIL MT 246 CONCESSIONARIA DE RODOVIAS S.A. é emissora de títulos de crédito privado registrados na CVM.
15009178000170,15.009.178/0001-70,USINAS ITAMARATI S.A.,USINAS ITAMARATI S.A.,Crédito Privado,Emissor de Dívida,Ativo,https://ri.uisa.com.br/,,,,Emissor de Dívida / Securitizadora,USINAS ITAMARATI S.A. é emissora de títulos de crédito privado registrados na CVM.
45242914000105,45.242.914/0001-05,C&A MODAS S.A.,C&A MODAS S.A.,Crédito Privado,Emissor de Dívida,Ativo,https://ri.cea.com.br/,,,,Emissor de Dívida / Securitizadora,C&A MODAS S.A. é emissora de títulos de crédito privado registrados na CVM.
02846056000197,02.846.056/0001-97,CCR S.A.,CCR S.A.,Crédito Privado,Emissor de Dívida,Ativo,,,,,Emissor de Dívida / Securitizadora,CCR S.A. é emissora de títulos de crédito privado registrados na CVM.
50117806000132,50.117.806/0001-32,AXS Energia Unidade 08 S.A.,AXS Energia Unidade 08 S.A.,Crédito Privado,Emissor de Dívida,Ativo,,,,,Emissor de Dívida / Securitizadora,AXS Energia Unidade 08 S.A. é emissora de títulos de crédito privado registrados na CVM.
17245234000100,17.245.234/0001-00,COMPANHIA DE FIACAO E TECIDOS CEDRO E CACHOEIRA,COMPANHIA DE FIACAO E TECIDOS CEDRO E CACHOEIRA,Crédito Privado,Emissor de Dívida,Ativo,,,,,Emissor de Dívida / Securitizadora,COMPANHIA DE FIACAO E TECIDOS CEDRO E CACHOEIRA é emissora de títulos de crédito privado registrados na CVM.
49037416000173,49.037.416/0001-73,"ATLAS LUIZ CARLOS COMERCIALIZADORA DE ENERGIA S.A.,","ATLAS LUIZ CARLOS COMERCIALIZADORA DE ENERGIA S.A.,",Crédito Privado,Emissor de Dívida,Ativo,,,,,Emissor de Dívida / Securitizadora,"ATLAS LUIZ CARLOS COMERCIALIZADORA DE ENERGIA S.A., é emissora de títulos de crédito privado registrados na CVM."
56012628000161,56.012.628/0001-61,SEB SISTEMA EDUCACIONAL BRASILEIRO S.A.,SEB SISTEMA EDUCACIONAL BRASILEIRO S.A.,Crédito Privado,Emissor de Dívida,Ativo,,,,,Emissor de Dívida / Securitizadora,SEB SISTEMA EDUCACIONAL BRASILEIRO S.A. é emissora de títulos de crédito privado registrados na CVM.
07816890000153,07.816.890/0001-53,MULTIPLAN - EMPREEND IMOBILIARIOS S.A.,MULTIPLAN - EMPREEND IMOBILIARIOS S.A.,Crédito Privado,Emissor de Dívida,Ativo,,,,,Emissor de Dívida / Securitizadora,MULTIPLAN - EMPREEND IMOBILIARIOS S.A. é emissora de títulos de crédito privado registrados na CVM.
27848099000132,27.848.099/0001-32,NEOENERGIA ATIBAIA TRANSMISSAO DE ENERGIA S.A.,NEOENERGIA ATIBAIA TRANSMISSAO DE ENERGIA S.A.,Crédito Privado,Emissor de Dívida,Ativo,,,,,Emissor de Dívida / Securitizadora,NEOENERGIA ATIBAIA TRANSMISSAO DE ENERGIA S.A. é emissora de títulos de crédito privado registrados na CVM.
84683374000300,84.683.374/0003-00,TUPY S.A.,TUPY S.A.,Crédito Privado,Emissor de Dívida,Ativo,,,,,Emissor de Dívida / Securitizadora,TUPY S.A. é emissora de títulos de crédito privado registrados na CVM.
27853497000147,27.853.497/0001-47,NEOENERGIA BIGACU TRANSMISSAO DE ENERGIA S.A.,NEOENERGIA BIGACU TRANSMISSAO DE ENERGIA S.A.,Crédito Privado,Emissor de Dívida,Ativo,,,,,Emissor de Dívida / Securitizadora,NEOENERGIA BIGACU TRANSMISSAO DE ENERGIA S.A. é emissora de títulos de crédito privado registrados na CVM.
55474939000180,55.474.939/0001-80,Ourinhos Saneamento,Ourinhos Saneamento,Crédito Privado,Emissor de Dívida,Ativo,https://www.gsinimabrasil.com.br,,,,Emissor de Dívida / Securitizadora,Ourinhos Saneamento é emissora de títulos de crédito privado registrados na CVM.
14641895000158,14.641.895/0001-58,BARUERI ENERGIA RENOVAVEL S.A.,BARUERI ENERGIA RENOVAVEL S.A.,Crédito Privado,Emissor de Dívida,Ativo,,,,,Emissor de Dívida / Securitizadora,BARUERI ENERGIA RENOVAVEL S.A. é emissora de títulos de crédito privado registrados na CVM.
34138610000178,34.138.610/0001-78,ICATU SERVICOS DE ADMINISTRACAO PREVIDENCIARIA E CONSULTORIA S.A.,ICATU SERVICOS DE ADMINISTRACAO PREVIDENCIARIA E CONSULTORIA S.A.,Crédito Privado,Emissor de Dívida,Ativo,,,,,Emissor de Dívida / Securitizadora,ICATU SERVICOS DE ADMINISTRACAO PREVIDENCIARIA E CONSULTORIA S.A. é emissora de títulos de crédito privado registrados na CVM.
22960699000174,22.960.699/0001-74,Porto Empreendimentos e Participacoes S.A.,Porto Empreendimentos e Participacoes S.A.,Crédito Privado,Emissor de Dívida,Ativo,,,,,Emissor de Dívida / Securitizadora,Porto Empreendimentos e Participacoes S.A. é emissora de títulos de crédito privado registrados na CVM.
20626892000148,20.626.892/0001-48,EMPRESA LITORANEA DE TRANSMISSAO DE ENERGIA S.A. - ELTE,EMPRESA LITORANEA DE TRANSMISSAO DE ENERGIA S.A. - ELTE,Crédito Privado,Emissor de Dívida,Ativo,,,,,Emissor de Dívida / Securitizadora,EMPRESA LITORANEA DE TRANSMISSAO DE ENERGIA S.A. - ELTE é emissora de títulos de crédito privado registrados na CVM.
54360623000102,54.360.623/0001-02,VIACAO PIRACICABANA S.A.,VIACAO PIRACICABANA S.A.,Crédito Privado,Emissor de Dívida,Ativo,,,,,Emissor de Dívida / Securitizadora,VIACAO PIRACICABANA S.A. é emissora de títulos de crédito privado registrados na CVM.
04895728000180,04.895.728/0001-80,EQUATORIAL PARA DISTRIBUIDORA DE ENERGIA S.A.,EQUATORIAL PARA DISTRIBUIDORA DE ENERGIA S.A.,Crédito Privado,Emissor de Dívida,Ativo,https://ri.equatorialenergia.com.br/pt-br/,,,,Emissor de Dívida / Securitizadora,EQUATORIAL PARA DISTRIBUIDORA DE ENERGIA S.A. é emissora de títulos de crédito privado registrados na CVM.
36475062000105,36.475.062/0001-05,EMAM PARTICIPACOES S.A.,EMAM PARTICIPACOES S.A.,Crédito Privado,Emissor de Dívida,Ativo,,,,,Emissor de Dívida / Securitizadora,EMAM PARTICIPACOES S.A. é emissora de títulos de crédito privado registrados na CVM.
08220952000122,08.220.952/0001-22,RCS TECNOLOGIA S.A.,RCS TECNOLOGIA S.A.,Crédito Privado,Emissor de Dívida,Ativo,https://www.rcstecnologia.com.br/,,,,Emissor de Dívida / Securitizadora,RCS TECNOLOGIA S.A. é emissora de títulos de crédito privado registrados na CVM.
88613658000110,88.613.658/0001-10,PETTENATI S.A. INDUSTRIA TEXTIL,PETTENATI S.A. INDUSTRIA TEXTIL,Crédito Privado,Emissor de Dívida,Ativo,https://www.pettenati.com.br/investidores/,,,,Emissor de Dívida / Securitizadora,PETTENATI S.A. INDUSTRIA TEXTIL é emissora de títulos de crédito privado registrados na CVM.
42938083000104,42.938.083/0001-04,VERT-9 COMPANHIA SECURITIZADORA DE CREDITOS FINANCEIROS,VERT-9 COMPANHIA SECURITIZADORA DE CREDITOS FINANCEIROS,Crédito Privado,Emissor de Dívida,Ativo,,,,,Emissor de Dívida / Securitizadora,VERT-9 COMPANHIA SECURITIZADORA DE CREDITOS FINANCEIROS é emissora de títulos de crédito privado registrados na CVM.
40446476000175,40.446.476/0001-75,PLAYBANCO SECURITIZADORA S.A,PLAYBANCO SECURITIZADORA S.A,Crédito Privado,Emissor de Dívida,Ativo,https://www.playbanco.com.br,,,,Emissor de Dívida / Securitizadora,PLAYBANCO SECURITIZADORA S.A é emissora de títulos de crédito privado registrados na CVM.
15718929000128,15.718.929/0001-28,RIO NASCENTE ENERGIA S.A.,RIO NASCENTE ENERGIA S.A.,Crédito Privado,Emissor de Dívida,Ativo,,,,,Emissor de Dívida / Securitizadora,RIO NASCENTE ENERGIA S.A. é emissora de títulos de crédito privado registrados na CVM.
02998301000181,02.998.301/0001-81,RIO PARANAPANEMA ENERGIA SA,RIO PARANAPANEMA ENERGIA SA,Crédito Privado,Emissor de Dívida,Ativo,https://ri.paranapanema.com.br/,,,,Emissor de Dívida / Securitizadora,RIO PARANAPANEMA ENERGIA SA é emissora de títulos de crédito privado registrados na CVM.
01944031000163,01.944.031/0001-63,DISTRIBUIDORA DE AGUA CAMACARI S.A.,DISTRIBUIDORA DE AGUA CAMACARI S.A.,Crédito Privado,Emissor de Dívida,Ativo,,,,,Emissor de Dívida / Securitizadora,DISTRIBUIDORA DE AGUA CAMACARI S.A. é emissora de títulos de crédito privado registrados na CVM.
36756997000151,36.756.997/0001-51,Brasal Participacoes S.A.,Brasal Participacoes S.A.,Crédito Privado,Emissor de Dívida,Ativo,https://www.brasal.com.br,,,,Emissor de Dívida / Securitizadora,Brasal Participacoes S.A. é emissora de títulos de crédito privado registrados na CVM.
53113791000122,53.113.791/0001-22,TOTVS S.A,TOTVS S.A,Crédito Privado,Emissor de Dívida,Ativo,https://www.totvs.com,,,,Emissor de Dívida / Securitizadora,TOTVS S.A é emissora de títulos de crédito privado registrados na CVM.
61602199000112,61.602.199/0001-12,Companhia Ultragaz S.A.,Companhia Ultragaz S.A.,Crédito Privado,Emissor de Dívida,Ativo,,,,,Emissor de Dívida / Securitizadora,Companhia Ultragaz S.A. é emissora de títulos de crédito privado registrados na CVM.
54805076000113,54.805.076/0001-13,MSB SUBHOLDING S.A.,MSB SUBHOLDING S.A.,Crédito Privado,Emissor de Dívida,Ativo,,,,,Emissor de Dívida / Securitizadora,MSB SUBHOLDING S.A. é emissora de títulos de crédito privado registrados na CVM.
23361306000179,23.361.306/0001-79,SIPCAM NICHINO BRASIL S.A.,SIPCAM NICHINO BRASIL S.A.,Crédito Privado,Emissor de Dívida,Ativo,,,,,Emissor de Dívida / Securitizadora,SIPCAM NICHINO BRASIL S.A. é emissora de títulos de crédito privado registrados na CVM.
28580065000172,28.580.065/0001-72,INSPIRA MUDANCA PARTICIPACOES S.A.,INSPIRA MUDANCA PARTICIPACOES S.A.,Crédito Privado,Emissor de Dívida,Ativo,,,,,Emissor de Dívida / Securitizadora,INSPIRA MUDANCA PARTICIPACOES S.A. é emissora de títulos de crédito privado registrados na CVM.
06977745000191,06.977.745/0001-91,BR MALLS PARTICIPACOES S.A.,BR MALLS PARTICIPACOES S.A.,Crédito Privado,Emissor de Dívida,Ativo,,,,,Emissor de Dívida / Securitizadora,BR MALLS PARTICIPACOES S.A. é emissora de títulos de crédito privado registrados na CVM.
48127012000108,48.127.012/0001-08,CONCESSIONARIA RODOVIAS DO TRIANGULO SPE S.A.,CONCESSIONARIA RODOVIAS DO TRIANGULO SPE S.A.,Crédito Privado,Emissor de Dívida,Ativo,,,,,Emissor de Dívida / Securitizadora,CONCESSIONARIA RODOVIAS DO TRIANGULO SPE S.A. é emissora de títulos de crédito privado registrados na CVM.
49947676000186,49.947.676/0001-86,CREDITCORP SECURITIZADORA S.A.,CREDITCORP SECURITIZADORA S.A.,Crédito Privado,Emissor de Dívida,Ativo,https://www.creditsec.com.br,,,,Emissor de Dívida / Securitizadora,CREDITCORP SECURITIZADORA S.A. é emissora de títulos de crédito privado registrados na CVM.
49001338000157,49.001.338/0001-57,NE SECURITIZADORA S.A.,NE SECURITIZADORA S.A.,Crédito Privado,Emissor de Dívida,Ativo,,,,,Emissor de Dívida / Securitizadora,NE SECURITIZADORA S.A. é emissora de títulos de crédito privado registrados na CVM.
60659463002992,60.659.463/0029-92,ACHE LABORATORIOS FARMACEUTICOS S.A.,ACHE LABORATORIOS FARMACEUTICOS S.A.,Crédito Privado,Emissor de Dívida,Ativo,,,,,Emissor de Dívida / Securitizadora,ACHE LABORATORIOS FARMACEUTICOS S.A. é emissora de títulos de crédito privado registrados na CVM.
47960950000121,47.960.950/0001-21,MAGAZINE LUIZA SA,MAGAZINE LUIZA SA,Crédito Privado,Emissor de Dívida,Ativo,https://ri.magazineluiza.com.br/,,,,Emissor de Dívida / Securitizadora,MAGAZINE LUIZA SA é emissora de títulos de crédito privado registrados na CVM.
14688220001640,14.688.220/0016-40,ULTRACARGO LOGISTICA S.A.,ULTRACARGO LOGISTICA S.A.,Crédito Privado,Emissor de Dívida,Ativo,,,,,Emissor de Dívida / Securitizadora,ULTRACARGO LOGISTICA S.A. é emissora de títulos de crédito privado registrados na CVM.
31557781000143,31.557.781/0001-43,GET COMERCIALIZADORA DE ENERGIA S.A.,GET COMERCIALIZADORA DE ENERGIA S.A.,Crédito Privado,Emissor de Dívida,Ativo,https://www.matrixenergia.com.br/,,,,Emissor de Dívida / Securitizadora,GET COMERCIALIZADORA DE ENERGIA S.A. é emissora de títulos de crédito privado registrados na CVM.
04089570000150,04.089.570/0001-50,AGUAS GUARIROBA S.A.,AGUAS GUARIROBA S.A.,Crédito Privado,Emissor de Dívida,Ativo,https://www.aguasguariroba.com.br/,,,,Emissor de Dívida / Securitizadora,AGUAS GUARIROBA S.A. é emissora de títulos de crédito privado registrados na CVM.
02762121000104,02.762.121/0001-04,SANTOS BRASIL PARTICIPACOES S.A.,SANTOS BRASIL PARTICIPACOES S.A.,Crédito Privado,Emissor de Dívida,Ativo,,,,,Emissor de Dívida / Securitizadora,SANTOS BRASIL PARTICIPACOES S.A. é emissora de títulos de crédito privado registrados na CVM.
89637490000145,89.637.490/0001-45,KLABIN S.A.,KLABIN S.A.,Crédito Privado,Emissor de Dívida,Ativo,,,,,Emissor de Dívida / Securitizadora,KLABIN S.A. é emissora de títulos de crédito privado registrados na CVM.
48949370000104,48.949.370/0001-04,CALDEIRAO GRANDE 2 SOLAR S.A.,CALDEIRAO GRANDE 2 SOLAR S.A.,Crédito Privado,Emissor de Dívida,Ativo,,,,,Emissor de Dívida / Securitizadora,CALDEIRAO GRANDE 2 SOLAR S.A. é emissora de títulos de crédito privado registrados na CVM.
31701408000114,31.701.408/0001-14,ATHENA SAUDE BRASIL SA,ATHENA SAUDE BRASIL SA,Crédito Privado,Emissor de Dívida,Ativo,,,,,Emissor de Dívida / Securitizadora,ATHENA SAUDE BRASIL SA é emissora de títulos de crédito privado registrados na CVM.
35109618000179,35.109.618/0001-79,MONTE RODOVIAS NORDESTE I HOLDING PARTICIPACOES SA,MONTE RODOVIAS NORDESTE I HOLDING PARTICIPACOES SA,Crédito Privado,Emissor de Dívida,Ativo,https://www.monterodovias.com.br/,,,,Emissor de Dívida / Securitizadora,MONTE RODOVIAS NORDESTE I HOLDING PARTICIPACOES SA é emissora de títulos de crédito privado registrados na CVM.
02476026000136,02.476.026/0001-36,ULTRAFERTIL SA,ULTRAFERTIL SA,Crédito Privado,Emissor de Dívida,Ativo,,,,,Emissor de Dívida / Securitizadora,ULTRAFERTIL SA é emissora de títulos de crédito privado registrados na CVM.
36641320000178,36.641.320/0001-78,AMBIENTAL METROSUL CONCESSIONARIA DE SANEAMENTO SPE S.A.,AMBIENTAL METROSUL CONCESSIONARIA DE SANEAMENTO SPE S.A.,Crédito Privado,Emissor de Dívida,Ativo,,,,,Emissor de Dívida / Securitizadora,AMBIENTAL METROSUL CONCESSIONARIA DE SANEAMENTO SPE S.A. é emissora de títulos de crédito privado registrados na CVM.
02628150000170,02.628.150/0001-70,BRK AMBIENTAL - CACHOEIRO DE ITAPEMIRIM S.A.,BRK AMBIENTAL - CACHOEIRO DE ITAPEMIRIM S.A.,Crédito Privado,Emissor de Dívida,Ativo,,,,,Emissor de Dívida / Securitizadora,BRK AMBIENTAL - CACHOEIRO DE ITAPEMIRIM S.A. é emissora de títulos de crédito privado registrados na CVM.
60894730000105,60.894.730/0001-05,USINAS SID DE MINAS GERAIS S.A.-USIMINAS,USINAS SID DE MINAS GERAIS S.A.-USIMINAS,Crédito Privado,Emissor de Dívida,Ativo,,,,,Emissor de Dívida / Securitizadora,USINAS SID DE MINAS GERAIS S.A.-USIMINAS é emissora de títulos de crédito privado registrados na CVM.
10209063000106,10.209.063/0001-06,RECH AGRICOLA S/A,RECH AGRICOLA S/A,Crédito Privado,Emissor de Dívida,Ativo,,,,,Emissor de Dívida / Securitizadora,RECH AGRICOLA S/A é emissora de títulos de crédito privado registrados na CVM.
17339410000164,17.339.410/0001-64,METROBARRA S.A.,METROBARRA S.A.,Crédito Privado,Emissor de Dívida,Ativo,,,,,Emissor de Dívida / Securitizadora,METROBARRA S.A. é emissora de títulos de crédito privado registrados na CVM.
29316596000115,29.316.596/0001-15,INPASA AGROINDUSTRIAL S.A.,INPASA AGROINDUSTRIAL S.A.,Crédito Privado,Emissor de Dívida,Ativo,https://www.inpasa.com.br,,,,Emissor de Dívida / Securitizadora,INPASA AGROINDUSTRIAL S.A. é emissora de títulos de crédito privado registrados na CVM.
51715500000140,51.715.500/0001-40,ROTA DO PARA S.A,ROTA DO PARA S.A,Crédito Privado,Emissor de Dívida,Ativo,,,,,Emissor de Dívida / Securitizadora,ROTA DO PARA S.A é emissora de títulos de crédito privado registrados na CVM.
03953509000147,03.953.509/0001-47,CPFL GERAÇÃO DE ENERGIA S/A,CPFL GERAÇÃO DE ENERGIA S/A,Crédito Privado,Emissor de Dívida,Ativo,https://ri.cpfl.com.br/list.aspx?idCanal=HhNV1NdqEIpOeo2o2f4UWA==&linguagem=pt&ano=0,,,,Emissor de Dívida / Securitizadora,CPFL GERAÇÃO DE ENERGIA S/A é emissora de títulos de crédito privado registrados na CVM.
30997588000160,30.997.588/0001-60,ATHON GERACAO DISTRIBUIDA S/A,ATHON GERACAO DISTRIBUIDA S/A,Crédito Privado,Emissor de Dívida,Ativo,,,,,Emissor de Dívida / Securitizadora,ATHON GERACAO DISTRIBUIDA S/A é emissora de títulos de crédito privado registrados na CVM.
52948225000178,52.948.225/0001-78,ATHON GERAÇÃO DISTRIBUÍDA III S.A.,ATHON GERAÇÃO DISTRIBUÍDA III S.A.,Crédito Privado,Emissor de Dívida,Ativo,,,,,Emissor de Dívida / Securitizadora,ATHON GERAÇÃO DISTRIBUÍDA III S.A. é emissora de títulos de crédito privado registrados na CVM.
01599101000193,01.599.101/0001-93,SEQUOIA LOGÍSTICA E TRANSPORTES S.A.,SEQUOIA LOGÍSTICA E TRANSPORTES S.A.,Crédito Privado,Emissor de Dívida,Ativo,https://sequoialog.com.br/,,,,Emissor de Dívida / Securitizadora,SEQUOIA LOGÍSTICA E TRANSPORTES S.A. é emissora de títulos de crédito privado registrados na CVM.
80464753000197,80.464.753/0001-97,EQS ENGENHARIA S.A.,EQS ENGENHARIA S.A.,Crédito Privado,Emissor de Dívida,Ativo,,,,,Emissor de Dívida / Securitizadora,EQS ENGENHARIA S.A. é emissora de títulos de crédito privado registrados na CVM.
09597979000100,09.597.979/0001-00,RIO CASCA ENERGETICA S.A.,RIO CASCA ENERGETICA S.A.,Crédito Privado,Emissor de Dívida,Ativo,,,,,Emissor de Dívida / Securitizadora,RIO CASCA ENERGETICA S.A. é emissora de títulos de crédito privado registrados na CVM.
08213823000107,08.213.823/0001-07,AURA ALMAS MINERACAO S.A.,AURA ALMAS MINERACAO S.A.,Crédito Privado,Emissor de Dívida,Ativo,,,,,Emissor de Dívida / Securitizadora,AURA ALMAS MINERACAO S.A. é emissora de títulos de crédito privado registrados na CVM.
75633560000182,75.633.560/0001-82,CATTALINI TERMINAIS MARITIMOS S.A.,CATTALINI TERMINAIS MARITIMOS S.A.,Crédito Privado,Emissor de Dívida,Ativo,,,,,Emissor de Dívida / Securitizadora,CATTALINI TERMINAIS MARITIMOS S.A. é emissora de títulos de crédito privado registrados na CVM.
09334083000120,09.334.083/0001-20,EDP RENOVAVEIS BRASIL S/A,EDP RENOVAVEIS BRASIL S/A,Crédito Privado,Emissor de Dívida,Ativo,,,,,Emissor de Dívida / Securitizadora,EDP RENOVAVEIS BRASIL S/A é emissora de títulos de crédito privado registrados na CVM.
06840748000189,06.840.748/0001-89,EQUATORIAL PIAUI DISTRIBUIDORA DE ENERGIA S.A,EQUATORIAL PIAUI DISTRIBUIDORA DE ENERGIA S.A,Crédito Privado,Emissor de Dívida,Ativo,,,,,Emissor de Dívida / Securitizadora,EQUATORIAL PIAUI DISTRIBUIDORA DE ENERGIA S.A é emissora de títulos de crédito privado registrados na CVM.
10645019000149,10.645.019/0001-49,EMERGENCIA PARTICIPACOES S/A,EMERGENCIA PARTICIPACOES S/A,Crédito Privado,Emissor de Dívida,Ativo,https://ri.ambipar.com/,,,,Emissor de Dívida / Securitizadora,EMERGENCIA PARTICIPACOES S/A é emissora de títulos de crédito privado registrados na CVM.
02736470000143,02.736.470/0001-43,CONFIANZA SECURITIZADORA SA,CONFIANZA SECURITIZADORA SA,Crédito Privado,Emissor de Dívida,Ativo,,,,,Emissor de Dívida / Securitizadora,CONFIANZA SECURITIZADORA SA é emissora de títulos de crédito privado registrados na CVM.
51218147000193,51.218.147/0001-93,IGUATEMI EMPRESA DE SHOPPING CENTERS S/A,IGUATEMI EMPRESA DE SHOPPING CENTERS S/A,Crédito Privado,Emissor de Dívida,Ativo,https://ri.iguatemi.com.br/,,,,Emissor de Dívida / Securitizadora,IGUATEMI EMPRESA DE SHOPPING CENTERS S/A é emissora de títulos de crédito privado registrados na CVM.
36763716000198,36.763.716/0001-98,CONCESSIONARIA CATARINENSE DE RODOVIAS S.A.,CONCESSIONARIA CATARINENSE DE RODOVIAS S.A.,Crédito Privado,Emissor de Dívida,Ativo,https://www.grupoccr.com.br/,,,,Emissor de Dívida / Securitizadora,CONCESSIONARIA CATARINENSE DE RODOVIAS S.A. é emissora de títulos de crédito privado registrados na CVM.
52177416000183,52.177.416/0001-83,ATLETICO MINEIRO S.A.F.,ATLETICO MINEIRO S.A.F.,Crédito Privado,Emissor de Dívida,Ativo,,,,,Emissor de Dívida / Securitizadora,ATLETICO MINEIRO S.A.F. é emissora de títulos de crédito privado registrados na CVM.
82845322000104,82.845.322/0001-04,SOFTPLAN PLANEJAMENTO E SISTEMAS S/A,SOFTPLAN PLANEJAMENTO E SISTEMAS S/A,Crédito Privado,Emissor de Dívida,Ativo,,,,,Emissor de Dívida / Securitizadora,SOFTPLAN PLANEJAMENTO E SISTEMAS S/A é emissora de títulos de crédito privado registrados na CVM.
19213316000190,19.213.316/0001-90,COLEGIO VIMASA S/A,COLEGIO VIMASA S/A,Crédito Privado,Emissor de Dívida,Ativo,,,,,Emissor de Dívida / Securitizadora,COLEGIO VIMASA S/A é emissora de títulos de crédito privado registrados na CVM.
31711512000190,31.711.512/0001-90,RIBEIRO GONCALVES ENERGIA SOLAR S.A.,RIBEIRO GONCALVES ENERGIA SOLAR S.A.,Crédito Privado,Emissor de Dívida,Ativo,https://www.echoenergia.com.br/relacao-com-investidores/,,,,Emissor de Dívida / Securitizadora,RIBEIRO GONCALVES ENERGIA SOLAR S.A. é emissora de títulos de crédito privado registrados na CVM.
44467456000131,44.467.456/0001-31,NOVA MOBI PERNAMBUCO - SPE S.A.,NOVA MOBI PERNAMBUCO - SPE S.A.,Crédito Privado,Emissor de Dívida,Ativo,,,,,Emissor de Dívida / Securitizadora,NOVA MOBI PERNAMBUCO - SPE S.A. é emissora de títulos de crédito privado registrados na CVM.
03984987000114,03.984.987/0001-14,ECTE - EMPRESA CATARINENSE DE TRANSMISSAO DE ENERGIA S/A,ECTE - EMPRESA CATARINENSE DE TRANSMISSAO DE ENERGIA S/A,Crédito Privado,Emissor de Dívida,Ativo,https://www.tbe.com.br,,,,Emissor de Dívida / Securitizadora,ECTE - EMPRESA CATARINENSE DE TRANSMISSAO DE ENERGIA S/A é emissora de títulos de crédito privado registrados na CVM.
04416923000180,04.416.923/0001-80,EMPRESA PARAENSE DE TRANSMISSAO DE ENERGIA S/A,EMPRESA PARAENSE DE TRANSMISSAO DE ENERGIA S/A,Crédito Privado,Emissor de Dívida,Ativo,https://www.tbe.com.br,,,,Emissor de Dívida / Securitizadora,EMPRESA PARAENSE DE TRANSMISSAO DE ENERGIA S/A é emissora de títulos de crédito privado registrados na CVM.
55579547000185,55.579.547/0001-85,SPE VALE DOURADO ADMINISTRACAO S/A,SPE VALE DOURADO ADMINISTRACAO S/A,Crédito Privado,Emissor de Dívida,Ativo,,,,,Emissor de Dívida / Securitizadora,SPE VALE DOURADO ADMINISTRACAO S/A é emissora de títulos de crédito privado registrados na CVM.
00776574000660,00.776.574/0006-60,AMERICANAS S.A - EM RECUPERACAO JUDICIAL,AMERICANAS S.A - EM RECUPERACAO JUDICIAL,Crédito Privado,Emissor de Dívida,Ativo,https://ri.americanas.io/,,,,Emissor de Dívida / Securitizadora,AMERICANAS S.A - EM RECUPERACAO JUDICIAL é emissora de títulos de crédito privado registrados na CVM.
46409396000126,46.409.396/0001-26,AXS ENERGIA UFV GOIAS SPE S.A,AXS ENERGIA UFV GOIAS SPE S.A,Crédito Privado,Emissor de Dívida,Ativo,,,,,Emissor de Dívida / Securitizadora,AXS ENERGIA UFV GOIAS SPE S.A é emissora de títulos de crédito privado registrados na CVM.
50117634000105,50.117.634/0001-05,AXS ENERGIA UNIDADE 10 SPE S.A,AXS ENERGIA UNIDADE 10 SPE S.A,Crédito Privado,Emissor de Dívida,Ativo,,,,,Emissor de Dívida / Securitizadora,AXS ENERGIA UNIDADE 10 SPE S.A é emissora de títulos de crédito privado registrados na CVM.
05680391000156,05.680.391/0001-56,FSF TECNOLOGIA S.A.,FSF TECNOLOGIA S.A.,Crédito Privado,Emissor de Dívida,Ativo,https://www.aloo.com.br/,,,,Emissor de Dívida / Securitizadora,FSF TECNOLOGIA S.A. é emissora de títulos de crédito privado registrados na CVM.
50059431000100,50.059.431/0001-00,AXS ENERGIA UNIDADE 09 S.A,AXS ENERGIA UNIDADE 09 S.A,Crédito Privado,Emissor de Dívida,Ativo,,,,,Emissor de Dívida / Securitizadora,AXS ENERGIA UNIDADE 09 S.A é emissora de títulos de crédito privado registrados na CVM.
43697470000169,43.697.470/0001-69,ITER PARTICIPACOES S.A.,ITER PARTICIPACOES S.A.,Crédito Privado,Emissor de Dívida,Ativo,,,,,Emissor de Dívida / Securitizadora,ITER PARTICIPACOES S.A. é emissora de títulos de crédito privado registrados na CVM.
27486182000109,27.486.182/0001-09,VIACAO AGUIA BRANCA S A,VIACAO AGUIA BRANCA S A,Crédito Privado,Emissor de Dívida,Ativo,,,,,Emissor de Dívida / Securitizadora,VIACAO AGUIA BRANCA S A é emissora de títulos de crédito privado registrados na CVM.
47548779000148,47.548.779/0001-48,GNL BRASIL LOGISTICA S.A.,GNL BRASIL LOGISTICA S.A.,Crédito Privado,Emissor de Dívida,Ativo,https://ri.eneva.com.br/informacoes-ao-mercado/documentos-cvm/,,,,Emissor de Dívida / Securitizadora,GNL BRASIL LOGISTICA S.A. é emissora de títulos de crédito privado registrados na CVM.
34432153000120,34.432.153/0001-20,COMPANHIA DE GAS DA BAHIA BAHIAGAS,COMPANHIA DE GAS DA BAHIA BAHIAGAS,Crédito Privado,Emissor de Dívida,Ativo,,,,,Emissor de Dívida / Securitizadora,COMPANHIA DE GAS DA BAHIA BAHIAGAS é emissora de títulos de crédito privado registrados na CVM.
08364948000138,08.364.948/0001-38,ALUPAR INVESTIMENTO S/A,ALUPAR INVESTIMENTO S/A,Crédito Privado,Emissor de Dívida,Ativo,,,,,Emissor de Dívida / Securitizadora,ALUPAR INVESTIMENTO S/A é emissora de títulos de crédito privado registrados na CVM.
04370282000170,04.370.282/0001-70,COPEL GERAÇÃO E TRANSMISSÃO S/A,COPEL GERAÇÃO E TRANSMISSÃO S/A,Crédito Privado,Emissor de Dívida,Ativo,http://ri.copel.com/,,,,Emissor de Dívida / Securitizadora,COPEL GERAÇÃO E TRANSMISSÃO S/A é emissora de títulos de crédito privado registrados na CVM.
33592510000154,33.592.510/0001-54,VALE S.A.,VALE S.A.,Crédito Privado,Emissor de Dívida,Ativo,https://vale.com/pt/investidores,,,,Emissor de Dívida / Securitizadora,VALE S.A. é emissora de títulos de crédito privado registrados na CVM.
50365355000152,50.365.355/0001-52,BIOMETANO VERDE PAULINIA SA,BIOMETANO VERDE PAULINIA SA,Crédito Privado,Emissor de Dívida,Ativo,,,,,Emissor de Dívida / Securitizadora,BIOMETANO VERDE PAULINIA SA é emissora de títulos de crédito privado registrados na CVM.
24921465000143,24.921.465/0001-43,BLUEFIT ACADEMIAS DE GINÁSTICA E PARTICIPAÇÕES S.A,BLUEFIT ACADEMIAS DE GINÁSTICA E PARTICIPAÇÕES S.A,Crédito Privado,Emissor de Dívida,Ativo,https://www.bluefit.com.br,,,,Emissor de Dívida / Securitizadora,BLUEFIT ACADEMIAS DE GINÁSTICA E PARTICIPAÇÕES S.A é emissora de títulos de crédito privado registrados na CVM.
09584854000137,09.584.854/0001-37,MANAUS TRANSMISSORA DE ENERGIA S.A,MANAUS TRANSMISSORA DE ENERGIA S.A,Crédito Privado,Emissor de Dívida,Ativo,,,,,Emissor de Dívida / Securitizadora,MANAUS TRANSMISSORA DE ENERGIA S.A é emissora de títulos de crédito privado registrados na CVM.
26025075000110,26.025.075/0001-10,AGUAS DE BOMBINHAS SANEAMENTO SPE S.A,AGUAS DE BOMBINHAS SANEAMENTO SPE S.A,Crédito Privado,Emissor de Dívida,Ativo,,,,,Emissor de Dívida / Securitizadora,AGUAS DE BOMBINHAS SANEAMENTO SPE S.A é emissora de títulos de crédito privado registrados na CVM.
23397533000154,23.397.533/0001-54,AGUAS DE CAMBORIU SANEAMENTO SPE S.A.,AGUAS DE CAMBORIU SANEAMENTO SPE S.A.,Crédito Privado,Emissor de Dívida,Ativo,,,,,Emissor de Dívida / Securitizadora,AGUAS DE CAMBORIU SANEAMENTO SPE S.A. é emissora de títulos de crédito privado registrados na CVM.
23486042000180,23.486.042/0001-80,AGUAS DE PENHA SANEAMENTO SPE S.A.,AGUAS DE PENHA SANEAMENTO SPE S.A.,Crédito Privado,Emissor de Dívida,Ativo,,,,,Emissor de Dívida / Securitizadora,AGUAS DE PENHA SANEAMENTO SPE S.A. é emissora de títulos de crédito privado registrados na CVM.
21180700000185,21.180.700/0001-85,AGUAS DE SAO FRANCISCO DO SUL SPE S.A,AGUAS DE SAO FRANCISCO DO SUL SPE S.A,Crédito Privado,Emissor de Dívida,Ativo,,,,,Emissor de Dívida / Securitizadora,AGUAS DE SAO FRANCISCO DO SUL SPE S.A é emissora de títulos de crédito privado registrados na CVM.
50167742000184,50.167.742/0001-84,IVI ENERGIA S.A.,IVI ENERGIA S.A.,Crédito Privado,Emissor de Dívida,Ativo,,,,,Emissor de Dívida / Securitizadora,IVI ENERGIA S.A. é emissora de títulos de crédito privado registrados na CVM.
38128791000102,38.128.791/0001-02,RCH EMPREENDIMENTOS IMOBILIARIOS S.A,RCH EMPREENDIMENTOS IMOBILIARIOS S.A,Crédito Privado,Emissor de Dívida,Ativo,,,,,Emissor de Dívida / Securitizadora,RCH EMPREENDIMENTOS IMOBILIARIOS S.A é emissora de títulos de crédito privado registrados na CVM.
55968005000102,55.968.005/0001-02,AGRONUTRI PARTICIPACOES S.A.,AGRONUTRI PARTICIPACOES S.A.,Crédito Privado,Emissor de Dívida,Ativo,,,,,Emissor de Dívida / Securitizadora,AGRONUTRI PARTICIPACOES S.A. é emissora de títulos de crédito privado registrados na CVM.
28438834000100,28.438.834/0001-00,NEOENERGIA MORRO DO CHAPEU TRANSMISSAO E ENERGIA S.A.,NEOENERGIA MORRO DO CHAPEU TRANSMISSAO E ENERGIA S.A.,Crédito Privado,Emissor de Dívida,Ativo,,,,,Emissor de Dívida / Securitizadora,NEOENERGIA MORRO DO CHAPEU TRANSMISSAO E ENERGIA S.A. é emissora de títulos de crédito privado registrados na CVM.
51715706000170,51.715.706/0001-70,RIALMA TRANSMISSORA DE ENERGIA V S.A.,RIALMA TRANSMISSORA DE ENERGIA V S.A.,Crédito Privado,Emissor de Dívida,Ativo,,,,,Emissor de Dívida / Securitizadora,RIALMA TRANSMISSORA DE ENERGIA V S.A. é emissora de títulos de crédito privado registrados na CVM.
47238842000140,47.238.842/0001-40,ALMADA ENERGIA RENOVAVEL S.A.,ALMADA ENERGIA RENOVAVEL S.A.,Crédito Privado,Emissor de Dívida,Ativo,,,,,Emissor de Dívida / Securitizadora,ALMADA ENERGIA RENOVAVEL S.A. é emissora de títulos de crédito privado registrados na CVM.
47239859000111,47.239.859/0001-11,ENSEADA ENERGIA RENOVAVEL S.A.,ENSEADA ENERGIA RENOVAVEL S.A.,Crédito Privado,Emissor de Dívida,Ativo,,,,,Emissor de Dívida / Securitizadora,ENSEADA ENERGIA RENOVAVEL S.A. é emissora de títulos de crédito privado registrados na CVM.
46626686000121,46.626.686/0001-21,VICOSA ENERGIA RENOVAVEL S.A,VICOSA ENERGIA RENOVAVEL S.A,Crédito Privado,Emissor de Dívida,Ativo,,,,,Emissor de Dívida / Securitizadora,VICOSA ENERGIA RENOVAVEL S.A é emissora de títulos de crédito privado registrados na CVM.
46623499000194,46.623.499/0001-94,FAZENDINHA ENERGIA RENOVAVEL S.A,FAZENDINHA ENERGIA RENOVAVEL S.A,Crédito Privado,Emissor de Dívida,Ativo,,,,,Emissor de Dívida / Securitizadora,FAZENDINHA ENERGIA RENOVAVEL S.A é emissora de títulos de crédito privado registrados na CVM.
27902165000105,27.902.165/0001-05,HIGHLINE DO BRASIL II INFRAESTRUTURA DE TELECOMUNICACOES S.A.,HIGHLINE DO BRASIL II INFRAESTRUTURA DE TELECOMUNICACOES S.A.,Crédito Privado,Emissor de Dívida,Ativo,,,,,Emissor de Dívida / Securitizadora,HIGHLINE DO BRASIL II INFRAESTRUTURA DE TELECOMUNICACOES S.A. é emissora de títulos de crédito privado registrados na CVM.
55511006000115,55.511.006/0001-15,AXIS SOLAR XI EMPREENDIMENTOS E PARTICIPACOES S.A.,AXIS SOLAR XI EMPREENDIMENTOS E PARTICIPACOES S.A.,Crédito Privado,Emissor de Dívida,Ativo,,,,,Emissor de Dívida / Securitizadora,AXIS SOLAR XI EMPREENDIMENTOS E PARTICIPACOES S.A. é emissora de títulos de crédito privado registrados na CVM.
84684455000163,84.684.455/0001-63,TIGRE S.A. PARTICIPAÇÕES,TIGRE S.A. PARTICIPAÇÕES,Crédito Privado,Emissor de Dívida,Ativo,https://ri.tigre.com.br/,,,,Emissor de Dívida / Securitizadora,TIGRE S.A. PARTICIPAÇÕES é emissora de títulos de crédito privado registrados na CVM.
55085811000124,55.085.811/0001-24,ÉXES SECURITIZADORA S.A.,ÉXES SECURITIZADORA S.A.,Crédito Privado,Emissor de Dívida,Ativo,https://www.exes.com.br/exes-securitizadora/,,,,Emissor de Dívida / Securitizadora,ÉXES SECURITIZADORA S.A. é emissora de títulos de crédito privado registrados na CVM.
56986853000107,56.986.853/0001-07,GY ENERGY HOLDING III S.A,GY ENERGY HOLDING III S.A,Crédito Privado,Emissor de Dívida,Ativo,,,,,Emissor de Dívida / Securitizadora,GY ENERGY HOLDING III S.A é emissora de títulos de crédito privado registrados na CVM.
48127008000140,48.127.008/0001-40,CONCESSIONARIA RODOVIAS DO SUL DE MINAS SPE S.A.,CONCESSIONARIA RODOVIAS DO SUL DE MINAS SPE S.A.,Crédito Privado,Emissor de Dívida,Ativo,https://eprsuldeminas.com.br/,,,,Emissor de Dívida / Securitizadora,CONCESSIONARIA RODOVIAS DO SUL DE MINAS SPE S.A. é emissora de títulos de crédito privado registrados na CVM.
46976719000163,46.976.719/0001-63,CONCESSIONARIA DE ILUMINACAO PUBLICA CONECTA CAMPINAS SA,CONCESSIONARIA DE ILUMINACAO PUBLICA CONECTA CAMPINAS SA,Crédito Privado,Emissor de Dívida,Ativo,https://conectacampinas.net/,,,,Emissor de Dívida / Securitizadora,CONCESSIONARIA DE ILUMINACAO PUBLICA CONECTA CAMPINAS SA é emissora de títulos de crédito privado registrados na CVM.
47508411000156,47.508.411/0001-56,COMPANHIA BRASILEIRA DE DISTRIBUIÇÃO,COMPANHIA BRASILEIRA DE DISTRIBUIÇÃO,Crédito Privado,Emissor de Dívida,Ativo,,,,,Emissor de Dívida / Securitizadora,COMPANHIA BRASILEIRA DE DISTRIBUIÇÃO é emissora de títulos de crédito privado registrados na CVM.
57341135000138,57.341.135/0001-38,AGUAS DE PALHOCA S.A,AGUAS DE PALHOCA S.A,Crédito Privado,Emissor de Dívida,Ativo,,,,,Emissor de Dívida / Securitizadora,AGUAS DE PALHOCA S.A é emissora de títulos de crédito privado registrados na CVM.
52781067000104,52.781.067/0001-04,ATLAS PROJECT HOLDING 2 S.A.,ATLAS PROJECT HOLDING 2 S.A.,Crédito Privado,Emissor de Dívida,Ativo,,,,,Emissor de Dívida / Securitizadora,ATLAS PROJECT HOLDING 2 S.A. é emissora de títulos de crédito privado registrados na CVM.
79430682000122,79.430.682/0001-22,FARMÁCIA E DROGARIA NISSEI S.A.,FARMÁCIA E DROGARIA NISSEI S.A.,Crédito Privado,Emissor de Dívida,Ativo,https://ri.nisseisa.com.br/,,,,Emissor de Dívida / Securitizadora,FARMÁCIA E DROGARIA NISSEI S.A. é emissora de títulos de crédito privado registrados na CVM.
27241084000101,27.241.084/0001-01,PORTOCEM GERAÇÃO DE ENERGIA S.A.,PORTOCEM GERAÇÃO DE ENERGIA S.A.,Crédito Privado,Emissor de Dívida,Ativo,,,,,Emissor de Dívida / Securitizadora,PORTOCEM GERAÇÃO DE ENERGIA S.A. é emissora de títulos de crédito privado registrados na CVM.
55167344000181,55.167.344/0001-81,AUTOGERACAO SOLAR PARTICIPACOES VII S.A,AUTOGERACAO SOLAR PARTICIPACOES VII S.A,Crédito Privado,Emissor de Dívida,Ativo,,,,,Emissor de Dívida / Securitizadora,AUTOGERACAO SOLAR PARTICIPACOES VII S.A é emissora de títulos de crédito privado registrados na CVM.
61413282000143,61.413.282/0001-43,LORENZETTI SA INDUSTRIAS BRASILEIRAS ELETROMETALURGICAS,LORENZETTI SA INDUSTRIAS BRASILEIRAS ELETROMETALURGICAS,Crédito Privado,Emissor de Dívida,Ativo,,,,,Emissor de Dívida / Securitizadora,LORENZETTI SA INDUSTRIAS BRASILEIRAS ELETROMETALURGICAS é emissora de títulos de crédito privado registrados na CVM.
19521322000104,19.521.322/0001-04,CONCESSIONÁRIA ROTA DO OESTE S.A.,CONCESSIONÁRIA ROTA DO OESTE S.A.,Crédito Privado,Emissor de Dívida,Ativo,https://novarotadooeste.com.br,,,,Emissor de Dívida / Securitizadora,CONCESSIONÁRIA ROTA DO OESTE S.A. é emissora de títulos de crédito privado registrados na CVM.
02284062000106,02.284.062/0001-06,HOSPITAL ESPERANCA SA,HOSPITAL ESPERANCA SA,Crédito Privado,Emissor de Dívida,Ativo,,,,,Emissor de Dívida / Securitizadora,HOSPITAL ESPERANCA SA é emissora de títulos de crédito privado registrados na CVM.
27316538000166,27.316.538/0001-66,VPORTS AUTORIDADE PORTUARIA S.A.,VPORTS AUTORIDADE PORTUARIA S.A.,Crédito Privado,Emissor de Dívida,Ativo,,,,,Emissor de Dívida / Securitizadora,VPORTS AUTORIDADE PORTUARIA S.A. é emissora de títulos de crédito privado registrados na CVM.
57626348000106,57.626.348/0001-06,KANASTRA-1 COMPANHIA SECURITIZADORA DE CREDITOS FINANCEIROS,KANASTRA-1 COMPANHIA SECURITIZADORA DE CREDITOS FINANCEIROS,Crédito Privado,Emissor de Dívida,Ativo,,,,,Emissor de Dívida / Securitizadora,KANASTRA-1 COMPANHIA SECURITIZADORA DE CREDITOS FINANCEIROS é emissora de títulos de crédito privado registrados na CVM.
19014221000147,19.014.221/0001-47,CHINA THREE GORGES BRASIL ENERGIA S.A.,CHINA THREE GORGES BRASIL ENERGIA S.A.,Crédito Privado,Emissor de Dívida,Ativo,,,,,Emissor de Dívida / Securitizadora,CHINA THREE GORGES BRASIL ENERGIA S.A. é emissora de títulos de crédito privado registrados na CVM.
02455233000104,02.455.233/0001-04,AEC CENTRO DE CONTATOS S/A,AEC CENTRO DE CONTATOS S/A,Crédito Privado,Emissor de Dívida,Ativo,https://www.aec.com.br,,,,Emissor de Dívida / Securitizadora,AEC CENTRO DE CONTATOS S/A é emissora de títulos de crédito privado registrados na CVM.
18080368000172,18.080.368/0001-72,OZN HEALTH SPE S.A,OZN HEALTH SPE S.A,Crédito Privado,Emissor de Dívida,Ativo,,,,,Emissor de Dívida / Securitizadora,OZN HEALTH SPE S.A é emissora de títulos de crédito privado registrados na CVM.
52890908000111,52.890.908/0001-11,ARTESANAL SECURITIZADORA DE CREDITOS S/A,ARTESANAL SECURITIZADORA DE CREDITOS S/A,Crédito Privado,Emissor de Dívida,Ativo,https://www.artesanalinvestimentos.com.br,,,,Emissor de Dívida / Securitizadora,ARTESANAL SECURITIZADORA DE CREDITOS S/A é emissora de títulos de crédito privado registrados na CVM.
07569161000140,07.569.161/0001-40,G10 TRANSPORTES S.A.,G10 TRANSPORTES S.A.,Crédito Privado,Emissor de Dívida,Ativo,,,,,Emissor de Dívida / Securitizadora,G10 TRANSPORTES S.A. é emissora de títulos de crédito privado registrados na CVM.
13270520000166,13.270.520/0001-66,KORA SAUDE PARTICIPACOES S.A.,KORA SAUDE PARTICIPACOES S.A.,Crédito Privado,Emissor de Dívida,Ativo,,,,,Emissor de Dívida / Securitizadora,KORA SAUDE PARTICIPACOES S.A. é emissora de títulos de crédito privado registrados na CVM.
58070452000120,58.070.452/0001-20,IGUA SERGIPE S.A.,IGUA SERGIPE S.A.,Crédito Privado,Emissor de Dívida,Ativo,https://igua.com.br/sergipe,,,,Emissor de Dívida / Securitizadora,IGUA SERGIPE S.A. é emissora de títulos de crédito privado registrados na CVM.
10923227000162,10.923.227/0001-62,BTG PACTUAL HOLDING S.A.,BTG PACTUAL HOLDING S.A.,Crédito Privado,Emissor de Dívida,Ativo,,,,,Emissor de Dívida / Securitizadora,BTG PACTUAL HOLDING S.A. é emissora de títulos de crédito privado registrados na CVM.
14292540000109,14.292.540/0001-09,"BRAZIL TOWER, CESSAO DE INFRA-ESTRUTURAS S.A","BRAZIL TOWER, CESSAO DE INFRA-ESTRUTURAS S.A",Crédito Privado,Emissor de Dívida,Ativo,https://braziltowercompany.com.br/,,,,Emissor de Dívida / Securitizadora,"BRAZIL TOWER, CESSAO DE INFRA-ESTRUTURAS S.A é emissora de títulos de crédito privado registrados na CVM."
04426411000102,04.426.411/0001-02,ENERPEIXE S.A.,ENERPEIXE S.A.,Crédito Privado,Emissor de Dívida,Ativo,,,,,Emissor de Dívida / Securitizadora,ENERPEIXE S.A. é emissora de títulos de crédito privado registrados na CVM.
48430290000130,48.430.290/0001-30,ADDIANTE S.A,ADDIANTE S.A,Crédito Privado,Emissor de Dívida,Ativo,,,,,Emissor de Dívida / Securitizadora,ADDIANTE S.A é emissora de títulos de crédito privado registrados na CVM.
57417537000179,57.417.537/0001-79,OXYMED COMERCIO E LOCACAO DE EQUIPAMENTOS MEDICO HOSPITALARES S.A,OXYMED COMERCIO E LOCACAO DE EQUIPAMENTOS MEDICO HOSPITALARES S.A,Crédito Privado,Emissor de Dívida,Ativo,,,,,Emissor de Dívida / Securitizadora,OXYMED COMERCIO E LOCACAO DE EQUIPAMENTOS MEDICO HOSPITALARES S.A é emissora de títulos de crédito privado registrados na CVM.
28367479000118,28.367.479/0001-18,QUANTUM PARTICIPAÇÕES S.A.,QUANTUM PARTICIPAÇÕES S.A.,Crédito Privado,Emissor de Dívida,Ativo,,,,,Emissor de Dívida / Securitizadora,QUANTUM PARTICIPAÇÕES S.A. é emissora de títulos de crédito privado registrados na CVM.
48400830000132,48.400.830/0001-32,HELEXIA SBH3 S.A.,HELEXIA SBH3 S.A.,Crédito Privado,Emissor de Dívida,Ativo,https://www.helexia.com.br,,,,Emissor de Dívida / Securitizadora,HELEXIA SBH3 S.A. é emissora de títulos de crédito privado registrados na CVM.
04065033000170,04.065.033/0001-70,ENERGISA ACRE - DISTRIBUIDORA DE ENERGIA S.A.,ENERGISA ACRE - DISTRIBUIDORA DE ENERGIA S.A.,Crédito Privado,Emissor de Dívida,Ativo,,,,,Emissor de Dívida / Securitizadora,ENERGISA ACRE - DISTRIBUIDORA DE ENERGIA S.A. é emissora de títulos de crédito privado registrados na CVM.
19527639000158,19.527.639/0001-58,ENERGISA MINAS RIO - DISTRIBUIDORA DE ENERGIA S/A,ENERGISA MINAS RIO - DISTRIBUIDORA DE ENERGIA S/A,Crédito Privado,Emissor de Dívida,Ativo,https://ri.energisa.com.br/,,,,Emissor de Dívida / Securitizadora,ENERGISA MINAS RIO - DISTRIBUIDORA DE ENERGIA S/A é emissora de títulos de crédito privado registrados na CVM.
06635659000109,06.635.659/0001-09,MARGEM COMPANHIA DE MINERACAO,MARGEM COMPANHIA DE MINERACAO,Crédito Privado,Emissor de Dívida,Ativo,,,,,Emissor de Dívida / Securitizadora,MARGEM COMPANHIA DE MINERACAO é emissora de títulos de crédito privado registrados na CVM.
35654688000108,35.654.688/0001-08,AUTOMOB PARTICIPAÇÕES S.A.,AUTOMOB PARTICIPAÇÕES S.A.,Crédito Privado,Emissor de Dívida,Ativo,,,,,Emissor de Dívida / Securitizadora,AUTOMOB PARTICIPAÇÕES S.A. é emissora de títulos de crédito privado registrados na CVM.
01027058000191,01.027.058/0001-91,CIELO S.A. - INSTITUICAO DE PAGAMENTO,CIELO S.A. - INSTITUICAO DE PAGAMENTO,Crédito Privado,Emissor de Dívida,Ativo,http://www.cielo.com.br,,,,Emissor de Dívida / Securitizadora,CIELO S.A. - INSTITUICAO DE PAGAMENTO é emissora de títulos de crédito privado registrados na CVM.
24013278000161,24.013.278/0001-61,UNIAO COMERCIAL BARAO S/A LOCACAO E EMPREENDIMENTOS,UNIAO COMERCIAL BARAO S/A LOCACAO E EMPREENDIMENTOS,Crédito Privado,Emissor de Dívida,Ativo,,,,,Emissor de Dívida / Securitizadora,UNIAO COMERCIAL BARAO S/A LOCACAO E EMPREENDIMENTOS é emissora de títulos de crédito privado registrados na CVM.
22261473000185,22.261.473/0001-85,COMPANHIA DE GÁS DE MINAS GERAIS - GASMIG,COMPANHIA DE GÁS DE MINAS GERAIS - GASMIG,Crédito Privado,Emissor de Dívida,Ativo,https://gasmig.com.br/ri/investidores/,,,,Emissor de Dívida / Securitizadora,COMPANHIA DE GÁS DE MINAS GERAIS - GASMIG é emissora de títulos de crédito privado registrados na CVM.
57296772000130,57.296.772/0001-30,SAN LUCCA PARTICIPACOES S.A,SAN LUCCA PARTICIPACOES S.A,Crédito Privado,Emissor de Dívida,Ativo,,,,,Emissor de Dívida / Securitizadora,SAN LUCCA PARTICIPACOES S.A é emissora de títulos de crédito privado registrados na CVM.
56222172000164,56.222.172/0001-64,TMXV2 EFICIENCIA HOLDING S.A,TMXV2 EFICIENCIA HOLDING S.A,Crédito Privado,Emissor de Dívida,Ativo,,,,,Emissor de Dívida / Securitizadora,TMXV2 EFICIENCIA HOLDING S.A é emissora de títulos de crédito privado registrados na CVM.
21748188000120,21.748.188/0001-20,TERP GLBL BRASIL I PARTICIPACOES S.A.,TERP GLBL BRASIL I PARTICIPACOES S.A.,Crédito Privado,Emissor de Dívida,Ativo,,,,,Emissor de Dívida / Securitizadora,TERP GLBL BRASIL I PARTICIPACOES S.A. é emissora de títulos de crédito privado registrados na CVM.
04052108000189,04.052.108/0001-89,AMERICAN TOWER DO BRASIL - CESSAO DE INFRAESTRUTURAS S.A.,AMERICAN TOWER DO BRASIL - CESSAO DE INFRAESTRUTURAS S.A.,Crédito Privado,Emissor de Dívida,Ativo,,,,,Emissor de Dívida / Securitizadora,AMERICAN TOWER DO BRASIL - CESSAO DE INFRAESTRUTURAS S.A. é emissora de títulos de crédito privado registrados na CVM.
00350763000162,00.350.763/0001-62,J&F INVESTIMENTOS S.A.,J&F INVESTIMENTOS S.A.,Crédito Privado,Emissor de Dívida,Ativo,,,,,Emissor de Dívida / Securitizadora,J&F INVESTIMENTOS S.A. é emissora de títulos de crédito privado registrados na CVM.
72860067000107,72.860.067/0001-07,VIADUTO SOLUCOES LOGISTICAS S.A.,VIADUTO SOLUCOES LOGISTICAS S.A.,Crédito Privado,Emissor de Dívida,Ativo,,,,,Emissor de Dívida / Securitizadora,VIADUTO SOLUCOES LOGISTICAS S.A. é emissora de títulos de crédito privado registrados na CVM.
31254315000199,31.254.315/0001-99,EST ENERGIA S.A.,EST ENERGIA S.A.,Crédito Privado,Emissor de Dívida,Ativo,,,,,Emissor de Dívida / Securitizadora,EST ENERGIA S.A. é emissora de títulos de crédito privado registrados na CVM.
22902694000195,22.902.694/0001-95,SELF IT ACADEMIAS HOLDING S.A.,SELF IT ACADEMIAS HOLDING S.A.,Crédito Privado,Emissor de Dívida,Ativo,,,,,Emissor de Dívida / Securitizadora,SELF IT ACADEMIAS HOLDING S.A. é emissora de títulos de crédito privado registrados na CVM.
57633782000113,57.633.782/0001-13,SOLUZ PARTICIPACOES S.A,SOLUZ PARTICIPACOES S.A,Crédito Privado,Emissor de Dívida,Ativo,,,,,Emissor de Dívida / Securitizadora,SOLUZ PARTICIPACOES S.A é emissora de títulos de crédito privado registrados na CVM.
37863454000104,37.863.454/0001-04,OAK HOLDING S.A.,OAK HOLDING S.A.,Crédito Privado,Emissor de Dívida,Ativo,,,,,Emissor de Dívida / Securitizadora,OAK HOLDING S.A. é emissora de títulos de crédito privado registrados na CVM.
48904104000157,48.904.104/0001-57,FARO ENERGY PROJETOS SOLARES HOLDING IV S.A.,FARO ENERGY PROJETOS SOLARES HOLDING IV S.A.,Crédito Privado,Emissor de Dívida,Ativo,https://faroenergy.com/,,,,Emissor de Dívida / Securitizadora,FARO ENERGY PROJETOS SOLARES HOLDING IV S.A. é emissora de títulos de crédito privado registrados na CVM.
48828154000100,48.828.154/0001-00,HCC PPP MS01 SANESUL SPE S.A,HCC PPP MS01 SANESUL SPE S.A,Crédito Privado,Emissor de Dívida,Ativo,,,,,Emissor de Dívida / Securitizadora,HCC PPP MS01 SANESUL SPE S.A é emissora de títulos de crédito privado registrados na CVM.
51137031000120,51.137.031/0001-20,EPR LITORAL PIONEIRO S.A.,EPR LITORAL PIONEIRO S.A.,Crédito Privado,Emissor de Dívida,Ativo,https://eprlpioneiro.com.br/,,,,Emissor de Dívida / Securitizadora,EPR LITORAL PIONEIRO S.A. é emissora de títulos de crédito privado registrados na CVM.
88610126000129,88.610.126/0001-29,FRAS-LE SA,FRAS-LE SA,Crédito Privado,Emissor de Dívida,Ativo,,,,,Emissor de Dívida / Securitizadora,FRAS-LE SA é emissora de títulos de crédito privado registrados na CVM.
14955141000172,14.955.141/0001-72,MULTIPLIKE SECURITIZADORA S/A,MULTIPLIKE SECURITIZADORA S/A,Crédito Privado,Emissor de Dívida,Ativo,,,,,Emissor de Dívida / Securitizadora,MULTIPLIKE SECURITIZADORA S/A é emissora de títulos de crédito privado registrados na CVM.
56226717000100,56.226.717/0001-00,CELESTE ENERGIA SOLAR PEDRA PRETA MT 002 SPE S/A,CELESTE ENERGIA SOLAR PEDRA PRETA MT 002 SPE S/A,Crédito Privado,Emissor de Dívida,Ativo,,,,,Emissor de Dívida / Securitizadora,CELESTE ENERGIA SOLAR PEDRA PRETA MT 002 SPE S/A é emissora de títulos de crédito privado registrados na CVM.
47435681000184,47.435.681/0001-84,FS INFRAESTRUTURA S.A.,FS INFRAESTRUTURA S.A.,Crédito Privado,Emissor de Dívida,Ativo,,,,,Emissor de Dívida / Securitizadora,FS INFRAESTRUTURA S.A. é emissora de títulos de crédito privado registrados na CVM.
06015859000150,06.015.859/0001-50,ATIAIA ENERGIA S A,ATIAIA ENERGIA S A,Crédito Privado,Emissor de Dívida,Ativo,https://www.atiaiarenovaveis.com.br,,,,Emissor de Dívida / Securitizadora,ATIAIA ENERGIA S A é emissora de títulos de crédito privado registrados na CVM.
00119633000113,00.119.633/0001-13,CPS CIA. DE PRODUCAO SUSTENTAVEL S.A.,CPS CIA. DE PRODUCAO SUSTENTAVEL S.A.,Crédito Privado,Emissor de Dívida,Ativo,,,,,Emissor de Dívida / Securitizadora,CPS CIA. DE PRODUCAO SUSTENTAVEL S.A. é emissora de títulos de crédito privado registrados na CVM.
49381686000105,49.381.686/0001-05,ATLAS BRASIL ENERGIA HOLDING 4 S.A,ATLAS BRASIL ENERGIA HOLDING 4 S.A,Crédito Privado,Emissor de Dívida,Ativo,,,,,Emissor de Dívida / Securitizadora,ATLAS BRASIL ENERGIA HOLDING 4 S.A é emissora de títulos de crédito privado registrados na CVM.
12648327000153,12.648.327/0001-53,HIDROVIAS DO BRASIL S.A.,HIDROVIAS DO BRASIL S.A.,Crédito Privado,Emissor de Dívida,Ativo,https://ri.hbsa.com.br/,,,,Emissor de Dívida / Securitizadora,HIDROVIAS DO BRASIL S.A. é emissora de títulos de crédito privado registrados na CVM.
58489142000144,58.489.142/0001-44,ROTA DA BR 262 MG S.A.,ROTA DA BR 262 MG S.A.,Crédito Privado,Emissor de Dívida,Ativo,,,,,Emissor de Dívida / Securitizadora,ROTA DA BR 262 MG S.A. é emissora de títulos de crédito privado registrados na CVM.
48569227000189,48.569.227/0001-89,VEGA SOLAR S.A,VEGA SOLAR S.A,Crédito Privado,Emissor de Dívida,Ativo,,,,,Emissor de Dívida / Securitizadora,VEGA SOLAR S.A é emissora de títulos de crédito privado registrados na CVM.
58425324000151,58.425.324/0001-51,AGUAS DO PIAUI SPE S.A.,AGUAS DO PIAUI SPE S.A.,Crédito Privado,Emissor de Dívida,Ativo,,,,,Emissor de Dívida / Securitizadora,AGUAS DO PIAUI SPE S.A. é emissora de títulos de crédito privado registrados na CVM.
07823262000103,07.823.262/0001-03,FOZ DO RIO CLARO ENERGIA S.A.,FOZ DO RIO CLARO ENERGIA S.A.,Crédito Privado,Emissor de Dívida,Ativo,,,,,Emissor de Dívida / Securitizadora,FOZ DO RIO CLARO ENERGIA S.A. é emissora de títulos de crédito privado registrados na CVM.
53732390000150,53.732.390/0001-50,SPE DOURADOS II ENERGIA S/A,SPE DOURADOS II ENERGIA S/A,Crédito Privado,Emissor de Dívida,Ativo,,,,,Emissor de Dívida / Securitizadora,SPE DOURADOS II ENERGIA S/A é emissora de títulos de crédito privado registrados na CVM.
58477844000108,58.477.844/0001-08,KANASTRA-2 COMPANHIA SECURITIZADORA DE CREDITOS FINANCEIROS,KANASTRA-2 COMPANHIA SECURITIZADORA DE CREDITOS FINANCEIROS,Crédito Privado,Emissor de Dívida,Ativo,,,,,Emissor de Dívida / Securitizadora,KANASTRA-2 COMPANHIA SECURITIZADORA DE CREDITOS FINANCEIROS é emissora de títulos de crédito privado registrados na CVM.
34840096000118,34.840.096/0001-18,TRSP - TERMINAL DE REGASEIFICACAO DE GNL DE SAO PAULO S.A,TRSP - TERMINAL DE REGASEIFICACAO DE GNL DE SAO PAULO S.A,Crédito Privado,Emissor de Dívida,Ativo,,,,,Emissor de Dívida / Securitizadora,TRSP - TERMINAL DE REGASEIFICACAO DE GNL DE SAO PAULO S.A é emissora de títulos de crédito privado registrados na CVM.
42278473000103,42.278.473/0001-03,WIZ CO PARTICIPACOES E CORRETAGEM DE SEGUROS S.A.,WIZ CO PARTICIPACOES E CORRETAGEM DE SEGUROS S.A.,Crédito Privado,Emissor de Dívida,Ativo,https://ri.wiz.co/,,,,Emissor de Dívida / Securitizadora,WIZ CO PARTICIPACOES E CORRETAGEM DE SEGUROS S.A. é emissora de títulos de crédito privado registrados na CVM.
58484141000107,58.484.141/0001-07,CONCESSIONARIA ROTA SOROCABANA SA,CONCESSIONARIA ROTA SOROCABANA SA,Crédito Privado,Emissor de Dívida,Ativo,https://rodovias.motiva.com.br/sorocabana/sobre/relacao-com-investidores/,,,,Emissor de Dívida / Securitizadora,CONCESSIONARIA ROTA SOROCABANA SA é emissora de títulos de crédito privado registrados na CVM.
48534024000157,48.534.024/0001-57,PRS AEROPORTOS S.A,PRS AEROPORTOS S.A,Crédito Privado,Emissor de Dívida,Ativo,,,,,Emissor de Dívida / Securitizadora,PRS AEROPORTOS S.A é emissora de títulos de crédito privado registrados na CVM.
39881421000104,39.881.421/0001-04,COMPANHIA ESTADUAL DE GERACAO DE ENERGIA ELETRICA - CEEE-G,COMPANHIA ESTADUAL DE GERACAO DE ENERGIA ELETRICA - CEEE-G,Crédito Privado,Emissor de Dívida,Ativo,,,,,Emissor de Dívida / Securitizadora,COMPANHIA ESTADUAL DE GERACAO DE ENERGIA ELETRICA - CEEE-G é emissora de títulos de crédito privado registrados na CVM.
48828134000121,48.828.134/0001-21,HCC PPP MS02 SEINFRA SPE S.A,HCC PPP MS02 SEINFRA SPE S.A,Crédito Privado,Emissor de Dívida,Ativo,,,,,Emissor de Dívida / Securitizadora,HCC PPP MS02 SEINFRA SPE S.A é emissora de títulos de crédito privado registrados na CVM.
01468594000122,01.468.594/0001-22,LG INFORMATICA S/A,LG INFORMATICA S/A,Crédito Privado,Emissor de Dívida,Ativo,https://www.lg.com.br/,,,,Emissor de Dívida / Securitizadora,LG INFORMATICA S/A é emissora de títulos de crédito privado registrados na CVM.
05380441000180,05.380.441/0001-80,BRK AMBIENTAL - MAUA S.A.,BRK AMBIENTAL - MAUA S.A.,Crédito Privado,Emissor de Dívida,Ativo,https://www.ri.brkambiental.com.br,,,,Emissor de Dívida / Securitizadora,BRK AMBIENTAL - MAUA S.A. é emissora de títulos de crédito privado registrados na CVM.
43514079000181,43.514.079/0001-81,CLI SUL S.A.,CLI SUL S.A.,Crédito Privado,Emissor de Dívida,Ativo,,,,,Emissor de Dívida / Securitizadora,CLI SUL S.A. é emissora de títulos de crédito privado registrados na CVM.
14863121000171,14.863.121/0001-71,LUZIANIA-NIQUELANDIA TRANSMISSORA S.A,LUZIANIA-NIQUELANDIA TRANSMISSORA S.A,Crédito Privado,Emissor de Dívida,Ativo,,,,,Emissor de Dívida / Securitizadora,LUZIANIA-NIQUELANDIA TRANSMISSORA S.A é emissora de títulos de crédito privado registrados na CVM.
62984091000102,62.984.091/0001-02,CRUZEIRO DO SUL EDUCACIONAL S.A.,CRUZEIRO DO SUL EDUCACIONAL S.A.,Crédito Privado,Emissor de Dívida,Ativo,https://www.cruzeirodosul.edu.br/,,,,Emissor de Dívida / Securitizadora,CRUZEIRO DO SUL EDUCACIONAL S.A. é emissora de títulos de crédito privado registrados na CVM.
13537735000109,13.537.735/0001-09,DELTA SUCROENERGIA S.A,DELTA SUCROENERGIA S.A,Crédito Privado,Emissor de Dívida,Ativo,,,,,Emissor de Dívida / Securitizadora,DELTA SUCROENERGIA S.A é emissora de títulos de crédito privado registrados na CVM.
34366520000134,34.366.520/0001-34,GDPAR SN PARTICIPACOES EM PROJETOS SOLARES S/A,GDPAR SN PARTICIPACOES EM PROJETOS SOLARES S/A,Crédito Privado,Emissor de Dívida,Ativo,,,,,Emissor de Dívida / Securitizadora,GDPAR SN PARTICIPACOES EM PROJETOS SOLARES S/A é emissora de títulos de crédito privado registrados na CVM.
08926302000105,08.926.302/0001-05,PRIO FORTE S.A.,PRIO FORTE S.A.,Crédito Privado,Emissor de Dívida,Ativo,,,,,Emissor de Dívida / Securitizadora,PRIO FORTE S.A. é emissora de títulos de crédito privado registrados na CVM.
07700557000184,07.700.557/0001-84,ERBE INCORPORADORA S.A.,ERBE INCORPORADORA S.A.,Crédito Privado,Emissor de Dívida,Ativo,,,,,Emissor de Dívida / Securitizadora,ERBE INCORPORADORA S.A. é emissora de títulos de crédito privado registrados na CVM.
14863079000199,14.863.079/0001-99,F.AB. ZONA OESTE S.A.,F.AB. ZONA OESTE S.A.,Crédito Privado,Emissor de Dívida,Ativo,,,,,Emissor de Dívida / Securitizadora,F.AB. ZONA OESTE S.A. é emissora de títulos de crédito privado registrados na CVM.
09367702000182,09.367.702/0001-82,COMPANHIA DE PARTICIPACOES EM CONCESSOES,COMPANHIA DE PARTICIPACOES EM CONCESSOES,Crédito Privado,Emissor de Dívida,Ativo,,,,,Emissor de Dívida / Securitizadora,COMPANHIA DE PARTICIPACOES EM CONCESSOES é emissora de títulos de crédito privado registrados na CVM.
08795211000170,08.795.211/0001-70,MAESTRO LOCADORA DE VEÍCULOS S.A.,MAESTRO LOCADORA DE VEÍCULOS S.A.,Crédito Privado,Emissor de Dívida,Ativo,https://ri.maestrofrotas.com.br/,,,,Emissor de Dívida / Securitizadora,MAESTRO LOCADORA DE VEÍCULOS S.A. é emissora de títulos de crédito privado registrados na CVM.
12817681000164,12.817.681/0001-64,ODONTOCOMPANY FRANCHISING S.A.,ODONTOCOMPANY FRANCHISING S.A.,Crédito Privado,Emissor de Dívida,Ativo,,,,,Emissor de Dívida / Securitizadora,ODONTOCOMPANY FRANCHISING S.A. é emissora de títulos de crédito privado registrados na CVM.
58607200000197,58.607.200/0001-97,CONCESSIONARIA ECOVIAS RAPOSO-CASTELO S.A,CONCESSIONARIA ECOVIAS RAPOSO-CASTELO S.A,Crédito Privado,Emissor de Dívida,Ativo,,,,,Emissor de Dívida / Securitizadora,CONCESSIONARIA ECOVIAS RAPOSO-CASTELO S.A é emissora de títulos de crédito privado registrados na CVM.
49732175000182,49.732.175/0001-82,ESTOK COMERCIO E REPRESENTACOES S.A.,ESTOK COMERCIO E REPRESENTACOES S.A.,Crédito Privado,Emissor de Dívida,Ativo,,,,,Emissor de Dívida / Securitizadora,ESTOK COMERCIO E REPRESENTACOES S.A. é emissora de títulos de crédito privado registrados na CVM.
44140908000176,44.140.908/0001-76,Concessionaria do Aeroporto da Pampulha S.A.,Concessionaria do Aeroporto da Pampulha S.A.,Crédito Privado,Emissor de Dívida,Ativo,,,,,Emissor de Dívida / Securitizadora,Concessionaria do Aeroporto da Pampulha S.A. é emissora de títulos de crédito privado registrados na CVM.
14414973000181,14.414.973/0001-81,CETREL S.A.,CETREL S.A.,Crédito Privado,Emissor de Dívida,Ativo,,,,,Emissor de Dívida / Securitizadora,CETREL S.A. é emissora de títulos de crédito privado registrados na CVM.
06981176000158,06.981.176/0001-58,CEMIG GERAÇÃO E TRANSMISSÃO S/A,CEMIG GERAÇÃO E TRANSMISSÃO S/A,Crédito Privado,Emissor de Dívida,Ativo,http://ri.cemig.com.br,,,,Emissor de Dívida / Securitizadora,CEMIG GERAÇÃO E TRANSMISSÃO S/A é emissora de títulos de crédito privado registrados na CVM.
03307926000112,03.307.926/0001-12,BRADO LOGISTICA S.A.,BRADO LOGISTICA S.A.,Crédito Privado,Emissor de Dívida,Ativo,,,,,Emissor de Dívida / Securitizadora,BRADO LOGISTICA S.A. é emissora de títulos de crédito privado registrados na CVM.
59196897000113,59.196.897/0001-13,CONCESSIONARIA DE RODOVIAS PRVIAS S.A.,CONCESSIONARIA DE RODOVIAS PRVIAS S.A.,Crédito Privado,Emissor de Dívida,Ativo,,,,,Emissor de Dívida / Securitizadora,CONCESSIONARIA DE RODOVIAS PRVIAS S.A. é emissora de títulos de crédito privado registrados na CVM.
60884855000154,60.884.855/0001-54,IMPAR SERVICOS HOSPITALARES S/A,IMPAR SERVICOS HOSPITALARES S/A,Crédito Privado,Emissor de Dívida,Ativo,,,,,Emissor de Dívida / Securitizadora,IMPAR SERVICOS HOSPITALARES S/A é emissora de títulos de crédito privado registrados na CVM.
13783221000478,13.783.221/0004-78,MADERO INDÚSTRIA E COMÉRCIO S.A.,MADERO INDÚSTRIA E COMÉRCIO S.A.,Crédito Privado,Emissor de Dívida,Ativo,https://ri.grupomadero.com.br/,,,,Emissor de Dívida / Securitizadora,MADERO INDÚSTRIA E COMÉRCIO S.A. é emissora de títulos de crédito privado registrados na CVM.
59078946000113,59.078.946/0001-13,KANASTRA-3 COMPANHIA SECURITIZADORA DE CREDITOS FINANCEIROS,KANASTRA-3 COMPANHIA SECURITIZADORA DE CREDITOS FINANCEIROS,Crédito Privado,Emissor de Dívida,Ativo,,,,,Emissor de Dívida / Securitizadora,KANASTRA-3 COMPANHIA SECURITIZADORA DE CREDITOS FINANCEIROS é emissora de títulos de crédito privado registrados na CVM.
18174270000184,18.174.270/0001-84,DOTZ S.A.,DOTZ S.A.,Crédito Privado,Emissor de Dívida,Ativo,,,,,Emissor de Dívida / Securitizadora,DOTZ S.A. é emissora de títulos de crédito privado registrados na CVM.
58056076000119,58.056.076/0001-19,EPR 4 PARTICIPACOES S.A.,EPR 4 PARTICIPACOES S.A.,Crédito Privado,Emissor de Dívida,Ativo,,,,,Emissor de Dívida / Securitizadora,EPR 4 PARTICIPACOES S.A. é emissora de títulos de crédito privado registrados na CVM.
07802794000156,07.802.794/0001-56,ESSENTIA PCHS S.A.,ESSENTIA PCHS S.A.,Crédito Privado,Emissor de Dívida,Ativo,https://ri.essentiaenergia.com.br/,,,,Emissor de Dívida / Securitizadora,ESSENTIA PCHS S.A. é emissora de títulos de crédito privado registrados na CVM.
18593815000197,18.593.815/0001-97,PRINER SERVIÇOS INDUSTRIAIS S.A.,PRINER SERVIÇOS INDUSTRIAIS S.A.,Crédito Privado,Emissor de Dívida,Ativo,https://ri.priner.com.br/,,,,Emissor de Dívida / Securitizadora,PRINER SERVIÇOS INDUSTRIAIS S.A. é emissora de títulos de crédito privado registrados na CVM.
40062073000122,40.062.073/0001-22,RZK SOLAR 07 S.A,RZK SOLAR 07 S.A,Crédito Privado,Emissor de Dívida,Ativo,,,,,Emissor de Dívida / Securitizadora,RZK SOLAR 07 S.A é emissora de títulos de crédito privado registrados na CVM.
50513730000164,50.513.730/0001-64,USINA BROMELIA SPE S.A.,USINA BROMELIA SPE S.A.,Crédito Privado,Emissor de Dívida,Ativo,,,,,Emissor de Dívida / Securitizadora,USINA BROMELIA SPE S.A. é emissora de títulos de crédito privado registrados na CVM.
42500384000151,42.500.384/0001-51,SERENA ENERGIA S.A.,SERENA ENERGIA S.A.,Crédito Privado,Emissor de Dívida,Ativo,https://ri.srna.co/,,,,Emissor de Dívida / Securitizadora,SERENA ENERGIA S.A. é emissora de títulos de crédito privado registrados na CVM.
10531501000158,10.531.501/0001-58,CONCESSIONARIA AUTO RAPOSO TAVARES SA-CART,CONCESSIONARIA AUTO RAPOSO TAVARES SA-CART,Crédito Privado,Emissor de Dívida,Ativo,https://ri.cartsp.com.br/,,,,Emissor de Dívida / Securitizadora,CONCESSIONARIA AUTO RAPOSO TAVARES SA-CART é emissora de títulos de crédito privado registrados na CVM.
05316470000182,05.316.470/0001-82,CRISTALCOPO S/A,CRISTALCOPO S/A,Crédito Privado,Emissor de Dívida,Ativo,,,,,Emissor de Dívida / Securitizadora,CRISTALCOPO S/A é emissora de títulos de crédito privado registrados na CVM.
16590234000176,16.590.234/0001-76,AZZAS 2154 S.A.,AZZAS 2154 S.A.,Crédito Privado,Emissor de Dívida,Ativo,https://ri.azzas2154.com.br/,,,,Emissor de Dívida / Securitizadora,AZZAS 2154 S.A. é emissora de títulos de crédito privado registrados na CVM.
57895213000146,57.895.213/0001-46,PONTAL 2 GERACAO DE ENERGIA E PARTICIPACOES S.A.,PONTAL 2 GERACAO DE ENERGIA E PARTICIPACOES S.A.,Crédito Privado,Emissor de Dívida,Ativo,https://www.pontalenergy.com/,,,,Emissor de Dívida / Securitizadora,PONTAL 2 GERACAO DE ENERGIA E PARTICIPACOES S.A. é emissora de títulos de crédito privado registrados na CVM.
54880764000148,54.880.764/0001-48,TPC - TRANSMISSORA PARAISO DO CAFE S.A.,TPC - TRANSMISSORA PARAISO DO CAFE S.A.,Crédito Privado,Emissor de Dívida,Ativo,,,,,Emissor de Dívida / Securitizadora,TPC - TRANSMISSORA PARAISO DO CAFE S.A. é emissora de títulos de crédito privado registrados na CVM.
04847144000139,04.847.144/0001-39,CUIABA ESPORTE CLUBE - SOCIEDADE ANONIMA DO FUTEBOL,CUIABA ESPORTE CLUBE - SOCIEDADE ANONIMA DO FUTEBOL,Crédito Privado,Emissor de Dívida,Ativo,https://cuiabaesporteclube.com.br,,,,Emissor de Dívida / Securitizadora,CUIABA ESPORTE CLUBE - SOCIEDADE ANONIMA DO FUTEBOL é emissora de títulos de crédito privado registrados na CVM.
59115685000164,59.115.685/0001-64,TUPI ENERGIAS RENOVAVEIS S.A.,TUPI ENERGIAS RENOVAVEIS S.A.,Crédito Privado,Emissor de Dívida,Ativo,,,,,Emissor de Dívida / Securitizadora,TUPI ENERGIAS RENOVAVEIS S.A. é emissora de títulos de crédito privado registrados na CVM.
44601637000109,44.601.637/0001-09,GDS SUBHOLDING S.A.,GDS SUBHOLDING S.A.,Crédito Privado,Emissor de Dívida,Ativo,,,,,Emissor de Dívida / Securitizadora,GDS SUBHOLDING S.A. é emissora de títulos de crédito privado registrados na CVM.
08422119000164,08.422.119/0001-64,BULLLA INSTITUICAO DE PAGAMENTO SA,BULLLA INSTITUICAO DE PAGAMENTO SA,Crédito Privado,Emissor de Dívida,Ativo,,,,,Emissor de Dívida / Securitizadora,BULLLA INSTITUICAO DE PAGAMENTO SA é emissora de títulos de crédito privado registrados na CVM.
60329174000124,60.329.174/0001-24,USINA ACUCAREIRA S. MANOEL S/A.,USINA ACUCAREIRA S. MANOEL S/A.,Crédito Privado,Emissor de Dívida,Ativo,,,,,Emissor de Dívida / Securitizadora,USINA ACUCAREIRA S. MANOEL S/A. é emissora de títulos de crédito privado registrados na CVM.
07322382000119,07.322.382/0001-19,BE8 S.A.,BE8 S.A.,Crédito Privado,Emissor de Dívida,Ativo,,,,,Emissor de Dívida / Securitizadora,BE8 S.A. é emissora de títulos de crédito privado registrados na CVM.
37663076000107,37.663.076/0001-07,AUREN PARTICIPACOES S.A.,AUREN PARTICIPACOES S.A.,Crédito Privado,Emissor de Dívida,Ativo,,,,,Emissor de Dívida / Securitizadora,AUREN PARTICIPACOES S.A. é emissora de títulos de crédito privado registrados na CVM.
88676127000176,88.676.127/0001-76,OLEOPLAN S.A. OLEOS VEGETAIS PLANALTO,OLEOPLAN S.A. OLEOS VEGETAIS PLANALTO,Crédito Privado,Emissor de Dívida,Ativo,,,,,Emissor de Dívida / Securitizadora,OLEOPLAN S.A. OLEOS VEGETAIS PLANALTO é emissora de títulos de crédito privado registrados na CVM.
53462483000102,53.462.483/0001-02,360 ENERGY SOLAR BRASIL S.A.,360 ENERGY SOLAR BRASIL S.A.,Crédito Privado,Emissor de Dívida,Ativo,,,,,Emissor de Dívida / Securitizadora,360 ENERGY SOLAR BRASIL S.A. é emissora de títulos de crédito privado registrados na CVM.
58056046000102,58.056.046/0001-02,EPR IGUACU S.A.,EPR IGUACU S.A.,Crédito Privado,Emissor de Dívida,Ativo,,,,,Emissor de Dívida / Securitizadora,EPR IGUACU S.A. é emissora de títulos de crédito privado registrados na CVM.
46737411000165,46.737.411/0001-65,FORTEPAR OPERACOES PORTUARIAS SA,FORTEPAR OPERACOES PORTUARIAS SA,Crédito Privado,Emissor de Dívida,Ativo,,,,,Emissor de Dívida / Securitizadora,FORTEPAR OPERACOES PORTUARIAS SA é emissora de títulos de crédito privado registrados na CVM.
42063007000100,42.063.007/0001-00,Economia Circular Participações S.A.,Economia Circular Participações S.A.,Crédito Privado,Emissor de Dívida,Ativo,,,,,Emissor de Dívida / Securitizadora,Economia Circular Participações S.A. é emissora de títulos de crédito privado registrados na CVM.
41750028000123,41.750.028/0001-23,AUTOGERACAO SOLAR SPE S.A.,AUTOGERACAO SOLAR SPE S.A.,Crédito Privado,Emissor de Dívida,Ativo,,,,,Emissor de Dívida / Securitizadora,AUTOGERACAO SOLAR SPE S.A. é emissora de títulos de crédito privado registrados na CVM.
02041460000193,02.041.460/0001-93,V. TAL - REDE NEUTRA DE TELECOMUNICACOES S.A.,V. TAL - REDE NEUTRA DE TELECOMUNICACOES S.A.,Crédito Privado,Emissor de Dívida,Ativo,https://www.ri.vtal.com/,,,,Emissor de Dívida / Securitizadora,V. TAL - REDE NEUTRA DE TELECOMUNICACOES S.A. é emissora de títulos de crédito privado registrados na CVM.
46568486000160,46.568.486/0001-60,QUANTUM MANTIQUEIRA PARTICIPACOES S.A.,QUANTUM MANTIQUEIRA PARTICIPACOES S.A.,Crédito Privado,Emissor de Dívida,Ativo,,,,,Emissor de Dívida / Securitizadora,QUANTUM MANTIQUEIRA PARTICIPACOES S.A. é emissora de títulos de crédito privado registrados na CVM.
57783709000128,57.783.709/0001-28,EDGE EMPREENDIMENTOS E PARTICIPACOES S.A.,EDGE EMPREENDIMENTOS E PARTICIPACOES S.A.,Crédito Privado,Emissor de Dívida,Ativo,https://hrztransmissoras.com.br,,,,Emissor de Dívida / Securitizadora,EDGE EMPREENDIMENTOS E PARTICIPACOES S.A. é emissora de títulos de crédito privado registrados na CVM.
56943240000184,56.943.240/0001-84,FLAVOR HOLDINGS S.A,FLAVOR HOLDINGS S.A,Crédito Privado,Emissor de Dívida,Ativo,,,,,Emissor de Dívida / Securitizadora,FLAVOR HOLDINGS S.A é emissora de títulos de crédito privado registrados na CVM.
59270301000188,59.270.301/0001-88,SOL MICRO SUSTENTAVEL HOLDING S.A.,SOL MICRO SUSTENTAVEL HOLDING S.A.,Crédito Privado,Emissor de Dívida,Ativo,,,,,Emissor de Dívida / Securitizadora,SOL MICRO SUSTENTAVEL HOLDING S.A. é emissora de títulos de crédito privado registrados na CVM.
59924319000156,59.924.319/0001-56,NEO SOLAR PARTICIPACOES S.A,NEO SOLAR PARTICIPACOES S.A,Crédito Privado,Emissor de Dívida,Ativo,,,,,Emissor de Dívida / Securitizadora,NEO SOLAR PARTICIPACOES S.A é emissora de títulos de crédito privado registrados na CVM.
26664057000189,26.664.057/0001-89,ENTREVIAS CONCESSIONARIA DE RODOVIAS S.A.,ENTREVIAS CONCESSIONARIA DE RODOVIAS S.A.,Crédito Privado,Emissor de Dívida,Ativo,https://entrevias.com.br/,,,,Emissor de Dívida / Securitizadora,ENTREVIAS CONCESSIONARIA DE RODOVIAS S.A. é emissora de títulos de crédito privado registrados na CVM.
57842324000194,57.842.324/0001-94,ODR HEALTH SPE S.A.,ODR HEALTH SPE S.A.,Crédito Privado,Emissor de Dívida,Ativo,https://opyhealth.com.br/,,,,Emissor de Dívida / Securitizadora,ODR HEALTH SPE S.A. é emissora de títulos de crédito privado registrados na CVM.
55223127000242,55.223.127/0002-42,BEBIDAS POTY S.A.,BEBIDAS POTY S.A.,Crédito Privado,Emissor de Dívida,Ativo,,,,,Emissor de Dívida / Securitizadora,BEBIDAS POTY S.A. é emissora de títulos de crédito privado registrados na CVM.
53191447000151,53.191.447/0001-51,GRANDE SERTAO I TRANSMISSORA DE ENERGIA S/A.,GRANDE SERTAO I TRANSMISSORA DE ENERGIA S/A.,Crédito Privado,Emissor de Dívida,Ativo,,,,,Emissor de Dívida / Securitizadora,GRANDE SERTAO I TRANSMISSORA DE ENERGIA S/A. é emissora de títulos de crédito privado registrados na CVM.
50232311000154,50.232.311/0001-54,GRANDE SERTAO II TRANSMISSORA DE ENERGIA S/A,GRANDE SERTAO II TRANSMISSORA DE ENERGIA S/A,Crédito Privado,Emissor de Dívida,Ativo,,,,,Emissor de Dívida / Securitizadora,GRANDE SERTAO II TRANSMISSORA DE ENERGIA S/A é emissora de títulos de crédito privado registrados na CVM.
48400777000170,48.400.777/0001-70,GRANDE SERTAO III TRANSMISSORA DE ENERGIA S/A.,GRANDE SERTAO III TRANSMISSORA DE ENERGIA S/A.,Crédito Privado,Emissor de Dívida,Ativo,,,,,Emissor de Dívida / Securitizadora,GRANDE SERTAO III TRANSMISSORA DE ENERGIA S/A. é emissora de títulos de crédito privado registrados na CVM.
58716461000145,58.716.461/0001-45,AEDIFICA OESTE SP SPE S.A.,AEDIFICA OESTE SP SPE S.A.,Crédito Privado,Emissor de Dívida,Ativo,https://aedificainfra.com.br/,,,,Emissor de Dívida / Securitizadora,AEDIFICA OESTE SP SPE S.A. é emissora de títulos de crédito privado registrados na CVM.
04601397000128,04.601.397/0001-28,BRISANET SERVIÇOS DE TELECOMUNICAÇÕES S.A.,BRISANET SERVIÇOS DE TELECOMUNICAÇÕES S.A.,Crédito Privado,Emissor de Dívida,Ativo,,,,,Emissor de Dívida / Securitizadora,BRISANET SERVIÇOS DE TELECOMUNICAÇÕES S.A. é emissora de títulos de crédito privado registrados na CVM.
53262367000140,53.262.367/0001-40,OSAKA PARTICIPACOES SOCIETARIAS SA,OSAKA PARTICIPACOES SOCIETARIAS SA,Crédito Privado,Emissor de Dívida,Ativo,,,,,Emissor de Dívida / Securitizadora,OSAKA PARTICIPACOES SOCIETARIAS SA é emissora de títulos de crédito privado registrados na CVM.
23236821000127,23.236.821/0001-27,PATRIMAR ENGENHARIA S.A.,PATRIMAR ENGENHARIA S.A.,Crédito Privado,Emissor de Dívida,Ativo,https://ri.patrimar.com.br/default.aspx,,,,Emissor de Dívida / Securitizadora,PATRIMAR ENGENHARIA S.A. é emissora de títulos de crédito privado registrados na CVM.
46064087000161,46.064.087/0001-61,BPG GLORIA EMPREENDIMENTOS E PARTICIPACOES S.A.,BPG GLORIA EMPREENDIMENTOS E PARTICIPACOES S.A.,Crédito Privado,Emissor de Dívida,Ativo,,,,,Emissor de Dívida / Securitizadora,BPG GLORIA EMPREENDIMENTOS E PARTICIPACOES S.A. é emissora de títulos de crédito privado registrados na CVM.
01317277000105,01.317.277/0001-05,ITAPOA TERMINAIS PORTUARIOS S/A,ITAPOA TERMINAIS PORTUARIOS S/A,Crédito Privado,Emissor de Dívida,Ativo,,,,,Emissor de Dívida / Securitizadora,ITAPOA TERMINAIS PORTUARIOS S/A é emissora de títulos de crédito privado registrados na CVM.
50117483000187,50.117.483/0001-87,AXS ENERGIA UNIDADE 11 S.A,AXS ENERGIA UNIDADE 11 S.A,Crédito Privado,Emissor de Dívida,Ativo,,,,,Emissor de Dívida / Securitizadora,AXS ENERGIA UNIDADE 11 S.A é emissora de títulos de crédito privado registrados na CVM.
17159229000176,17.159.229/0001-76,LABORATÓRIO TEUTO BRASILEIRO S.A.,LABORATÓRIO TEUTO BRASILEIRO S.A.,Crédito Privado,Emissor de Dívida,Ativo,https://ri.teuto.com.br/,,,,Emissor de Dívida / Securitizadora,LABORATÓRIO TEUTO BRASILEIRO S.A. é emissora de títulos de crédito privado registrados na CVM.
61695227000193,61.695.227/0001-93,ELETROPAULO METROP. ELET. SAO PAULO S.A.,ELETROPAULO METROP. ELET. SAO PAULO S.A.,Crédito Privado,Emissor de Dívida,Ativo,https://ri.enel.com/,,,,Emissor de Dívida / Securitizadora,ELETROPAULO METROP. ELET. SAO PAULO S.A. é emissora de títulos de crédito privado registrados na CVM.
88610191000154,88.610.191/0001-54,MUNDIAL S.A - PRODUTOS DE CONSUMO,MUNDIAL S.A - PRODUTOS DE CONSUMO,Crédito Privado,Emissor de Dívida,Ativo,https://www.mundial.com,,,,Emissor de Dívida / Securitizadora,MUNDIAL S.A - PRODUTOS DE CONSUMO é emissora de títulos de crédito privado registrados na CVM.
55934077000120,55.934.077/0001-20,VERMELHA DO NORTE PARTICIPACOES S.A.,VERMELHA DO NORTE PARTICIPACOES S.A.,Crédito Privado,Emissor de Dívida,Ativo,,,,,Emissor de Dívida / Securitizadora,VERMELHA DO NORTE PARTICIPACOES S.A. é emissora de títulos de crédito privado registrados na CVM.
50399553000137,50.399.553/0001-37,CONCESSIONARIA RODOANEL NORTE SPE S.A.,CONCESSIONARIA RODOANEL NORTE SPE S.A.,Crédito Privado,Emissor de Dívida,Ativo,https://ri.viaappia.com.br/,,,,Emissor de Dívida / Securitizadora,CONCESSIONARIA RODOANEL NORTE SPE S.A. é emissora de títulos de crédito privado registrados na CVM.
17022762000191,17.022.762/0001-91,JAPARATINGA RESORT S.A.,JAPARATINGA RESORT S.A.,Crédito Privado,Emissor de Dívida,Ativo,https://amarantehoteis.com.br/,,,,Emissor de Dívida / Securitizadora,JAPARATINGA RESORT S.A. é emissora de títulos de crédito privado registrados na CVM.
55622937000190,55.622.937/0001-90,VICTORY EMPREENDIMENTOS E PARTICIPACOES S.A,VICTORY EMPREENDIMENTOS E PARTICIPACOES S.A,Crédito Privado,Emissor de Dívida,Ativo,https://hrztransmissoras.com.br,,,,Emissor de Dívida / Securitizadora,VICTORY EMPREENDIMENTOS E PARTICIPACOES S.A é emissora de títulos de crédito privado registrados na CVM.
54175000000151,54.175.000/0001-51,SPE NEW SUNRIGHT ENERGIA SOLAR S.A.,SPE NEW SUNRIGHT ENERGIA SOLAR S.A.,Crédito Privado,Emissor de Dívida,Ativo,https://newsun.energy/,,,,Emissor de Dívida / Securitizadora,SPE NEW SUNRIGHT ENERGIA SOLAR S.A. é emissora de títulos de crédito privado registrados na CVM.
10242524000142,10.242.524/0001-42,PEDRAS TRANSMISSORA DE ENERGIA S/A,PEDRAS TRANSMISSORA DE ENERGIA S/A,Crédito Privado,Emissor de Dívida,Ativo,,,,,Emissor de Dívida / Securitizadora,PEDRAS TRANSMISSORA DE ENERGIA S/A é emissora de títulos de crédito privado registrados na CVM.
26707830000147,26.707.830/0001-47,INTERLIGACAO ELETRICA AIMORES S.A,INTERLIGACAO ELETRICA AIMORES S.A,Crédito Privado,Emissor de Dívida,Ativo,,,,,Emissor de Dívida / Securitizadora,INTERLIGACAO ELETRICA AIMORES S.A é emissora de títulos de crédito privado registrados na CVM.
26712591000113,26.712.591/0001-13,INTERLIGACAO ELETRICA PARAGUACU S.A,INTERLIGACAO ELETRICA PARAGUACU S.A,Crédito Privado,Emissor de Dívida,Ativo,,,,,Emissor de Dívida / Securitizadora,INTERLIGACAO ELETRICA PARAGUACU S.A é emissora de títulos de crédito privado registrados na CVM.
07520438000140,07.520.438/0001-40,RODOIL DISTRIBUIDORA DE COMBUSTIVEIS S.A.,RODOIL DISTRIBUIDORA DE COMBUSTIVEIS S.A.,Crédito Privado,Emissor de Dívida,Ativo,,,,,Emissor de Dívida / Securitizadora,RODOIL DISTRIBUIDORA DE COMBUSTIVEIS S.A. é emissora de títulos de crédito privado registrados na CVM.
60408635000154,60.408.635/0001-54,REGERA GRID HOLDING S.A.,REGERA GRID HOLDING S.A.,Crédito Privado,Emissor de Dívida,Ativo,,,,,Emissor de Dívida / Securitizadora,REGERA GRID HOLDING S.A. é emissora de títulos de crédito privado registrados na CVM.
33000167000101,33.000.167/0001-01,PETRÓLEO BRASILEIRO  S.A.  - PETROBRAS,PETRÓLEO BRASILEIRO  S.A.  - PETROBRAS,Crédito Privado,Emissor de Dívida,Ativo,,,,,Emissor de Dívida / Securitizadora,PETRÓLEO BRASILEIRO  S.A.  - PETROBRAS é emissora de títulos de crédito privado registrados na CVM.
61067161000197,61.067.161/0001-97,NADIR FIGUEIREDO S.A.,NADIR FIGUEIREDO S.A.,Crédito Privado,Emissor de Dívida,Ativo,,,,,Emissor de Dívida / Securitizadora,NADIR FIGUEIREDO S.A. é emissora de títulos de crédito privado registrados na CVM.
60869336000117,60.869.336/0001-17,CSN CIMENTOS BRASIL S.A.,CSN CIMENTOS BRASIL S.A.,Crédito Privado,Emissor de Dívida,Ativo,,,,,Emissor de Dívida / Securitizadora,CSN CIMENTOS BRASIL S.A. é emissora de títulos de crédito privado registrados na CVM.
33337122000127,33.337.122/0001-27,IPIRANGA PRODUTOS DE PETROLEO S.A.,IPIRANGA PRODUTOS DE PETROLEO S.A.,Crédito Privado,Emissor de Dívida,Ativo,,,,,Emissor de Dívida / Securitizadora,IPIRANGA PRODUTOS DE PETROLEO S.A. é emissora de títulos de crédito privado registrados na CVM.
19729992000110,19.729.992/0001-10,VERDE 08 ENERGIA S.A.,VERDE 08 ENERGIA S.A.,Crédito Privado,Emissor de Dívida,Ativo,,,,,Emissor de Dívida / Securitizadora,VERDE 08 ENERGIA S.A. é emissora de títulos de crédito privado registrados na CVM.
06293753000119,06.293.753/0001-19,OPTIPAR PARTICIPACOES S. A.,OPTIPAR PARTICIPACOES S. A.,Crédito Privado,Emissor de Dívida,Ativo,,,,,Emissor de Dívida / Securitizadora,OPTIPAR PARTICIPACOES S. A. é emissora de títulos de crédito privado registrados na CVM.
44493502000177,44.493.502/0001-77,MARANGATU HOLDING S.A.,MARANGATU HOLDING S.A.,Crédito Privado,Emissor de Dívida,Ativo,,,,,Emissor de Dívida / Securitizadora,MARANGATU HOLDING S.A. é emissora de títulos de crédito privado registrados na CVM.
44507274000147,44.507.274/0001-47,PANATI HOLDING S.A.,PANATI HOLDING S.A.,Crédito Privado,Emissor de Dívida,Ativo,,,,,Emissor de Dívida / Securitizadora,PANATI HOLDING S.A. é emissora de títulos de crédito privado registrados na CVM.
50513224000175,50.513.224/0001-75,"THOPEN SOLAR 12 SPE S.A,","THOPEN SOLAR 12 SPE S.A,",Crédito Privado,Emissor de Dívida,Ativo,,,,,Emissor de Dívida / Securitizadora,"THOPEN SOLAR 12 SPE S.A, é emissora de títulos de crédito privado registrados na CVM."
52682136000122,52.682.136/0001-22,HAKONE PARTICIPACOES SOCIETARIAS SA,HAKONE PARTICIPACOES SOCIETARIAS SA,Crédito Privado,Emissor de Dívida,Ativo,,,,,Emissor de Dívida / Securitizadora,HAKONE PARTICIPACOES SOCIETARIAS SA é emissora de títulos de crédito privado registrados na CVM.
44507288000160,44.507.288/0001-60,INFRAESTRUTURA BRASIL HOLDING XVII S.A,INFRAESTRUTURA BRASIL HOLDING XVII S.A,Crédito Privado,Emissor de Dívida,Ativo,,,,,Emissor de Dívida / Securitizadora,INFRAESTRUTURA BRASIL HOLDING XVII S.A é emissora de títulos de crédito privado registrados na CVM.
10319371000194,10.319.371/0001-94,EBTE - EMPRESA BRASILEIRA DE TRANSMISSAO DE ENERGIA S.A.,EBTE - EMPRESA BRASILEIRA DE TRANSMISSAO DE ENERGIA S.A.,Crédito Privado,Emissor de Dívida,Ativo,,,,,Emissor de Dívida / Securitizadora,EBTE - EMPRESA BRASILEIRA DE TRANSMISSAO DE ENERGIA S.A. é emissora de títulos de crédito privado registrados na CVM.
61067901000195,61.067.901/0001-95,AGUAS DO PARA A SPE S.A.,AGUAS DO PARA A SPE S.A.,Crédito Privado,Emissor de Dívida,Ativo,,,,,Emissor de Dívida / Securitizadora,AGUAS DO PARA A SPE S.A. é emissora de títulos de crédito privado registrados na CVM.
23398115000181,23.398.115/0001-81,NOVA MARINAS S.A.,NOVA MARINAS S.A.,Crédito Privado,Emissor de Dívida,Ativo,,,,,Emissor de Dívida / Securitizadora,NOVA MARINAS S.A. é emissora de títulos de crédito privado registrados na CVM.
61067902000130,61.067.902/0001-30,AGUAS DO PARA B SPE S.A.,AGUAS DO PARA B SPE S.A.,Crédito Privado,Emissor de Dívida,Ativo,,,,,Emissor de Dívida / Securitizadora,AGUAS DO PARA B SPE S.A. é emissora de títulos de crédito privado registrados na CVM.
61067904000129,61.067.904/0001-29,AGUAS DO PARA D SPE S.A.,AGUAS DO PARA D SPE S.A.,Crédito Privado,Emissor de Dívida,Ativo,,,,,Emissor de Dívida / Securitizadora,AGUAS DO PARA D SPE S.A. é emissora de títulos de crédito privado registrados na CVM.
49408882000118,49.408.882/0001-18,THOPEN SOLAR 10 S.A.,THOPEN SOLAR 10 S.A.,Crédito Privado,Emissor de Dívida,Ativo,,,,,Emissor de Dívida / Securitizadora,THOPEN SOLAR 10 S.A. é emissora de títulos de crédito privado registrados na CVM.
53172300000114,53.172.300/0001-14,USINA SAO JOSE DA ESTIVA SA ACUCAR E ALCOOL,USINA SAO JOSE DA ESTIVA SA ACUCAR E ALCOOL,Crédito Privado,Emissor de Dívida,Ativo,,,,,Emissor de Dívida / Securitizadora,USINA SAO JOSE DA ESTIVA SA ACUCAR E ALCOOL é emissora de títulos de crédito privado registrados na CVM.
06626253000151,06.626.253/0001-51,EMPREENDIMENTOS PAGUE MENOS SA,EMPREENDIMENTOS PAGUE MENOS SA,Crédito Privado,Emissor de Dívida,Ativo,https://ri.paguemenos.com.br/,,,,Emissor de Dívida / Securitizadora,EMPREENDIMENTOS PAGUE MENOS SA é emissora de títulos de crédito privado registrados na CVM.
39916142000139,39.916.142/0001-39,UHE Juruena Ltda,UHE Juruena Ltda,Crédito Privado,Emissor de Dívida,Ativo,,,,,Emissor de Dívida / Securitizadora,UHE Juruena Ltda é emissora de títulos de crédito privado registrados na CVM.
03798096000173,03.798.096/0001-73,AGEO TERMINAIS E ARMAZENS GERAIS S.A,AGEO TERMINAIS E ARMAZENS GERAIS S.A,Crédito Privado,Emissor de Dívida,Ativo,,,,,Emissor de Dívida / Securitizadora,AGEO TERMINAIS E ARMAZENS GERAIS S.A é emissora de títulos de crédito privado registrados na CVM.
47291565000139,47.291.565/0001-39,FARMAX DISTRIBUIDORA S.A,FARMAX DISTRIBUIDORA S.A,Crédito Privado,Emissor de Dívida,Ativo,,,,,Emissor de Dívida / Securitizadora,FARMAX DISTRIBUIDORA S.A é emissora de títulos de crédito privado registrados na CVM.
58315021000186,58.315.021/0001-86,ATHON GERACAO DISTRIBUIDA VI S.A.,ATHON GERACAO DISTRIBUIDA VI S.A.,Crédito Privado,Emissor de Dívida,Ativo,,,,,Emissor de Dívida / Securitizadora,ATHON GERACAO DISTRIBUIDA VI S.A. é emissora de títulos de crédito privado registrados na CVM.
03670763000138,03.670.763/0001-38,OMNI TAXI AEREO S/A,OMNI TAXI AEREO S/A,Crédito Privado,Emissor de Dívida,Ativo,,,,,Emissor de Dívida / Securitizadora,OMNI TAXI AEREO S/A é emissora de títulos de crédito privado registrados na CVM.
46710597000169,46.710.597/0001-69,FS I INDUSTRIA DE ETANOL S.A,FS I INDUSTRIA DE ETANOL S.A,Crédito Privado,Emissor de Dívida,Ativo,,,,,Emissor de Dívida / Securitizadora,FS I INDUSTRIA DE ETANOL S.A é emissora de títulos de crédito privado registrados na CVM.
54575033000199,54.575.033/0001-99,VIRTU GNL PARTICIPACOES SA,VIRTU GNL PARTICIPACOES SA,Crédito Privado,Emissor de Dívida,Ativo,,,,,Emissor de Dívida / Securitizadora,VIRTU GNL PARTICIPACOES SA é emissora de títulos de crédito privado registrados na CVM.
10242700000146,10.242.700/0001-46,COQUEIROS TRANSMISSORA DE ENERGIA S/A,COQUEIROS TRANSMISSORA DE ENERGIA S/A,Crédito Privado,Emissor de Dívida,Ativo,,,,,Emissor de Dívida / Securitizadora,COQUEIROS TRANSMISSORA DE ENERGIA S/A é emissora de títulos de crédito privado registrados na CVM.
06220197000150,06.220.197/0001-50,COMPANHIA AGUAS DE ITAPEMA,COMPANHIA AGUAS DE ITAPEMA,Crédito Privado,Emissor de Dívida,Ativo,,,,,Emissor de Dívida / Securitizadora,COMPANHIA AGUAS DE ITAPEMA é emissora de títulos de crédito privado registrados na CVM.
07037123000146,07.037.123/0001-46,ECOURBIS AMBIENTAL S.A.,ECOURBIS AMBIENTAL S.A.,Crédito Privado,Emissor de Dívida,Ativo,,,,,Emissor de Dívida / Securitizadora,ECOURBIS AMBIENTAL S.A. é emissora de títulos de crédito privado registrados na CVM.
03119648000170,03.119.648/0001-70,CATARATAS DO IGUACU S/A,CATARATAS DO IGUACU S/A,Crédito Privado,Emissor de Dívida,Ativo,,,,,Emissor de Dívida / Securitizadora,CATARATAS DO IGUACU S/A é emissora de títulos de crédito privado registrados na CVM.
00954394000117,00.954.394/0001-17,"VULCABRAS - CE, CALCADOS E ARTIGOS ESPORTIVOS S/A","VULCABRAS - CE, CALCADOS E ARTIGOS ESPORTIVOS S/A",Crédito Privado,Emissor de Dívida,Ativo,,,,,Emissor de Dívida / Securitizadora,"VULCABRAS - CE, CALCADOS E ARTIGOS ESPORTIVOS S/A é emissora de títulos de crédito privado registrados na CVM."
42278291000124,42.278.291/0001-24,LOG-IN LOGISTICA INTERMODAL SA,LOG-IN LOGISTICA INTERMODAL SA,Crédito Privado,Emissor de Dívida,Ativo,https://ri.loginlogistica.com.br/,,,,Emissor de Dívida / Securitizadora,LOG-IN LOGISTICA INTERMODAL SA é emissora de títulos de crédito privado registrados na CVM.
06981660000187,06.981.660/0001-87,RIO SUCURIU ENERGIA S/A,RIO SUCURIU ENERGIA S/A,Crédito Privado,Emissor de Dívida,Ativo,,,,,Emissor de Dívida / Securitizadora,RIO SUCURIU ENERGIA S/A é emissora de títulos de crédito privado registrados na CVM.
61409892000173,61.409.892/0001-73,COMPANHIA BRASILEIRA DE ALUMINIO,COMPANHIA BRASILEIRA DE ALUMINIO,Crédito Privado,Emissor de Dívida,Ativo,,,,,Emissor de Dívida / Securitizadora,COMPANHIA BRASILEIRA DE ALUMINIO é emissora de títulos de crédito privado registrados na CVM.
49760943000101,49.760.943/0001-01,GUARULHOS LUZ SPE S/A,GUARULHOS LUZ SPE S/A,Crédito Privado,Emissor de Dívida,Ativo,,,,,Emissor de Dívida / Securitizadora,GUARULHOS LUZ SPE S/A é emissora de títulos de crédito privado registrados na CVM.
58771847000150,58.771.847/0001-50,QLUZ PARTICIPACOES S.A.,QLUZ PARTICIPACOES S.A.,Crédito Privado,Emissor de Dívida,Ativo,https://www.qluzparticipacoes.com.br,,,,Emissor de Dívida / Securitizadora,QLUZ PARTICIPACOES S.A. é emissora de títulos de crédito privado registrados na CVM.
91830836000179,91.830.836/0001-79,OLFAR S/A - ALIMENTO E ENERGIA,OLFAR S/A - ALIMENTO E ENERGIA,Crédito Privado,Emissor de Dívida,Ativo,,,,,Emissor de Dívida / Securitizadora,OLFAR S/A - ALIMENTO E ENERGIA é emissora de títulos de crédito privado registrados na CVM.
35674418000169,35.674.418/0001-69,AGE ADMINISTRACAO E PARTICIPACOES SA,AGE ADMINISTRACAO E PARTICIPACOES SA,Crédito Privado,Emissor de Dívida,Ativo,,,,,Emissor de Dívida / Securitizadora,AGE ADMINISTRACAO E PARTICIPACOES SA é emissora de títulos de crédito privado registrados na CVM.
10994254000126,10.994.254/0001-26,TRANSMISSORA MATOGROSSENSE DE ENERGIA S.A.,TRANSMISSORA MATOGROSSENSE DE ENERGIA S.A.,Crédito Privado,Emissor de Dívida,Ativo,,,,,Emissor de Dívida / Securitizadora,TRANSMISSORA MATOGROSSENSE DE ENERGIA S.A. é emissora de títulos de crédito privado registrados na CVM.
07032886000102,07.032.886/0001-02,LOGISTICA AMBIENTAL DE SAO PAULO S.A. - LOGA,LOGISTICA AMBIENTAL DE SAO PAULO S.A. - LOGA,Crédito Privado,Emissor de Dívida,Ativo,,,,,Emissor de Dívida / Securitizadora,LOGISTICA AMBIENTAL DE SAO PAULO S.A. - LOGA é emissora de títulos de crédito privado registrados na CVM.
22261840000140,22.261.840/0001-40,LMA LOCACOES DE EQUIPAMENTOS S.A.,LMA LOCACOES DE EQUIPAMENTOS S.A.,Crédito Privado,Emissor de Dívida,Ativo,https://www.lmalocacoes.com.br/ri,,,,Emissor de Dívida / Securitizadora,LMA LOCACOES DE EQUIPAMENTOS S.A. é emissora de títulos de crédito privado registrados na CVM.
54218779000145,54.218.779/0001-45,SOL DO LESTE INFRAESTRUTURA SPE S.A.,SOL DO LESTE INFRAESTRUTURA SPE S.A.,Crédito Privado,Emissor de Dívida,Ativo,,,,,Emissor de Dívida / Securitizadora,SOL DO LESTE INFRAESTRUTURA SPE S.A. é emissora de títulos de crédito privado registrados na CVM.
59931221000126,59.931.221/0001-26,DOMUS VII PARTICIPACOES S.A.,DOMUS VII PARTICIPACOES S.A.,Crédito Privado,Emissor de Dívida,Ativo,,,,,Emissor de Dívida / Securitizadora,DOMUS VII PARTICIPACOES S.A. é emissora de títulos de crédito privado registrados na CVM.
02227264000108,02.227.264/0001-08,ANDALI S.A,ANDALI S.A,Crédito Privado,Emissor de Dívida,Ativo,,,,,Emissor de Dívida / Securitizadora,ANDALI S.A é emissora de títulos de crédito privado registrados na CVM.
31444659000160,31.444.659/0001-60,BRK AMBIENTAL - CACADOR S.A.,BRK AMBIENTAL - CACADOR S.A.,Crédito Privado,Emissor de Dívida,Ativo,,,,,Emissor de Dívida / Securitizadora,BRK AMBIENTAL - CACADOR S.A. é emissora de títulos de crédito privado registrados na CVM.
53930740000193,53.930.740/0001-93,TRINITY NORDESTE PARTICIPACOES E ADMINISTRACAO DE BENS S.A.,TRINITY NORDESTE PARTICIPACOES E ADMINISTRACAO DE BENS S.A.,Crédito Privado,Emissor de Dívida,Ativo,,,,,Emissor de Dívida / Securitizadora,TRINITY NORDESTE PARTICIPACOES E ADMINISTRACAO DE BENS S.A. é emissora de títulos de crédito privado registrados na CVM.
33839910000111,33.839.910/0001-11,VIVARA PARTICIPACOES S.A.,VIVARA PARTICIPACOES S.A.,Crédito Privado,Emissor de Dívida,Ativo,,,,,Emissor de Dívida / Securitizadora,VIVARA PARTICIPACOES S.A. é emissora de títulos de crédito privado registrados na CVM.
11721921000160,11.721.921/0001-60,ALPER CONSULTORIA E CORRETORA DE SEGUROS S.A.,ALPER CONSULTORIA E CORRETORA DE SEGUROS S.A.,Crédito Privado,Emissor de Dívida,Ativo,,,,,Emissor de Dívida / Securitizadora,ALPER CONSULTORIA E CORRETORA DE SEGUROS S.A. é emissora de títulos de crédito privado registrados na CVM.
54729707000162,54.729.707/0001-62,BLOXS SECURITIZADORA E TOKENIZADORA S/A,BLOXS SECURITIZADORA E TOKENIZADORA S/A,Crédito Privado,Emissor de Dívida,Ativo,https://bloxs.com.br,,,,Emissor de Dívida / Securitizadora,BLOXS SECURITIZADORA E TOKENIZADORA S/A é emissora de títulos de crédito privado registrados na CVM.
34622881000102,34.622.881/0001-02,WINITY S.A.,WINITY S.A.,Crédito Privado,Emissor de Dívida,Ativo,,,,,Emissor de Dívida / Securitizadora,WINITY S.A. é emissora de títulos de crédito privado registrados na CVM.
13017462000163,13.017.462/0001-63,ENERGISA SERGIPE - DISTRIBUIDORA DE ENERGIA S/A,ENERGISA SERGIPE - DISTRIBUIDORA DE ENERGIA S/A,Crédito Privado,Emissor de Dívida,Ativo,https://ri.energisa.com.br/,,,,Emissor de Dívida / Securitizadora,ENERGISA SERGIPE - DISTRIBUIDORA DE ENERGIA S/A é emissora de títulos de crédito privado registrados na CVM.
04626426000106,04.626.426/0001-06,BTG PACTUAL COMMODITIES SERTRADING S.A.,BTG PACTUAL COMMODITIES SERTRADING S.A.,Crédito Privado,Emissor de Dívida,Ativo,https://www.sertrading.com/investidores,,,,Emissor de Dívida / Securitizadora,BTG PACTUAL COMMODITIES SERTRADING S.A. é emissora de títulos de crédito privado registrados na CVM.
27743642000137,27.743.642/0001-37,CONSTRUTORA METROCASA S.A.,CONSTRUTORA METROCASA S.A.,Crédito Privado,Emissor de Dívida,Ativo,https://ri.metrocasa.com.br/,,,,Emissor de Dívida / Securitizadora,CONSTRUTORA METROCASA S.A. é emissora de títulos de crédito privado registrados na CVM.
14882295000181,14.882.295/0001-81,CBO HOLDING S.A.,CBO HOLDING S.A.,Crédito Privado,Emissor de Dívida,Ativo,,,,,Emissor de Dívida / Securitizadora,CBO HOLDING S.A. é emissora de títulos de crédito privado registrados na CVM.
92665611000177,92.665.611/0001-77,DIMED SA DISTRIBUIDORA DE MEDICAMENTOS,DIMED SA DISTRIBUIDORA DE MEDICAMENTOS,Crédito Privado,Emissor de Dívida,Ativo,,,,,Emissor de Dívida / Securitizadora,DIMED SA DISTRIBUIDORA DE MEDICAMENTOS é emissora de títulos de crédito privado registrados na CVM.
07609453000169,07.609.453/0001-69,ERVA-MATE REFLORESTADORA S.A.,ERVA-MATE REFLORESTADORA S.A.,Crédito Privado,Emissor de Dívida,Ativo,,,,,Emissor de Dívida / Securitizadora,ERVA-MATE REFLORESTADORA S.A. é emissora de títulos de crédito privado registrados na CVM.
04788536000174,04.788.536/0001-74,FLORESTAL VALE DO CORISCO S.A.,FLORESTAL VALE DO CORISCO S.A.,Crédito Privado,Emissor de Dívida,Ativo,,,,,Emissor de Dívida / Securitizadora,FLORESTAL VALE DO CORISCO S.A. é emissora de títulos de crédito privado registrados na CVM.
12272084000100,12.272.084/0001-00,EQUATORIAL ALAGOAS DISTRIBUIDORA DE ENERGIA S.A.,EQUATORIAL ALAGOAS DISTRIBUIDORA DE ENERGIA S.A.,Crédito Privado,Emissor de Dívida,Ativo,,,,,Emissor de Dívida / Securitizadora,EQUATORIAL ALAGOAS DISTRIBUIDORA DE ENERGIA S.A. é emissora de títulos de crédito privado registrados na CVM.
01157555000104,01.157.555/0001-04,TENDA ATACADO SA,TENDA ATACADO SA,Crédito Privado,Emissor de Dívida,Ativo,https://www.tendaatacado.com.br/,,,,Emissor de Dívida / Securitizadora,TENDA ATACADO SA é emissora de títulos de crédito privado registrados na CVM.
43167621000177,43.167.621/0001-77,FC GROUP HOLDING S.A.,FC GROUP HOLDING S.A.,Crédito Privado,Emissor de Dívida,Ativo,,,,,Emissor de Dívida / Securitizadora,FC GROUP HOLDING S.A. é emissora de títulos de crédito privado registrados na CVM.
42768967000168,42.768.967/0001-68,RESERVA PAULISTA ADMINISTRADORA DE PARQUES S.A.,RESERVA PAULISTA ADMINISTRADORA DE PARQUES S.A.,Crédito Privado,Emissor de Dívida,Ativo,,,,,Emissor de Dívida / Securitizadora,RESERVA PAULISTA ADMINISTRADORA DE PARQUES S.A. é emissora de títulos de crédito privado registrados na CVM.
19208022000170,19.208.022/0001-70,ECO050 - CONCESSIONARIA DE RODOVIAS S.A.,ECO050 - CONCESSIONARIA DE RODOVIAS S.A.,Crédito Privado,Emissor de Dívida,Ativo,,,,,Emissor de Dívida / Securitizadora,ECO050 - CONCESSIONARIA DE RODOVIAS S.A. é emissora de títulos de crédito privado registrados na CVM.
50376938000189,50.376.938/0001-89,USINA SANTA ADELIA S A,USINA SANTA ADELIA S A,Crédito Privado,Emissor de Dívida,Ativo,,,,,Emissor de Dívida / Securitizadora,USINA SANTA ADELIA S A é emissora de títulos de crédito privado registrados na CVM.
12229415000110,12.229.415/0001-10,S A USINA CORURIPE ACUCAR E ALCOOL,S A USINA CORURIPE ACUCAR E ALCOOL,Crédito Privado,Emissor de Dívida,Ativo,https://www.usinacoruripe.com.br/,,,,Emissor de Dívida / Securitizadora,S A USINA CORURIPE ACUCAR E ALCOOL é emissora de títulos de crédito privado registrados na CVM.
08294224000165,08.294.224/0001-65,JHSF PARTICIPAÇÕES SA,JHSF PARTICIPAÇÕES SA,Crédito Privado,Emissor de Dívida,Ativo,https://ri.jhsf.com.br/,,,,Emissor de Dívida / Securitizadora,JHSF PARTICIPAÇÕES SA é emissora de títulos de crédito privado registrados na CVM.
03279285000130,03.279.285/0001-30,ORIZON MEIO AMBIENTE S.A.,ORIZON MEIO AMBIENTE S.A.,Crédito Privado,Emissor de Dívida,Ativo,https://ri.orizonvr.com.br,,,,Emissor de Dívida / Securitizadora,ORIZON MEIO AMBIENTE S.A. é emissora de títulos de crédito privado registrados na CVM.
48963906000138,48.963.906/0001-38,PARATY G.D. S.A.,PARATY G.D. S.A.,Crédito Privado,Emissor de Dívida,Ativo,https://www.paratyenergia.com.br/,,,,Emissor de Dívida / Securitizadora,PARATY G.D. S.A. é emissora de títulos de crédito privado registrados na CVM.
10324624000118,10.324.624/0001-18,CONCESSÃO METROVIÁRIA DO RIO DE JANEIRO SA,CONCESSÃO METROVIÁRIA DO RIO DE JANEIRO SA,Crédito Privado,Emissor de Dívida,Ativo,,,,,Emissor de Dívida / Securitizadora,CONCESSÃO METROVIÁRIA DO RIO DE JANEIRO SA é emissora de títulos de crédito privado registrados na CVM.
27157474000106,27.157.474/0001-06,ÁGUAS DE TERESINA SANEAMENTO SPE S.A.,ÁGUAS DE TERESINA SANEAMENTO SPE S.A.,Crédito Privado,Emissor de Dívida,Ativo,https://www.aguasdeteresina.com.br/,,,,Emissor de Dívida / Securitizadora,ÁGUAS DE TERESINA SANEAMENTO SPE S.A. é emissora de títulos de crédito privado registrados na CVM.
42937550000181,42.937.550/0001-81,VERT-11 COMPANHIA SECURITIZADORA DE CRÉDITOS FINANCEIROS E COMERCIAIS,VERT-11 COMPANHIA SECURITIZADORA DE CRÉDITOS FINANCEIROS E COMERCIAIS,Crédito Privado,Emissor de Dívida,Ativo,,,,,Emissor de Dívida / Securitizadora,VERT-11 COMPANHIA SECURITIZADORA DE CRÉDITOS FINANCEIROS E COMERCIAIS é emissora de títulos de crédito privado registrados na CVM.
15484093000144,15.484.093/0001-44,ECO101 CONCESSIONARIA DE RODOVIAS S.A.,ECO101 CONCESSIONARIA DE RODOVIAS S.A.,Crédito Privado,Emissor de Dívida,Ativo,,,,,Emissor de Dívida / Securitizadora,ECO101 CONCESSIONARIA DE RODOVIAS S.A. é emissora de títulos de crédito privado registrados na CVM.
39523638000142,39.523.638/0001-42,ÁGUAS DA IMPERATRIZ S.A,ÁGUAS DA IMPERATRIZ S.A,Crédito Privado,Emissor de Dívida,Ativo,,,,,Emissor de Dívida / Securitizadora,ÁGUAS DA IMPERATRIZ S.A é emissora de títulos de crédito privado registrados na CVM.
49590822000169,49.590.822/0001-69,ELETRON POWER GD I S.A.,ELETRON POWER GD I S.A.,Crédito Privado,Emissor de Dívida,Ativo,,,,,Emissor de Dívida / Securitizadora,ELETRON POWER GD I S.A. é emissora de títulos de crédito privado registrados na CVM.
24624551000194,24.624.551/0001-94,ARGO ENERGIA EMPREENDIMENTOS E PARTICIPAÇÕES S.A.,ARGO ENERGIA EMPREENDIMENTOS E PARTICIPAÇÕES S.A.,Crédito Privado,Emissor de Dívida,Ativo,,,,,Emissor de Dívida / Securitizadora,ARGO ENERGIA EMPREENDIMENTOS E PARTICIPAÇÕES S.A. é emissora de títulos de crédito privado registrados na CVM.
55764627000100,55.764.627/0001-00,TGR SUBHOLDING 7 S.A.,TGR SUBHOLDING 7 S.A.,Crédito Privado,Emissor de Dívida,Ativo,https://casadosventos.com.br/,,,,Emissor de Dívida / Securitizadora,TGR SUBHOLDING 7 S.A. é emissora de títulos de crédito privado registrados na CVM.
01754239000110,01.754.239/0001-10,REFRIGERACAO DUFRIO COMERCIO E IMPORTACAO S.A.,REFRIGERACAO DUFRIO COMERCIO E IMPORTACAO S.A.,Crédito Privado,Emissor de Dívida,Ativo,,,,,Emissor de Dívida / Securitizadora,REFRIGERACAO DUFRIO COMERCIO E IMPORTACAO S.A. é emissora de títulos de crédito privado registrados na CVM.
58239603000120,58.239.603/0001-20,CONCESSIONARIA DE RODOVIA NOVA 381 S.A.,CONCESSIONARIA DE RODOVIA NOVA 381 S.A.,Crédito Privado,Emissor de Dívida,Ativo,,,,,Emissor de Dívida / Securitizadora,CONCESSIONARIA DE RODOVIA NOVA 381 S.A. é emissora de títulos de crédito privado registrados na CVM.
00873894000124,00.873.894/0001-24,LET'S RENT A CAR S.A.,LET'S RENT A CAR S.A.,Crédito Privado,Emissor de Dívida,Ativo,,,,,Emissor de Dívida / Securitizadora,LET'S RENT A CAR S.A. é emissora de títulos de crédito privado registrados na CVM.
55024743000193,55.024.743/0001-93,TIC TRENS S.A.,TIC TRENS S.A.,Crédito Privado,Emissor de Dívida,Ativo,,,,,Emissor de Dívida / Securitizadora,TIC TRENS S.A. é emissora de títulos de crédito privado registrados na CVM.
07401436000212,07.401.436/0002-12,ELDORADO BRASIL CELULOSE S/A,ELDORADO BRASIL CELULOSE S/A,Crédito Privado,Emissor de Dívida,Ativo,https://www.eldoradobrasil.com.br,,,,Emissor de Dívida / Securitizadora,ELDORADO BRASIL CELULOSE S/A é emissora de títulos de crédito privado registrados na CVM.
31840260000107,31.840.260/0001-07,SPE CONCESSIONARIA DO AEROPORTO DE ILHEUS S/A,SPE CONCESSIONARIA DO AEROPORTO DE ILHEUS S/A,Crédito Privado,Emissor de Dívida,Ativo,,,,,Emissor de Dívida / Securitizadora,SPE CONCESSIONARIA DO AEROPORTO DE ILHEUS S/A é emissora de títulos de crédito privado registrados na CVM.
39984031000160,39.984.031/0001-60,SPE CONCESSIONARIA VOE XAP S.A.,SPE CONCESSIONARIA VOE XAP S.A.,Crédito Privado,Emissor de Dívida,Ativo,,,,,Emissor de Dívida / Securitizadora,SPE CONCESSIONARIA VOE XAP S.A. é emissora de títulos de crédito privado registrados na CVM.
01425787000104,01.425.787/0001-04,REDECARD INSTITUICAO DE PAGAMENTO S.A.,REDECARD INSTITUICAO DE PAGAMENTO S.A.,Crédito Privado,Emissor de Dívida,Ativo,,,,,Emissor de Dívida / Securitizadora,REDECARD INSTITUICAO DE PAGAMENTO S.A. é emissora de títulos de crédito privado registrados na CVM.
00973749000115,00.973.749/0001-15,TOP SERVICE SERVICOS E SISTEMAS S/A,TOP SERVICE SERVICOS E SISTEMAS S/A,Crédito Privado,Emissor de Dívida,Ativo,,,,,Emissor de Dívida / Securitizadora,TOP SERVICE SERVICOS E SISTEMAS S/A é emissora de títulos de crédito privado registrados na CVM.
02536066000126,02.536.066/0001-26,VITAL ENGENHARIA AMBIENTAL S.A.,VITAL ENGENHARIA AMBIENTAL S.A.,Crédito Privado,Emissor de Dívida,Ativo,https://www.vitalambiental.com.br/,,,,Emissor de Dívida / Securitizadora,VITAL ENGENHARIA AMBIENTAL S.A. é emissora de títulos de crédito privado registrados na CVM.
45453214000151,45.453.214/0001-51,PROFARMA DISTRIB PROD FARMACEUTICOS S.A.,PROFARMA DISTRIB PROD FARMACEUTICOS S.A.,Crédito Privado,Emissor de Dívida,Ativo,https://ri.profarma.com.br/,,,,Emissor de Dívida / Securitizadora,PROFARMA DISTRIB PROD FARMACEUTICOS S.A. é emissora de títulos de crédito privado registrados na CVM.
62233407000116,62.233.407/0001-16,INEER LOCACAO DE EQUIPAMENTOS II S.A.,INEER LOCACAO DE EQUIPAMENTOS II S.A.,Crédito Privado,Emissor de Dívida,Ativo,,,,,Emissor de Dívida / Securitizadora,INEER LOCACAO DE EQUIPAMENTOS II S.A. é emissora de títulos de crédito privado registrados na CVM.
97837181000147,97.837.181/0001-47,DEXCO S.A.,DEXCO S.A.,Crédito Privado,Emissor de Dívida,Ativo,https://ri.dex.co/,,,,Emissor de Dívida / Securitizadora,DEXCO S.A. é emissora de títulos de crédito privado registrados na CVM.
62142408000155,62.142.408/0001-55,VILLA LOBOS SP GESTAO EMPRESARIAL S.A,VILLA LOBOS SP GESTAO EMPRESARIAL S.A,Crédito Privado,Emissor de Dívida,Ativo,,,,,Emissor de Dívida / Securitizadora,VILLA LOBOS SP GESTAO EMPRESARIAL S.A é emissora de títulos de crédito privado registrados na CVM.
60022822000103,60.022.822/0001-03,FMR PARTICIPACOES S.A.,FMR PARTICIPACOES S.A.,Crédito Privado,Emissor de Dívida,Ativo,,,,,Emissor de Dívida / Securitizadora,FMR PARTICIPACOES S.A. é emissora de títulos de crédito privado registrados na CVM.
47290852000124,47.290.852/0001-24,BURITI TRANSMISSAO DE ENERGIA S.A.,BURITI TRANSMISSAO DE ENERGIA S.A.,Crédito Privado,Emissor de Dívida,Ativo,https://cymi.com.br/projetos/buriti-transmissao/,,,,Emissor de Dívida / Securitizadora,BURITI TRANSMISSAO DE ENERGIA S.A. é emissora de títulos de crédito privado registrados na CVM.
57400901000198,57.400.901/0001-98,MTX SE-CAMANDUCAIA SPE S.A.,MTX SE-CAMANDUCAIA SPE S.A.,Crédito Privado,Emissor de Dívida,Ativo,,,,,Emissor de Dívida / Securitizadora,MTX SE-CAMANDUCAIA SPE S.A. é emissora de títulos de crédito privado registrados na CVM.
08402943000152,08.402.943/0001-52,GUARARAPES CONFECCOES SA,GUARARAPES CONFECCOES SA,Crédito Privado,Emissor de Dívida,Ativo,https://ri.riachuelo.com.br/,,,,Emissor de Dívida / Securitizadora,GUARARAPES CONFECCOES SA é emissora de títulos de crédito privado registrados na CVM.
13877690000103,13.877.690/0001-03,GRANENERGIA INVESTIMENTOS S.A.,GRANENERGIA INVESTIMENTOS S.A.,Crédito Privado,Emissor de Dívida,Ativo,,,,,Emissor de Dívida / Securitizadora,GRANENERGIA INVESTIMENTOS S.A. é emissora de títulos de crédito privado registrados na CVM.
55739083000127,55.739.083/0001-27,SPE INTEGRA 2 S/A,SPE INTEGRA 2 S/A,Crédito Privado,Emissor de Dívida,Ativo,,,,,Emissor de Dívida / Securitizadora,SPE INTEGRA 2 S/A é emissora de títulos de crédito privado registrados na CVM.
92791243000103,92.791.243/0001-03,IRANI PAPEL E EMBALAGEM S.A.,IRANI PAPEL E EMBALAGEM S.A.,Crédito Privado,Emissor de Dívida,Ativo,,,,,Emissor de Dívida / Securitizadora,IRANI PAPEL E EMBALAGEM S.A. é emissora de títulos de crédito privado registrados na CVM.
01545826000107,01.545.826/0001-07,GAFISA SA,GAFISA SA,Crédito Privado,Emissor de Dívida,Ativo,,,,,Emissor de Dívida / Securitizadora,GAFISA SA é emissora de títulos de crédito privado registrados na CVM.
62964562000102,62.964.562/0001-02,WTE BIOGAS FRANCA SPE S.A.,WTE BIOGAS FRANCA SPE S.A.,Crédito Privado,Emissor de Dívida,Ativo,,,,,Emissor de Dívida / Securitizadora,WTE BIOGAS FRANCA SPE S.A. é emissora de títulos de crédito privado registrados na CVM.
44323802000108,44.323.802/0001-08,VERDE TRANSMISSAO DE ENERGIA S.A.,VERDE TRANSMISSAO DE ENERGIA S.A.,Crédito Privado,Emissor de Dívida,Ativo,https://www.cymi.com.br,,,,Emissor de Dívida / Securitizadora,VERDE TRANSMISSAO DE ENERGIA S.A. é emissora de títulos de crédito privado registrados na CVM.
02805610000198,02.805.610/0001-98,EMBRAPORT EMPRESA BRASILEIRA DE TERMINAIS PORTUARIOS S/A,EMBRAPORT EMPRESA BRASILEIRA DE TERMINAIS PORTUARIOS S/A,Crédito Privado,Emissor de Dívida,Ativo,,,,,Emissor de Dívida / Securitizadora,EMBRAPORT EMPRESA BRASILEIRA DE TERMINAIS PORTUARIOS S/A é emissora de títulos de crédito privado registrados na CVM.
28133664000148,28.133.664/0001-48,THOPEN ENERGIA S.A.,THOPEN ENERGIA S.A.,Crédito Privado,Emissor de Dívida,Ativo,https://thopenergy.com.br,,,,Emissor de Dívida / Securitizadora,THOPEN ENERGIA S.A. é emissora de títulos de crédito privado registrados na CVM.
46989951000136,46.989.951/0001-36,EDP TRANSMISSAO NORDESTE S.A.,EDP TRANSMISSAO NORDESTE S.A.,Crédito Privado,Emissor de Dívida,Ativo,,,,,Emissor de Dívida / Securitizadora,EDP TRANSMISSAO NORDESTE S.A. é emissora de títulos de crédito privado registrados na CVM.
43214055000107,43.214.055/0001-07,MARTINS COMERCIO E SERVICOS DE DISTRIBUICAO S/A,MARTINS COMERCIO E SERVICOS DE DISTRIBUICAO S/A,Crédito Privado,Emissor de Dívida,Ativo,,,,,Emissor de Dívida / Securitizadora,MARTINS COMERCIO E SERVICOS DE DISTRIBUICAO S/A é emissora de títulos de crédito privado registrados na CVM.
62519466000155,62.519.466/0001-55,SAMAREN ENERGIA S.A.,SAMAREN ENERGIA S.A.,Crédito Privado,Emissor de Dívida,Ativo,,,,,Emissor de Dívida / Securitizadora,SAMAREN ENERGIA S.A. é emissora de títulos de crédito privado registrados na CVM.
61974189000108,61.974.189/0001-08,GLOBAL INFRA TELECOM - GIT S.A.,GLOBAL INFRA TELECOM - GIT S.A.,Crédito Privado,Emissor de Dívida,Ativo,,,,,Emissor de Dívida / Securitizadora,GLOBAL INFRA TELECOM - GIT S.A. é emissora de títulos de crédito privado registrados na CVM.
48337673000168,48.337.673/0001-68,TMXV EFICIENCIA HOLDING S.A,TMXV EFICIENCIA HOLDING S.A,Crédito Privado,Emissor de Dívida,Ativo,,,,,Emissor de Dívida / Securitizadora,TMXV EFICIENCIA HOLDING S.A é emissora de títulos de crédito privado registrados na CVM.
36128741000108,36.128.741/0001-08,CONCESSIONARIA DA RODOVIA MS 306 S.A.,CONCESSIONARIA DA RODOVIA MS 306 S.A.,Crédito Privado,Emissor de Dívida,Ativo,,,,,Emissor de Dívida / Securitizadora,CONCESSIONARIA DA RODOVIA MS 306 S.A. é emissora de títulos de crédito privado registrados na CVM.
72300122000104,72.300.122/0001-04,COMPANHIA DE GAS DO ESTADO DO RIO GRANDE DO SUL - SULGAS,COMPANHIA DE GAS DO ESTADO DO RIO GRANDE DO SUL - SULGAS,Crédito Privado,Emissor de Dívida,Ativo,,,,,Emissor de Dívida / Securitizadora,COMPANHIA DE GAS DO ESTADO DO RIO GRANDE DO SUL - SULGAS é emissora de títulos de crédito privado registrados na CVM.
07674341000191,07.674.341/0001-91,USINA UBERABA S/A,USINA UBERABA S/A,Crédito Privado,Emissor de Dívida,Ativo,,,,,Emissor de Dívida / Securitizadora,USINA UBERABA S/A é emissora de títulos de crédito privado registrados na CVM.
48725405000113,48.725.405/0001-13,BLOCO DE ONZE AEROPORTOS DO BRASIL S.A,BLOCO DE ONZE AEROPORTOS DO BRASIL S.A,Crédito Privado,Emissor de Dívida,Ativo,,,,,Emissor de Dívida / Securitizadora,BLOCO DE ONZE AEROPORTOS DO BRASIL S.A é emissora de títulos de crédito privado registrados na CVM.
62840928000131,62.840.928/0001-31,TCX RENOVAVEIS E PARTICIPACOES S.A.,TCX RENOVAVEIS E PARTICIPACOES S.A.,Crédito Privado,Emissor de Dívida,Ativo,,,,,Emissor de Dívida / Securitizadora,TCX RENOVAVEIS E PARTICIPACOES S.A. é emissora de títulos de crédito privado registrados na CVM.
04149454000180,04.149.454/0001-80,ECORODOVIAS INFRAESTRUTURA E LOGÍSTICA S.A.,ECORODOVIAS INFRAESTRUTURA E LOGÍSTICA S.A.,Crédito Privado,Emissor de Dívida,Ativo,,,,,Emissor de Dívida / Securitizadora,ECORODOVIAS INFRAESTRUTURA E LOGÍSTICA S.A. é emissora de títulos de crédito privado registrados na CVM.
21240146000184,21.240.146/0001-84,AGROGALAXY PARTICIPAÇÕES S.A. - EM RECUPERAÇÃO JUDICIAL,AGROGALAXY PARTICIPAÇÕES S.A. - EM RECUPERAÇÃO JUDICIAL,Crédito Privado,Emissor de Dívida,Ativo,,,,,Emissor de Dívida / Securitizadora,AGROGALAXY PARTICIPAÇÕES S.A. - EM RECUPERAÇÃO JUDICIAL é emissora de títulos de crédito privado registrados na CVM.
10489713000114,10.489.713/0001-14,ARKLOK - EQUIPAMENTOS DE INFORMÁTICA S.A.,ARKLOK - EQUIPAMENTOS DE INFORMÁTICA S.A.,Crédito Privado,Emissor de Dívida,Ativo,,,,,Emissor de Dívida / Securitizadora,ARKLOK - EQUIPAMENTOS DE INFORMÁTICA S.A. é emissora de títulos de crédito privado registrados na CVM.
52609844000138,52.609.844/0001-38,HELEXIA SBH4 S.A.,HELEXIA SBH4 S.A.,Crédito Privado,Emissor de Dívida,Ativo,,,,,Emissor de Dívida / Securitizadora,HELEXIA SBH4 S.A. é emissora de títulos de crédito privado registrados na CVM.
07730797000121,07.730.797/0001-21,FOCO ALUGUEL DE CARROS S/A,FOCO ALUGUEL DE CARROS S/A,Crédito Privado,Emissor de Dívida,Ativo,,,,,Emissor de Dívida / Securitizadora,FOCO ALUGUEL DE CARROS S/A é emissora de títulos de crédito privado registrados na CVM.
34355513000137,34.355.513/0001-37,IBC EMPREENDIMENTOS E PARTICIPACOES S.A.,IBC EMPREENDIMENTOS E PARTICIPACOES S.A.,Crédito Privado,Emissor de Dívida,Ativo,,,,,Emissor de Dívida / Securitizadora,IBC EMPREENDIMENTOS E PARTICIPACOES S.A. é emissora de títulos de crédito privado registrados na CVM.
01685053000156,01.685.053/0001-56,SUL AMERICA COMPANHIA DE SEGURO SAUDE,SUL AMERICA COMPANHIA DE SEGURO SAUDE,Crédito Privado,Emissor de Dívida,Ativo,,,,,Emissor de Dívida / Securitizadora,SUL AMERICA COMPANHIA DE SEGURO SAUDE é emissora de títulos de crédito privado registrados na CVM.
62348597000117,62.348.597/0001-17,ODESSA PARTICIPACOES S.A.,ODESSA PARTICIPACOES S.A.,Crédito Privado,Emissor de Dívida,Ativo,,,,,Emissor de Dívida / Securitizadora,ODESSA PARTICIPACOES S.A. é emissora de títulos de crédito privado registrados na CVM.
14998371000119,14.998.371/0001-19,J. MACEDO S/A,J. MACEDO S/A,Crédito Privado,Emissor de Dívida,Ativo,,,,,Emissor de Dívida / Securitizadora,J. MACEDO S/A é emissora de títulos de crédito privado registrados na CVM.
13787764000110,13.787.764/0001-10,DELTA GERACAO DE ENERGIA - INVESTIMENTOS E PARTICIPACOES S.A.,DELTA GERACAO DE ENERGIA - INVESTIMENTOS E PARTICIPACOES S.A.,Crédito Privado,Emissor de Dívida,Ativo,,,,,Emissor de Dívida / Securitizadora,DELTA GERACAO DE ENERGIA - INVESTIMENTOS E PARTICIPACOES S.A. é emissora de títulos de crédito privado registrados na CVM.
53192626000103,53.192.626/0001-03,SUNO ENERGIAS LIMPAS PROJETOS MADUROS S.A,SUNO ENERGIAS LIMPAS PROJETOS MADUROS S.A,Crédito Privado,Emissor de Dívida,Ativo,,,,,Emissor de Dívida / Securitizadora,SUNO ENERGIAS LIMPAS PROJETOS MADUROS S.A é emissora de títulos de crédito privado registrados na CVM.
49272860000173,49.272.860/0001-73,APIUNA PARTICIPACOES S/A,APIUNA PARTICIPACOES S/A,Crédito Privado,Emissor de Dívida,Ativo,,,,,Emissor de Dívida / Securitizadora,APIUNA PARTICIPACOES S/A é emissora de títulos de crédito privado registrados na CVM.
29568539000123,29.568.539/0001-23,SPE TRANSMISSORA DE ENERGIA LINHA VERDE I S/A,SPE TRANSMISSORA DE ENERGIA LINHA VERDE I S/A,Crédito Privado,Emissor de Dívida,Ativo,,,,,Emissor de Dívida / Securitizadora,SPE TRANSMISSORA DE ENERGIA LINHA VERDE I S/A é emissora de títulos de crédito privado registrados na CVM.
51990778000398,51.990.778/0003-98,ACUCAR E ETANOL OSWALDO RIBEIRO DE MENDONCA S.A.,ACUCAR E ETANOL OSWALDO RIBEIRO DE MENDONCA S.A.,Crédito Privado,Emissor de Dívida,Ativo,,,,,Emissor de Dívida / Securitizadora,ACUCAR E ETANOL OSWALDO RIBEIRO DE MENDONCA S.A. é emissora de títulos de crédito privado registrados na CVM.
13574594000196,13.574.594/0001-96,ZAMP S.A.,ZAMP S.A.,Crédito Privado,Emissor de Dívida,Ativo,https://ri.zamp.com.br,,,,Emissor de Dívida / Securitizadora,ZAMP S.A. é emissora de títulos de crédito privado registrados na CVM.
51466860000156,51.466.860/0001-56,SAO MARTINHO SA,SAO MARTINHO SA,Crédito Privado,Emissor de Dívida,Ativo,,,,,Emissor de Dívida / Securitizadora,SAO MARTINHO SA é emissora de títulos de crédito privado registrados na CVM.
17233151000192,17.233.151/0001-92,AGEO LESTE TERMINAIS E ARMAZENS GERAIS S.A.,AGEO LESTE TERMINAIS E ARMAZENS GERAIS S.A.,Crédito Privado,Emissor de Dívida,Ativo,,,,,Emissor de Dívida / Securitizadora,AGEO LESTE TERMINAIS E ARMAZENS GERAIS S.A. é emissora de títulos de crédito privado registrados na CVM.
04272637000198,04.272.637/0001-98,AGEO NORTE TERMINAIS E ARMAZENS GERAIS S.A,AGEO NORTE TERMINAIS E ARMAZENS GERAIS S.A,Crédito Privado,Emissor de Dívida,Ativo,,,,,Emissor de Dívida / Securitizadora,AGEO NORTE TERMINAIS E ARMAZENS GERAIS S.A é emissora de títulos de crédito privado registrados na CVM.
46076909000124,46.076.909/0001-24,TIVIT INFRAESTRUTURA DE TECNOLOGIA S.A.,TIVIT INFRAESTRUTURA DE TECNOLOGIA S.A.,Crédito Privado,Emissor de Dívida,Ativo,,,,,Emissor de Dívida / Securitizadora,TIVIT INFRAESTRUTURA DE TECNOLOGIA S.A. é emissora de títulos de crédito privado registrados na CVM.
51515582000180,51.515.582/0001-80,PADOVA PARTICIPACOES S.A,PADOVA PARTICIPACOES S.A,Crédito Privado,Emissor de Dívida,Ativo,,,,,Emissor de Dívida / Securitizadora,PADOVA PARTICIPACOES S.A é emissora de títulos de crédito privado registrados na CVM.
61741462000154,61.741.462/0001-54,SRBT SUBHOLDING S.A.,SRBT SUBHOLDING S.A.,Crédito Privado,Emissor de Dívida,Ativo,,,,,Emissor de Dívida / Securitizadora,SRBT SUBHOLDING S.A. é emissora de títulos de crédito privado registrados na CVM.
53637892000100,53.637.892/0001-00,ILUMINA SUMARE SPE S.A.,ILUMINA SUMARE SPE S.A.,Crédito Privado,Emissor de Dívida,Ativo,,,,,Emissor de Dívida / Securitizadora,ILUMINA SUMARE SPE S.A. é emissora de títulos de crédito privado registrados na CVM.
19696542000179,19.696.542/0001-79,SPE WELT ENERGIA S.A,SPE WELT ENERGIA S.A,Crédito Privado,Emissor de Dívida,Ativo,,,,,Emissor de Dívida / Securitizadora,SPE WELT ENERGIA S.A é emissora de títulos de crédito privado registrados na CVM.
48569926000129,48.569.926/0001-29,AMBIENTAL CEARA 2 SPE S.A.,AMBIENTAL CEARA 2 SPE S.A.,Crédito Privado,Emissor de Dívida,Ativo,,,,,Emissor de Dívida / Securitizadora,AMBIENTAL CEARA 2 SPE S.A. é emissora de títulos de crédito privado registrados na CVM.
00311557000143,00.311.557/0001-43,VCI VANGUARD CONFECCOES IMPORTADAS S.A.,VCI VANGUARD CONFECCOES IMPORTADAS S.A.,Crédito Privado,Emissor de Dívida,Ativo,,,,,Emissor de Dívida / Securitizadora,VCI VANGUARD CONFECCOES IMPORTADAS S.A. é emissora de títulos de crédito privado registrados na CVM.
48569940000122,48.569.940/0001-22,AMBIENTAL CEARA 1 SPE S.A.,AMBIENTAL CEARA 1 SPE S.A.,Crédito Privado,Emissor de Dívida,Ativo,,,,,Emissor de Dívida / Securitizadora,AMBIENTAL CEARA 1 SPE S.A. é emissora de títulos de crédito privado registrados na CVM.
07729358000107,07.729.358/0001-07,IBIPAR S.A.,IBIPAR S.A.,Crédito Privado,Emissor de Dívida,Ativo,,,,,Emissor de Dívida / Securitizadora,IBIPAR S.A. é emissora de títulos de crédito privado registrados na CVM.
04973790000142,04.973.790/0001-42,CPFL COMERCIALIZACAO BRASIL S.A.,CPFL COMERCIALIZACAO BRASIL S.A.,Crédito Privado,Emissor de Dívida,Ativo,,,,,Emissor de Dívida / Securitizadora,CPFL COMERCIALIZACAO BRASIL S.A. é emissora de títulos de crédito privado registrados na CVM.
83489963000128,83.489.963/0001-28,WPA PARTICIPACOES E SERVICOS S.A.,WPA PARTICIPACOES E SERVICOS S.A.,Crédito Privado,Emissor de Dívida,Ativo,,,,,Emissor de Dívida / Securitizadora,WPA PARTICIPACOES E SERVICOS S.A. é emissora de títulos de crédito privado registrados na CVM.
10362820000187,10.362.820/0001-87,USINA SAO JOSE S/A,USINA SAO JOSE S/A,Crédito Privado,Emissor de Dívida,Ativo,,,,,Emissor de Dívida / Securitizadora,USINA SAO JOSE S/A é emissora de títulos de crédito privado registrados na CVM.
10552848000187,10.552.848/0001-87,BRILHANTE TRANSMISSORA DE ENERGIA SA,BRILHANTE TRANSMISSORA DE ENERGIA SA,Crédito Privado,Emissor de Dívida,Ativo,,,,,Emissor de Dívida / Securitizadora,BRILHANTE TRANSMISSORA DE ENERGIA SA é emissora de títulos de crédito privado registrados na CVM.
52230272000181,52.230.272/0001-81,CGH RIO CLARO SPE S/A,CGH RIO CLARO SPE S/A,Crédito Privado,Emissor de Dívida,Ativo,https://www.cghrioclaro.com.br,,,,Emissor de Dívida / Securitizadora,CGH RIO CLARO SPE S/A é emissora de títulos de crédito privado registrados na CVM.
61079117000105,61.079.117/0001-05,ALPARGATAS SA,ALPARGATAS SA,Crédito Privado,Emissor de Dívida,Ativo,https://ri.alpargatas.com.br/,,,,Emissor de Dívida / Securitizadora,ALPARGATAS SA é emissora de títulos de crédito privado registrados na CVM.
06880609000189,06.880.609/0001-89,FIDENS CONSTRUCOES S/A,FIDENS CONSTRUCOES S/A,Crédito Privado,Emissor de Dívida,Ativo,,,,,Emissor de Dívida / Securitizadora,FIDENS CONSTRUCOES S/A é emissora de títulos de crédito privado registrados na CVM.
09000493000215,09.000.493/0002-15,HORTUS COMERCIO DE ALIMENTOS S.A.,HORTUS COMERCIO DE ALIMENTOS S.A.,Crédito Privado,Emissor de Dívida,Ativo,https://www.marche.com.br,,,,Emissor de Dívida / Securitizadora,HORTUS COMERCIO DE ALIMENTOS S.A. é emissora de títulos de crédito privado registrados na CVM.
11421994000136,11.421.994/0001-36,ORIZON VALORIZAÇÃO DE RESÍDUOS S.A.,ORIZON VALORIZAÇÃO DE RESÍDUOS S.A.,Crédito Privado,Emissor de Dívida,Ativo,https://ri.orizonvr.com.br/,,,,Emissor de Dívida / Securitizadora,ORIZON VALORIZAÇÃO DE RESÍDUOS S.A. é emissora de títulos de crédito privado registrados na CVM.
55231969000165,55.231.969/0001-65,EPR VIA MINEIRA S.A.,EPR VIA MINEIRA S.A.,Crédito Privado,Emissor de Dívida,Ativo,,,,,Emissor de Dívida / Securitizadora,EPR VIA MINEIRA S.A. é emissora de títulos de crédito privado registrados na CVM.
63216005000176,63.216.005/0001-76,BRAZIL GREEN OPPORTUNITIES II SPE LTDA.,BRAZIL GREEN OPPORTUNITIES II SPE LTDA.,Crédito Privado,Emissor de Dívida,Ativo,,,,,Emissor de Dívida / Securitizadora,BRAZIL GREEN OPPORTUNITIES II SPE LTDA. é emissora de títulos de crédito privado registrados na CVM.
08259544000184,08.259.544/0001-84,TOPICO LOCACOES DE GALPOES E EQUIPAMENTOS PARA INDUSTRIAS S.A,TOPICO LOCACOES DE GALPOES E EQUIPAMENTOS PARA INDUSTRIAS S.A,Crédito Privado,Emissor de Dívida,Ativo,,,,,Emissor de Dívida / Securitizadora,TOPICO LOCACOES DE GALPOES E EQUIPAMENTOS PARA INDUSTRIAS S.A é emissora de títulos de crédito privado registrados na CVM.
61082988000170,61.082.988/0001-70,MARINGA FERRO-LIGA S.A,MARINGA FERRO-LIGA S.A,Crédito Privado,Emissor de Dívida,Ativo,,,,,Emissor de Dívida / Securitizadora,MARINGA FERRO-LIGA S.A é emissora de títulos de crédito privado registrados na CVM.
19642306000170,19.642.306/0001-70,CONCESSIONÁRIA DE RODOVIA SUL-MATOGROSSENSE S.A.,CONCESSIONÁRIA DE RODOVIA SUL-MATOGROSSENSE S.A.,Crédito Privado,Emissor de Dívida,Ativo,,,,,Emissor de Dívida / Securitizadora,CONCESSIONÁRIA DE RODOVIA SUL-MATOGROSSENSE S.A. é emissora de títulos de crédito privado registrados na CVM.
23514652000140,23.514.652/0001-40,UTE GNA II GERACAO DE ENERGIA S.A.,UTE GNA II GERACAO DE ENERGIA S.A.,Crédito Privado,Emissor de Dívida,Ativo,,,,,Emissor de Dívida / Securitizadora,UTE GNA II GERACAO DE ENERGIA S.A. é emissora de títulos de crédito privado registrados na CVM.
61532198000149,61.532.198/0001-49,DELGA INDUSTRIA E COMERCIO S/A,DELGA INDUSTRIA E COMERCIO S/A,Crédito Privado,Emissor de Dívida,Ativo,,,,,Emissor de Dívida / Securitizadora,DELGA INDUSTRIA E COMERCIO S/A é emissora de títulos de crédito privado registrados na CVM.
62947412000190,62.947.412/0001-90,ALBIOMA SOLAR PARTICIPACOES S.A.,ALBIOMA SOLAR PARTICIPACOES S.A.,Crédito Privado,Emissor de Dívida,Ativo,,,,,Emissor de Dívida / Securitizadora,ALBIOMA SOLAR PARTICIPACOES S.A. é emissora de títulos de crédito privado registrados na CVM.
53074942000180,53.074.942/0001-80,THOPEN SOLAR 55 SPE S.A,THOPEN SOLAR 55 SPE S.A,Crédito Privado,Emissor de Dívida,Ativo,,,,,Emissor de Dívida / Securitizadora,THOPEN SOLAR 55 SPE S.A é emissora de títulos de crédito privado registrados na CVM.
64017857000105,64.017.857/0001-05,CONCESSIONARIA ROTA AGRO MT-GO S.A.,CONCESSIONARIA ROTA AGRO MT-GO S.A.,Crédito Privado,Emissor de Dívida,Ativo,,,,,Emissor de Dívida / Securitizadora,CONCESSIONARIA ROTA AGRO MT-GO S.A. é emissora de títulos de crédito privado registrados na CVM.
64025267000116,64.025.267/0001-16,ROTA DA BR 364 MT-GO PARTICIPACOES S.A.,ROTA DA BR 364 MT-GO PARTICIPACOES S.A.,Crédito Privado,Emissor de Dívida,Ativo,,,,,Emissor de Dívida / Securitizadora,ROTA DA BR 364 MT-GO PARTICIPACOES S.A. é emissora de títulos de crédito privado registrados na CVM.
51490598000185,51.490.598/0001-85,PARQUE EOLICO JACOBINA 04 S.A.,PARQUE EOLICO JACOBINA 04 S.A.,Crédito Privado,Emissor de Dívida,Ativo,,,,,Emissor de Dívida / Securitizadora,PARQUE EOLICO JACOBINA 04 S.A. é emissora de títulos de crédito privado registrados na CVM.
51200883000114,51.200.883/0001-14,PARQUE EOLICO JACOBINA 03 S.A,PARQUE EOLICO JACOBINA 03 S.A,Crédito Privado,Emissor de Dívida,Ativo,,,,,Emissor de Dívida / Securitizadora,PARQUE EOLICO JACOBINA 03 S.A é emissora de títulos de crédito privado registrados na CVM.
60978519000170,60.978.519/0001-70,EPR INFRAESTRUTURA LOTE 4 PR S.A,EPR INFRAESTRUTURA LOTE 4 PR S.A,Crédito Privado,Emissor de Dívida,Ativo,,,,,Emissor de Dívida / Securitizadora,EPR INFRAESTRUTURA LOTE 4 PR S.A é emissora de títulos de crédito privado registrados na CVM.
60978495000150,60.978.495/0001-50,EPR 5 PARTICIPACOES S.A.,EPR 5 PARTICIPACOES S.A.,Crédito Privado,Emissor de Dívida,Ativo,,,,,Emissor de Dívida / Securitizadora,EPR 5 PARTICIPACOES S.A. é emissora de títulos de crédito privado registrados na CVM.
51200548000116,51.200.548/0001-16,PARQUE EOLICO JACOBINA 02 S.A,PARQUE EOLICO JACOBINA 02 S.A,Crédito Privado,Emissor de Dívida,Ativo,,,,,Emissor de Dívida / Securitizadora,PARQUE EOLICO JACOBINA 02 S.A é emissora de títulos de crédito privado registrados na CVM.
61182122000130,61.182.122/0001-30,IGXI SPE S.A,IGXI SPE S.A,Crédito Privado,Emissor de Dívida,Ativo,,,,,Emissor de Dívida / Securitizadora,IGXI SPE S.A é emissora de títulos de crédito privado registrados na CVM.
40159947000164,40.159.947/0001-64,HMOBI PARTICIPACOES S.A,HMOBI PARTICIPACOES S.A,Crédito Privado,Emissor de Dívida,Ativo,,,,,Emissor de Dívida / Securitizadora,HMOBI PARTICIPACOES S.A é emissora de títulos de crédito privado registrados na CVM.
03852459000101,03.852.459/0001-01,EGTC INFRA S.A.,EGTC INFRA S.A.,Crédito Privado,Emissor de Dívida,Ativo,,,,,Emissor de Dívida / Securitizadora,EGTC INFRA S.A. é emissora de títulos de crédito privado registrados na CVM.
63929367000104,63.929.367/0001-04,CONCESSIONARIA ROTA SERTANEJA MG-GO S.A,CONCESSIONARIA ROTA SERTANEJA MG-GO S.A,Crédito Privado,Emissor de Dívida,Ativo,,,,,Emissor de Dívida / Securitizadora,CONCESSIONARIA ROTA SERTANEJA MG-GO S.A é emissora de títulos de crédito privado registrados na CVM.
63929444000126,63.929.444/0001-26,ROTA DA BR 153 MG-GO S.A,ROTA DA BR 153 MG-GO S.A,Crédito Privado,Emissor de Dívida,Ativo,,,,,Emissor de Dívida / Securitizadora,ROTA DA BR 153 MG-GO S.A é emissora de títulos de crédito privado registrados na CVM.
00974211000125,00.974.211/0001-25,LINHA AMARELA S.A.- LAMSA,LINHA AMARELA S.A.- LAMSA,Crédito Privado,Emissor de Dívida,Ativo,,,,,Emissor de Dívida / Securitizadora,LINHA AMARELA S.A.- LAMSA é emissora de títulos de crédito privado registrados na CVM.
22904380000121,22.904.380/0001-21,FUTURA ENERGIA SA,FUTURA ENERGIA SA,Crédito Privado,Emissor de Dívida,Ativo,,,,,Emissor de Dívida / Securitizadora,FUTURA ENERGIA SA é emissora de títulos de crédito privado registrados na CVM.
60894136000114,60.894.136/0001-14,ORIGINAL VEICULOS S A,ORIGINAL VEICULOS S A,Crédito Privado,Emissor de Dívida,Ativo,,,,,Emissor de Dívida / Securitizadora,ORIGINAL VEICULOS S A é emissora de títulos de crédito privado registrados na CVM.
28231010000157,28.231.010/0001-57,Bold Securitizadora S.A.,Bold Securitizadora S.A.,Crédito Privado,Emissor de Dívida,Ativo,https://ri.boldfinance.com.br,,,,Emissor de Dívida / Securitizadora,Bold Securitizadora S.A. é emissora de títulos de crédito privado registrados na CVM.
05368250000100,05.368.250/0001-00,CGD EMPREENDIMENTOS S/A,CGD EMPREENDIMENTOS S/A,Crédito Privado,Emissor de Dívida,Ativo,,,,,Emissor de Dívida / Securitizadora,CGD EMPREENDIMENTOS S/A é emissora de títulos de crédito privado registrados na CVM.
55629962000104,55.629.962/0001-04,ELECTRA HYDRA PARTICIPACOES SOCIETARIAS S/A,ELECTRA HYDRA PARTICIPACOES SOCIETARIAS S/A,Crédito Privado,Emissor de Dívida,Ativo,https://www.electrahydra.com.br/,,,,Emissor de Dívida / Securitizadora,ELECTRA HYDRA PARTICIPACOES SOCIETARIAS S/A é emissora de títulos de crédito privado registrados na CVM.
55560187000170,55.560.187/0001-70,CAVERNOSO II GERACAO DE ENERGIA S.A,CAVERNOSO II GERACAO DE ENERGIA S.A,Crédito Privado,Emissor de Dívida,Ativo,https://electrahydra.com.br/cavernoso_II,,,,Emissor de Dívida / Securitizadora,CAVERNOSO II GERACAO DE ENERGIA S.A é emissora de títulos de crédito privado registrados na CVM.
23538866000156,23.538.866/0001-56,SANTA CLARA ENERGETICA S.A.,SANTA CLARA ENERGETICA S.A.,Crédito Privado,Emissor de Dívida,Ativo,,,,,Emissor de Dívida / Securitizadora,SANTA CLARA ENERGETICA S.A. é emissora de títulos de crédito privado registrados na CVM.
51321805000178,51.321.805/0001-78,REUSO ITABORAI S.A,REUSO ITABORAI S.A,Crédito Privado,Emissor de Dívida,Ativo,,,,,Emissor de Dívida / Securitizadora,REUSO ITABORAI S.A é emissora de títulos de crédito privado registrados na CVM.
61806722000122,61.806.722/0001-22,COCAL RIO BRILHANTE AGROINDUSTRIAL S.A.,COCAL RIO BRILHANTE AGROINDUSTRIAL S.A.,Crédito Privado,Emissor de Dívida,Ativo,,,,,Emissor de Dívida / Securitizadora,COCAL RIO BRILHANTE AGROINDUSTRIAL S.A. é emissora de títulos de crédito privado registrados na CVM.
62726756000170,62.726.756/0001-70,MGC DOURO EMPREENDIMENTOS E PARTICIPACOES S.A.,MGC DOURO EMPREENDIMENTOS E PARTICIPACOES S.A.,Crédito Privado,Emissor de Dívida,Ativo,,,,,Emissor de Dívida / Securitizadora,MGC DOURO EMPREENDIMENTOS E PARTICIPACOES S.A. é emissora de títulos de crédito privado registrados na CVM.
86445822000100,86.445.822/0001-00,COPOBRAS S/A. INDUSTRIA E COMERCIO DE EMBALAGENS,COPOBRAS S/A. INDUSTRIA E COMERCIO DE EMBALAGENS,Crédito Privado,Emissor de Dívida,Ativo,,,,,Emissor de Dívida / Securitizadora,COPOBRAS S/A. INDUSTRIA E COMERCIO DE EMBALAGENS é emissora de títulos de crédito privado registrados na CVM.
09324949000111,09.324.949/0001-11,AUTOPISTA FLUMINENSE SA,AUTOPISTA FLUMINENSE SA,Crédito Privado,Emissor de Dívida,Ativo,,,,,Emissor de Dívida / Securitizadora,AUTOPISTA FLUMINENSE SA é emissora de títulos de crédito privado registrados na CVM.
60602195000171,60.602.195/0001-71,EDEN EMPREENDIMENTOS E PARTICIPACOES S.A.,EDEN EMPREENDIMENTOS E PARTICIPACOES S.A.,Crédito Privado,Emissor de Dívida,Ativo,,,,,Emissor de Dívida / Securitizadora,EDEN EMPREENDIMENTOS E PARTICIPACOES S.A. é emissora de títulos de crédito privado registrados na CVM.
52805588000154,52.805.588/0001-54,IGARAPAVA SANEAMENTO S.A.,IGARAPAVA SANEAMENTO S.A.,Crédito Privado,Emissor de Dívida,Ativo,,,,,Emissor de Dívida / Securitizadora,IGARAPAVA SANEAMENTO S.A. é emissora de títulos de crédito privado registrados na CVM.
33572408000197,33.572.408/0001-97,RUMO MALHA CENTRAL S.A.,RUMO MALHA CENTRAL S.A.,Crédito Privado,Emissor de Dívida,Ativo,,,,,Emissor de Dívida / Securitizadora,RUMO MALHA CENTRAL S.A. é emissora de títulos de crédito privado registrados na CVM.
61806505000132,61.806.505/0001-32,COCAL PASSA TEMPO AGROINDUSTRIAL S.A.,COCAL PASSA TEMPO AGROINDUSTRIAL S.A.,Crédito Privado,Emissor de Dívida,Ativo,,,,,Emissor de Dívida / Securitizadora,COCAL PASSA TEMPO AGROINDUSTRIAL S.A. é emissora de títulos de crédito privado registrados na CVM.
62964459000162,62.964.459/0001-62,CL SITES S.A.,CL SITES S.A.,Crédito Privado,Emissor de Dívida,Ativo,,,,,Emissor de Dívida / Securitizadora,CL SITES S.A. é emissora de títulos de crédito privado registrados na CVM.
58616119000173,58.616.119/0001-73,BRODOWSKI SANEAMENTO S.A.,BRODOWSKI SANEAMENTO S.A.,Crédito Privado,Emissor de Dívida,Ativo,,,,,Emissor de Dívida / Securitizadora,BRODOWSKI SANEAMENTO S.A. é emissora de títulos de crédito privado registrados na CVM.
47882671000197,47.882.671/0001-97,SUN INVEST III S/A,SUN INVEST III S/A,Crédito Privado,Emissor de Dívida,Ativo,,,,,Emissor de Dívida / Securitizadora,SUN INVEST III S/A é emissora de títulos de crédito privado registrados na CVM.
59479704000131,59.479.704/0001-31,ILUMINA ITAPECERICA DA SERRA SPE S.A,ILUMINA ITAPECERICA DA SERRA SPE S.A,Crédito Privado,Emissor de Dívida,Ativo,,,,,Emissor de Dívida / Securitizadora,ILUMINA ITAPECERICA DA SERRA SPE S.A é emissora de títulos de crédito privado registrados na CVM.
41235642000157,41.235.642/0001-57,AXS ENERGIA UNIDADE 01 S.A,AXS ENERGIA UNIDADE 01 S.A,Crédito Privado,Emissor de Dívida,Ativo,,,,,Emissor de Dívida / Securitizadora,AXS ENERGIA UNIDADE 01 S.A é emissora de títulos de crédito privado registrados na CVM.
36113075000126,36.113.075/0001-26,ORION TRANSMISSAO S A,ORION TRANSMISSAO S A,Crédito Privado,Emissor de Dívida,Ativo,,,,,Emissor de Dívida / Securitizadora,ORION TRANSMISSAO S A é emissora de títulos de crédito privado registrados na CVM.
41934221000114,41.934.221/0001-14,CS BRASIL HOLDING E LOCACAO S.A.,CS BRASIL HOLDING E LOCACAO S.A.,Crédito Privado,Emissor de Dívida,Ativo,,,,,Emissor de Dívida / Securitizadora,CS BRASIL HOLDING E LOCACAO S.A. é emissora de títulos de crédito privado registrados na CVM.
43217280000105,43.217.280/0001-05,"SOCICAM ADMINISTRACAO, PROJETOS E REPRESENTACOES S.A.","SOCICAM ADMINISTRACAO, PROJETOS E REPRESENTACOES S.A.",Crédito Privado,Emissor de Dívida,Ativo,,,,,Emissor de Dívida / Securitizadora,"SOCICAM ADMINISTRACAO, PROJETOS E REPRESENTACOES S.A. é emissora de títulos de crédito privado registrados na CVM."
06347409000165,06.347.409/0001-65,SBF COMERCIO DE PRODUTOS ESPORTIVOS S.A.,SBF COMERCIO DE PRODUTOS ESPORTIVOS S.A.,Crédito Privado,Emissor de Dívida,Ativo,https://ri.gruposbf.com.br/servicos-aos-investidores/debentures-sbf-comercio/,,,,Emissor de Dívida / Securitizadora,SBF COMERCIO DE PRODUTOS ESPORTIVOS S.A. é emissora de títulos de crédito privado registrados na CVM.
19046324000199,19.046.324/0001-99,EDGE COMERCIALIZACAO S.A.,EDGE COMERCIALIZACAO S.A.,Crédito Privado,Emissor de Dívida,Ativo,,,,,Emissor de Dívida / Securitizadora,EDGE COMERCIALIZACAO S.A. é emissora de títulos de crédito privado registrados na CVM.
25322949000139,25.322.949/0001-39,NEXTI DESENVOLVIMENTO DE SISTEMAS S.A.,NEXTI DESENVOLVIMENTO DE SISTEMAS S.A.,Crédito Privado,Emissor de Dívida,Ativo,https://nexti.com/,,,,Emissor de Dívida / Securitizadora,NEXTI DESENVOLVIMENTO DE SISTEMAS S.A. é emissora de títulos de crédito privado registrados na CVM.
57126426000103,57.126.426/0001-03,ESOL LOCACAO DE INFRAESTRUTURA SPE S.A.,ESOL LOCACAO DE INFRAESTRUTURA SPE S.A.,Crédito Privado,Emissor de Dívida,Ativo,,,,,Emissor de Dívida / Securitizadora,ESOL LOCACAO DE INFRAESTRUTURA SPE S.A. é emissora de títulos de crédito privado registrados na CVM.
63732070000154,63.732.070/0001-54,VITA SERTAO CONCESSIONARIA DE SANEAMENTO S.A.,VITA SERTAO CONCESSIONARIA DE SANEAMENTO S.A.,Crédito Privado,Emissor de Dívida,Ativo,https://ri.vitasertao.com.br/,,,,Emissor de Dívida / Securitizadora,VITA SERTAO CONCESSIONARIA DE SANEAMENTO S.A. é emissora de títulos de crédito privado registrados na CVM.
55687227000149,55.687.227/0001-49,EDF BRASIL HIDRO PARTICIPACOES S.A.,EDF BRASIL HIDRO PARTICIPACOES S.A.,Crédito Privado,Emissor de Dívida,Ativo,https://brazil.edfpowersolutions.com/,,,,Emissor de Dívida / Securitizadora,EDF BRASIL HIDRO PARTICIPACOES S.A. é emissora de títulos de crédito privado registrados na CVM.
55078938000116,55.078.938/0001-16,EDP TRANSMISSAO NORTE NORDESTE 2 S.A.,EDP TRANSMISSAO NORTE NORDESTE 2 S.A.,Crédito Privado,Emissor de Dívida,Ativo,,,,,Emissor de Dívida / Securitizadora,EDP TRANSMISSAO NORTE NORDESTE 2 S.A. é emissora de títulos de crédito privado registrados na CVM.
08486781000188,08.486.781/0001-88,ROGGA S.A CONSTRUTORA E INCORPORADORA,ROGGA S.A CONSTRUTORA E INCORPORADORA,Crédito Privado,Emissor de Dívida,Ativo,https://www.rogga.com.br/,,,,Emissor de Dívida / Securitizadora,ROGGA S.A CONSTRUTORA E INCORPORADORA é emissora de títulos de crédito privado registrados na CVM.
54414102000182,54.414.102/0001-82,LIQI SECURITIZADORA S.A.,LIQI SECURITIZADORA S.A.,Crédito Privado,Emissor de Dívida,Ativo,https://liqi.com.br,,,,Emissor de Dívida / Securitizadora,LIQI SECURITIZADORA S.A. é emissora de títulos de crédito privado registrados na CVM.
63227916000107,63.227.916/0001-07,SPE JOPE ISB INOVA CXS SA,SPE JOPE ISB INOVA CXS SA,Crédito Privado,Emissor de Dívida,Ativo,,,,,Emissor de Dívida / Securitizadora,SPE JOPE ISB INOVA CXS SA é emissora de títulos de crédito privado registrados na CVM.
01891441000193,01.891.441/0001-93,TRANSPORTADORA BRASILEIRA GASODUTO BOLIVIA-BRASIL S/A,TRANSPORTADORA BRASILEIRA GASODUTO BOLIVIA-BRASIL S/A,Crédito Privado,Emissor de Dívida,Ativo,,,,,Emissor de Dívida / Securitizadora,TRANSPORTADORA BRASILEIRA GASODUTO BOLIVIA-BRASIL S/A é emissora de títulos de crédito privado registrados na CVM.
09021992000108,09.021.992/0001-08,Rede 7 S.A.,Rede 7 S.A.,Crédito Privado,Emissor de Dívida,Ativo,https://www.rdp7.com.br,,,,Emissor de Dívida / Securitizadora,Rede 7 S.A. é emissora de títulos de crédito privado registrados na CVM.
63779546000102,63.779.546/0001-02,VENTOS DE SANTA FLORA ENERGIAS RENOVAVEIS S.A.,VENTOS DE SANTA FLORA ENERGIAS RENOVAVEIS S.A.,Crédito Privado,Emissor de Dívida,Ativo,,,,,Emissor de Dívida / Securitizadora,VENTOS DE SANTA FLORA ENERGIAS RENOVAVEIS S.A. é emissora de títulos de crédito privado registrados na CVM.
33050071000158,33.050.071/0001-58,AMPLA ENERGIA E SERVIÇOS S.A.,AMPLA ENERGIA E SERVIÇOS S.A.,Crédito Privado,Emissor de Dívida,Ativo,,,,,Emissor de Dívida / Securitizadora,AMPLA ENERGIA E SERVIÇOS S.A. é emissora de títulos de crédito privado registrados na CVM.
46574244000189,46.574.244/0001-89,RESERVA NOVOS PARQUES URBANOS S.A.,RESERVA NOVOS PARQUES URBANOS S.A.,Crédito Privado,Emissor de Dívida,Ativo,,,,,Emissor de Dívida / Securitizadora,RESERVA NOVOS PARQUES URBANOS S.A. é emissora de títulos de crédito privado registrados na CVM.
51490603000150,51.490.603/0001-50,PARQUE EOLICO JACOBINA 05 S.A.,PARQUE EOLICO JACOBINA 05 S.A.,Crédito Privado,Emissor de Dívida,Ativo,,,,,Emissor de Dívida / Securitizadora,PARQUE EOLICO JACOBINA 05 S.A. é emissora de títulos de crédito privado registrados na CVM.
64948494000113,64.948.494/0001-13,RIALMA ENERGIA SPE S.A.,RIALMA ENERGIA SPE S.A.,Crédito Privado,Emissor de Dívida,Ativo,https://www.gruporialma.com.br/ri,,,,Emissor de Dívida / Securitizadora,RIALMA ENERGIA SPE S.A. é emissora de títulos de crédito privado registrados na CVM.
50955674000118,50.955.674/0001-18,GBIO ENERGIA S A,GBIO ENERGIA S A,Crédito Privado,Emissor de Dívida,Ativo,,,,,Emissor de Dívida / Securitizadora,GBIO ENERGIA S A é emissora de títulos de crédito privado registrados na CVM.
67620377000114,67.620.377/0001-14,MINERVA S/A,MINERVA S/A,Crédito Privado,Emissor de Dívida,Ativo,https://ri.minervafoods.com,,,,Emissor de Dívida / Securitizadora,MINERVA S/A é emissora de títulos de crédito privado registrados na CVM.
65613958000101,65.613.958/0001-01,BASA SANEAMENTO AMBIENTAL S.A.,BASA SANEAMENTO AMBIENTAL S.A.,Crédito Privado,Emissor de Dívida,Ativo,https://www.ri.brkambiental.com.br/,,,,Emissor de Dívida / Securitizadora,BASA SANEAMENTO AMBIENTAL S.A. é emissora de títulos de crédito privado registrados na CVM.
45239925000128,45.239.925/0001-28,INFRAESTRUTURA BRASIL HOLDING XVIII S.A,INFRAESTRUTURA BRASIL HOLDING XVIII S.A,Crédito Privado,Emissor de Dívida,Ativo,,,,,Emissor de Dívida / Securitizadora,INFRAESTRUTURA BRASIL HOLDING XVIII S.A é emissora de títulos de crédito privado registrados na CVM.
14707203000127,14.707.203/0001-27,LRC MIDIA OUT OF HOME S.A.,LRC MIDIA OUT OF HOME S.A.,Crédito Privado,Emissor de Dívida,Ativo,,,,,Emissor de Dívida / Securitizadora,LRC MIDIA OUT OF HOME S.A. é emissora de títulos de crédito privado registrados na CVM.
52507338000138,52.507.338/0001-38,PARAIPABA PARTICIPACOES S.A.,PARAIPABA PARTICIPACOES S.A.,Crédito Privado,Emissor de Dívida,Ativo,,,,,Emissor de Dívida / Securitizadora,PARAIPABA PARTICIPACOES S.A. é emissora de títulos de crédito privado registrados na CVM.
56950924000103,56.950.924/0001-03,VIA RAPOSO CONCESSIONARIA DE RODOVIAS S.A,VIA RAPOSO CONCESSIONARIA DE RODOVIAS S.A,Crédito Privado,Emissor de Dívida,Ativo,,,,,Emissor de Dívida / Securitizadora,VIA RAPOSO CONCESSIONARIA DE RODOVIAS S.A é emissora de títulos de crédito privado registrados na CVM.
65730963000196,65.730.963/0001-96,TTL HOLDING 36 S/A,TTL HOLDING 36 S/A,Crédito Privado,Emissor de Dívida,Ativo,,,,,Emissor de Dívida / Securitizadora,TTL HOLDING 36 S/A é emissora de títulos de crédito privado registrados na CVM.
65329869000120,65.329.869/0001-20,ACQUAVIAS SP PARTICIPACOES S.A,ACQUAVIAS SP PARTICIPACOES S.A,Crédito Privado,Emissor de Dívida,Ativo,https://www.holdingacquaviassp.com.br/,,,,Emissor de Dívida / Securitizadora,ACQUAVIAS SP PARTICIPACOES S.A é emissora de títulos de crédito privado registrados na CVM.
24312932000138,24.312.932/0001-38,REC GUARULHOS II S.A.,REC GUARULHOS II S.A.,Crédito Privado,Emissor de Dívida,Ativo,,,,,Emissor de Dívida / Securitizadora,REC GUARULHOS II S.A. é emissora de títulos de crédito privado registrados na CVM.
63800186000183,63.800.186/0001-83,INFINITY INFRA EDUCACIONAL S.A,INFINITY INFRA EDUCACIONAL S.A,Crédito Privado,Emissor de Dívida,Ativo,,,,,Emissor de Dívida / Securitizadora,INFINITY INFRA EDUCACIONAL S.A é emissora de títulos de crédito privado registrados na CVM.
46574475000192,46.574.475/0001-92,METRO BH S.A.,METRO BH S.A.,Crédito Privado,Emissor de Dívida,Ativo,https://www.metrobh.com.br/investidores/,,,,Emissor de Dívida / Securitizadora,METRO BH S.A. é emissora de títulos de crédito privado registrados na CVM.
10376555000196,10.376.555/0001-96,COMBIO ENERGIA S.A.,COMBIO ENERGIA S.A.,Crédito Privado,Emissor de Dívida,Ativo,,,,,Emissor de Dívida / Securitizadora,COMBIO ENERGIA S.A. é emissora de títulos de crédito privado registrados na CVM.
55764541000188,55.764.541/0001-88,TGR SUBHOLDING 4 S.A.,TGR SUBHOLDING 4 S.A.,Crédito Privado,Emissor de Dívida,Ativo,,,,,Emissor de Dívida / Securitizadora,TGR SUBHOLDING 4 S.A. é emissora de títulos de crédito privado registrados na CVM.
41777706000141,41.777.706/0001-41,REFINARIA DE MATARIPE S.A.,REFINARIA DE MATARIPE S.A.,Crédito Privado,Emissor de Dívida,Ativo,,,,,Emissor de Dívida / Securitizadora,REFINARIA DE MATARIPE S.A. é emissora de títulos de crédito privado registrados na CVM.
03645772000179,03.645.772/0001-79,DOCK TECNOLOGIA S.A.,DOCK TECNOLOGIA S.A.,Crédito Privado,Emissor de Dívida,Ativo,,,,,Emissor de Dívida / Securitizadora,DOCK TECNOLOGIA S.A. é emissora de títulos de crédito privado registrados na CVM.
43061782000181,43.061.782/0001-81,ROSARIO DO CATETE AMBIENTAL SOCIEDADE ANONIMA,ROSARIO DO CATETE AMBIENTAL SOCIEDADE ANONIMA,Crédito Privado,Emissor de Dívida,Ativo,,,,,Emissor de Dívida / Securitizadora,ROSARIO DO CATETE AMBIENTAL SOCIEDADE ANONIMA é emissora de títulos de crédito privado registrados na CVM.
59778237000140,59.778.237/0001-40,CONCESSIONARIA ROTA DOURADA S.A.,CONCESSIONARIA ROTA DOURADA S.A.,Crédito Privado,Emissor de Dívida,Ativo,,,,,Emissor de Dívida / Securitizadora,CONCESSIONARIA ROTA DOURADA S.A. é emissora de títulos de crédito privado registrados na CVM.
04557307000149,04.557.307/0001-49,ELEJOR - CENTRAIS ELETRICAS DO RIO JORDAO S.A.,ELEJOR - CENTRAIS ELETRICAS DO RIO JORDAO S.A.,Crédito Privado,Emissor de Dívida,Ativo,,,,,Emissor de Dívida / Securitizadora,ELEJOR - CENTRAIS ELETRICAS DO RIO JORDAO S.A. é emissora de títulos de crédito privado registrados na CVM.
53191559000102,53.191.559/0001-02,IVI ENERGIA SH III S.A.,IVI ENERGIA SH III S.A.,Crédito Privado,Emissor de Dívida,Ativo,,,,,Emissor de Dívida / Securitizadora,IVI ENERGIA SH III S.A. é emissora de títulos de crédito privado registrados na CVM.
54174189000168,54.174.189/0001-68,ACELEN INDUSTRIAL S.A.,ACELEN INDUSTRIAL S.A.,Crédito Privado,Emissor de Dívida,Ativo,https://www.acelenrenovaveis.com.br/avisos/,,,,Emissor de Dívida / Securitizadora,ACELEN INDUSTRIAL S.A. é emissora de títulos de crédito privado registrados na CVM.
07727966000255,07.727.966/0002-55,SERRA DO FACAO ENERGIA S.A.,SERRA DO FACAO ENERGIA S.A.,Crédito Privado,Emissor de Dívida,Ativo,,,,,Emissor de Dívida / Securitizadora,SERRA DO FACAO ENERGIA S.A. é emissora de títulos de crédito privado registrados na CVM.
02763931000177,02.763.931/0001-77,SIMPLE WAY LOCACOES E SERVICOS S.A.,SIMPLE WAY LOCACOES E SERVICOS S.A.,Crédito Privado,Emissor de Dívida,Ativo,,,,,Emissor de Dívida / Securitizadora,SIMPLE WAY LOCACOES E SERVICOS S.A. é emissora de títulos de crédito privado registrados na CVM.
09326342000170,09.326.342/0001-70,AUTOPISTA FERNÃO DIAS SA,AUTOPISTA FERNÃO DIAS SA,Crédito Privado,Emissor de Dívida,Ativo,,,,,Emissor de Dívida / Securitizadora,AUTOPISTA FERNÃO DIAS SA é emissora de títulos de crédito privado registrados na CVM.
08493354000127,08.493.354/0001-27,VALE DO TIJUCO ACUCAR E ALCOOL S.A.,VALE DO TIJUCO ACUCAR E ALCOOL S.A.,Crédito Privado,Emissor de Dívida,Ativo,,,,,Emissor de Dívida / Securitizadora,VALE DO TIJUCO ACUCAR E ALCOOL S.A. é emissora de títulos de crédito privado registrados na CVM.
28704797000127,28.704.797/0001-27,TWO SQUARE TRANSMISSIONS PARTICIPACOES S A,TWO SQUARE TRANSMISSIONS PARTICIPACOES S A,Crédito Privado,Emissor de Dívida,Ativo,,,,,Emissor de Dívida / Securitizadora,TWO SQUARE TRANSMISSIONS PARTICIPACOES S A é emissora de títulos de crédito privado registrados na CVM.
63819943000160,63.819.943/0001-60,CONCESSIONARIA RODOVIA DA INTEGRACAO SPE S.A.,CONCESSIONARIA RODOVIA DA INTEGRACAO SPE S.A.,Crédito Privado,Emissor de Dívida,Ativo,,,,,Emissor de Dívida / Securitizadora,CONCESSIONARIA RODOVIA DA INTEGRACAO SPE S.A. é emissora de títulos de crédito privado registrados na CVM.
60437929000104,60.437.929/0001-04,CONCESSIONARIA DE RODOVIA NOVA 364 S.A.,CONCESSIONARIA DE RODOVIA NOVA 364 S.A.,Crédito Privado,Emissor de Dívida,Ativo,,,,,Emissor de Dívida / Securitizadora,CONCESSIONARIA DE RODOVIA NOVA 364 S.A. é emissora de títulos de crédito privado registrados na CVM.
61616064000106,61.616.064/0001-06,HOLDING  VPORTS S.A.,HOLDING  VPORTS S.A.,Crédito Privado,Emissor de Dívida,Ativo,,,,,Emissor de Dívida / Securitizadora,HOLDING  VPORTS S.A. é emissora de títulos de crédito privado registrados na CVM.
41554993000120,41.554.993/0001-20,SILVANIA TRANSMISSORA DE ENERGIA S.A.,SILVANIA TRANSMISSORA DE ENERGIA S.A.,Crédito Privado,Emissor de Dívida,Ativo,https://www.stategrid.com.br,,,,Emissor de Dívida / Securitizadora,SILVANIA TRANSMISSORA DE ENERGIA S.A. é emissora de títulos de crédito privado registrados na CVM.
90272337000140,90.272.337/0001-40,FAGUNDES CONSTRUCAO E MINERACAO S/A,FAGUNDES CONSTRUCAO E MINERACAO S/A,Crédito Privado,Emissor de Dívida,Ativo,https://www.fagundes.com/site/,,,,Emissor de Dívida / Securitizadora,FAGUNDES CONSTRUCAO E MINERACAO S/A é emissora de títulos de crédito privado registrados na CVM.
31112243000145,31.112.243/0001-45,DUX COMPANY LTDA.,DUX COMPANY LTDA.,Crédito Privado,Emissor de Dívida,Ativo,,,,,Emissor de Dívida / Securitizadora,DUX COMPANY LTDA. é emissora de títulos de crédito privado registrados na CVM.
41847533000190,41.847.533/0001-90,BLOXS CAPITAL PARTNERS LTDA,BLOXS CAPITAL PARTNERS LTDA,Crédito Privado,Emissor de Dívida,Ativo,https://site.bloxs.com.br/pt-BR/infraestrutura-regulatoria/bloxs-securitizadora,,,,Emissor de Dívida / Securitizadora,BLOXS CAPITAL PARTNERS LTDA é emissora de títulos de crédito privado registrados na CVM.
58452599000184,58.452.599/0001-84,CONCESSIONARIA ACCIONA AGUA - LOTE 2 PARANA SPE S.A.,CONCESSIONARIA ACCIONA AGUA - LOTE 2 PARANA SPE S.A.,Crédito Privado,Emissor de Dívida,Ativo,,,,,Emissor de Dívida / Securitizadora,CONCESSIONARIA ACCIONA AGUA - LOTE 2 PARANA SPE S.A. é emissora de títulos de crédito privado registrados na CVM.
60311421000165,60.311.421/0001-65,ARENA SERRA DOURADA S.A.,ARENA SERRA DOURADA S.A.,Crédito Privado,Emissor de Dívida,Ativo,,,,,Emissor de Dívida / Securitizadora,ARENA SERRA DOURADA S.A. é emissora de títulos de crédito privado registrados na CVM.
04781143000139,04.781.143/0001-39,BAESA-ENERGETICA BARRA GRANDE S/A,BAESA-ENERGETICA BARRA GRANDE S/A,Crédito Privado,Emissor de Dívida,Ativo,https://www.baesa.com.br/,,,,Emissor de Dívida / Securitizadora,BAESA-ENERGETICA BARRA GRANDE S/A é emissora de títulos de crédito privado registrados na CVM.
60517062000105,60.517.062/0001-05,APPLE PARTICIPACOES S.A.,APPLE PARTICIPACOES S.A.,Crédito Privado,Emissor de Dívida,Ativo,,,,,Emissor de Dívida / Securitizadora,APPLE PARTICIPACOES S.A. é emissora de títulos de crédito privado registrados na CVM.
07140538000140,07.140.538/0001-40,AUTOPASS S.A.,AUTOPASS S.A.,Crédito Privado,Emissor de Dívida,Ativo,https://www.autopass.com.br,,,,Emissor de Dívida / Securitizadora,AUTOPASS S.A. é emissora de títulos de crédito privado registrados na CVM.
02916265000160,02.916.265/0001-60,JBS SA,JBS SA,Crédito Privado,Emissor de Dívida,Ativo,,,,,Emissor de Dívida / Securitizadora,JBS SA é emissora de títulos de crédito privado registrados na CVM.
29694063000177,29.694.063/0001-77,CARBON HOLDING S.A.,CARBON HOLDING S.A.,Crédito Privado,Emissor de Dívida,Ativo,https://www.c6bank.com.br/documentos,,,,Emissor de Dívida / Securitizadora,CARBON HOLDING S.A. é emissora de títulos de crédito privado registrados na CVM.
43094886000192,43.094.886/0001-92,ORIGEM ENERGIA PILAR S.A.,ORIGEM ENERGIA PILAR S.A.,Crédito Privado,Emissor de Dívida,Ativo,,,,,Emissor de Dívida / Securitizadora,ORIGEM ENERGIA PILAR S.A. é emissora de títulos de crédito privado registrados na CVM.
08262121000113,08.262.121/0001-13,ALUBAR METAIS E CABOS S.A.,ALUBAR METAIS E CABOS S.A.,Crédito Privado,Emissor de Dívida,Ativo,https://www.alubar.net.br,,,,Emissor de Dívida / Securitizadora,ALUBAR METAIS E CABOS S.A. é emissora de títulos de crédito privado registrados na CVM.
04237975000199,04.237.975/0001-99,CERAN - COMPANHIA ENERGETICA RIO DAS ANTAS,CERAN - COMPANHIA ENERGETICA RIO DAS ANTAS,Crédito Privado,Emissor de Dívida,Ativo,https://ceran.com.br/institucional/,,,,Emissor de Dívida / Securitizadora,CERAN - COMPANHIA ENERGETICA RIO DAS ANTAS é emissora de títulos de crédito privado registrados na CVM.
62461790000160,62.461.790/0001-60,M. DIGITAL I PARTICIPACOES S.A.,M. DIGITAL I PARTICIPACOES S.A.,Crédito Privado,Emissor de Dívida,Ativo,https://montecm.com/investor-relations,,,,Emissor de Dívida / Securitizadora,M. DIGITAL I PARTICIPACOES S.A. é emissora de títulos de crédito privado registrados na CVM.
47155252000153,47.155.252/0001-53,VIA ARAUCARIA CONCESSIONARIA DE RODOVIAS S.A.,VIA ARAUCARIA CONCESSIONARIA DE RODOVIAS S.A.,Crédito Privado,Emissor de Dívida,Ativo,,,,,Emissor de Dívida / Securitizadora,VIA ARAUCARIA CONCESSIONARIA DE RODOVIAS S.A. é emissora de títulos de crédito privado registrados na CVM.
62762501000162,62.762.501/0001-62,RTT PARTS S.A.,RTT PARTS S.A.,Crédito Privado,Emissor de Dívida,Ativo,,,,,Emissor de Dívida / Securitizadora,RTT PARTS S.A. é emissora de títulos de crédito privado registrados na CVM.
00674246000149,00.674.246/0001-49,N. ZEPPONE S.A.,N. ZEPPONE S.A.,Crédito Privado,Emissor de Dívida,Ativo,,,,,Emissor de Dívida / Securitizadora,N. ZEPPONE S.A. é emissora de títulos de crédito privado registrados na CVM.
28042871000197,28.042.871/0001-97,GESTORA DE INTELIGENCIA DE CREDITO S.A.,GESTORA DE INTELIGENCIA DE CREDITO S.A.,Crédito Privado,Emissor de Dívida,Ativo,https://www.quod.com.br/,,,,Emissor de Dívida / Securitizadora,GESTORA DE INTELIGENCIA DE CREDITO S.A. é emissora de títulos de crédito privado registrados na CVM.
00117842000128,00.117.842/0001-28,CIBRAFERTIL COMPANHIA BRASILEIRA DE FERTILIZANTES,CIBRAFERTIL COMPANHIA BRASILEIRA DE FERTILIZANTES,Energia Elétrica,Emissor / Devedor,Ativo,,,,,Emissor / Devedor,CIBRAFERTIL COMPANHIA BRASILEIRA DE FERTILIZANTES é devedor/emissor de ativos de renda fixa no mercado de capitais.
00192769000159,00.192.769/0001-59,NEUMARKT TRADE AND FINANCIAL CENTER S/A,NEUMARKT TRADE AND FINANCIAL CENTER S/A,Serviços Imobiliários,Emissor / Devedor,Ativo,,,,,Emissor / Devedor,NEUMARKT TRADE AND FINANCIAL CENTER S/A é devedor/emissor de ativos de renda fixa no mercado de capitais.
00383281000109,00.383.281/0001-09,BNDES PARTICIPACOES S/A - BNDESPAR,BNDES PARTICIPACOES S/A - BNDESPAR,Energia Elétrica,Emissor / Devedor,Ativo,,,,,Emissor / Devedor,BNDES PARTICIPACOES S/A - BNDESPAR é devedor/emissor de ativos de renda fixa no mercado de capitais.
00446918000169,00.446.918/0001-69,ALPHAVILLE URBANISMO S/A.,ALPHAVILLE URBANISMO S/A.,Construção Civil,Emissor / Devedor,Ativo,,,,,Emissor / Devedor,ALPHAVILLE URBANISMO S/A. é devedor/emissor de ativos de renda fixa no mercado de capitais.
00622416000141,00.622.416/0001-41,STATKRAFT ENERGIAS RENOVAVEIS S.A,STATKRAFT ENERGIAS RENOVAVEIS S.A,Energia Elétrica,Emissor / Devedor,Ativo,,,,,Emissor / Devedor,STATKRAFT ENERGIAS RENOVAVEIS S.A é devedor/emissor de ativos de renda fixa no mercado de capitais.
00062511000151,00.062.511/0001-51,HOSPITAL MERIDIONAL S/A,HOSPITAL MERIDIONAL S/A,Assistência Médica,Emissor / Devedor,Ativo,,,,,Emissor / Devedor,HOSPITAL MERIDIONAL S/A é devedor/emissor de ativos de renda fixa no mercado de capitais.
00647154000170,00.647.154/0001-70,ZEMA CIA. DE PETROLEO,ZEMA CIA. DE PETROLEO,Comércio Atacadista e Varejista,Emissor / Devedor,Ativo,,,,,Emissor / Devedor,ZEMA CIA. DE PETROLEO é devedor/emissor de ativos de renda fixa no mercado de capitais.
00718528000109,00.718.528/0001-09,LABORATORIO SABIN DE ANALISES CLINICAS S.A.,LABORATORIO SABIN DE ANALISES CLINICAS S.A.,Assistência Médica,Emissor / Devedor,Ativo,,,,,Emissor / Devedor,LABORATORIO SABIN DE ANALISES CLINICAS S.A. é devedor/emissor de ativos de renda fixa no mercado de capitais.
00743065000127,00.743.065/0001-27,LITEL PARTICIPACOES S.A.,LITEL PARTICIPACOES S.A.,Empreendimentos e Participações,Emissor / Devedor,Ativo,,,,,Emissor / Devedor,LITEL PARTICIPACOES S.A. é devedor/emissor de ativos de renda fixa no mercado de capitais.
00845661000118,00.845.661/0001-18,OFFICE TOTAL S.A.,OFFICE TOTAL S.A.,TI e Telecomunicações,Emissor / Devedor,Ativo,,,,,Emissor / Devedor,OFFICE TOTAL S.A. é devedor/emissor de ativos de renda fixa no mercado de capitais.
00861626000192,00.861.626/0001-92,CONCESSIONARIA DA RODOVIA PRESIDENTE DUTRA S/A,CONCESSIONARIA DA RODOVIA PRESIDENTE DUTRA S/A,Transporte e Logística,Emissor / Devedor,Ativo,,,,,Emissor / Devedor,CONCESSIONARIA DA RODOVIA PRESIDENTE DUTRA S/A é devedor/emissor de ativos de renda fixa no mercado de capitais.
00905036000114,00.905.036/0001-14,ICATU ASSESSORIA S/A,ICATU ASSESSORIA S/A,Financeiro,Emissor / Devedor,Ativo,,,,,Emissor / Devedor,ICATU ASSESSORIA S/A é devedor/emissor de ativos de renda fixa no mercado de capitais.
00913443000173,00.913.443/0001-73,RENAULT DO BRASIL S.A.,RENAULT DO BRASIL S.A.,Indústria e Comércio,Emissor / Devedor,Ativo,,,,,Emissor / Devedor,RENAULT DO BRASIL S.A. é devedor/emissor de ativos de renda fixa no mercado de capitais.
00924429000175,00.924.429/0001-75,FERROVIA CENTRO ATLANTICA S/A,FERROVIA CENTRO ATLANTICA S/A,Transporte e Logística,Emissor / Devedor,Ativo,,,,,Emissor / Devedor,FERROVIA CENTRO ATLANTICA S/A é devedor/emissor de ativos de renda fixa no mercado de capitais.
00924432000199,00.924.432/0001-99,HOPI HARI S/A,HOPI HARI S/A,Outros Serviços,Emissor / Devedor,Ativo,,,,,Emissor / Devedor,HOPI HARI S/A é devedor/emissor de ativos de renda fixa no mercado de capitais.
00938574000105,00.938.574/0001-05,CONCESSIONARIA RIO - TERESOPOLIS S/A,CONCESSIONARIA RIO - TERESOPOLIS S/A,Transporte e Logística,Emissor / Devedor,Ativo,,,,,Emissor / Devedor,CONCESSIONARIA RIO - TERESOPOLIS S/A é devedor/emissor de ativos de renda fixa no mercado de capitais.
01083200000118,01.083.200/0001-18,NEOENERGIA S/A,NEOENERGIA S/A,Energia Elétrica,Emissor / Devedor,Ativo,,,,,Emissor / Devedor,NEOENERGIA S/A é devedor/emissor de ativos de renda fixa no mercado de capitais.
01107327000120,01.107.327/0001-20,BBM LOGISTICA S.A.,BBM LOGISTICA S.A.,Transporte e Logística,Emissor / Devedor,Ativo,,,,,Emissor / Devedor,BBM LOGISTICA S.A. é devedor/emissor de ativos de renda fixa no mercado de capitais.
01115535000170,01.115.535/0001-70,TESC - TERMINAL SANTA CATARINA S/A,TESC - TERMINAL SANTA CATARINA S/A,Outros Serviços,Emissor / Devedor,Ativo,,,,,Emissor / Devedor,TESC - TERMINAL SANTA CATARINA S/A é devedor/emissor de ativos de renda fixa no mercado de capitais.
00001172000180,00.001.172/0001-80,S/A CORREIO BRAZILIENSE,S/A CORREIO BRAZILIENSE,Comunicação,Emissor / Devedor,Ativo,,,,,Emissor / Devedor,S/A CORREIO BRAZILIENSE é devedor/emissor de ativos de renda fixa no mercado de capitais.
01319044000141,01.319.044/0001-41,WTC AMAZONAS SUITE HOTEL S.A,WTC AMAZONAS SUITE HOTEL S.A,Serviços Imobiliários,Emissor / Devedor,Ativo,,,,,Emissor / Devedor,WTC AMAZONAS SUITE HOTEL S.A é devedor/emissor de ativos de renda fixa no mercado de capitais.
01335341000180,01.335.341/0001-80,PORTONAVE S.A.- TERMINAIS PORTUARIOS DE NAVEGANTES,PORTONAVE S.A.- TERMINAIS PORTUARIOS DE NAVEGANTES,Transporte e Logística,Emissor / Devedor,Ativo,,,,,Emissor / Devedor,PORTONAVE S.A.- TERMINAIS PORTUARIOS DE NAVEGANTES é devedor/emissor de ativos de renda fixa no mercado de capitais.
01413969000157,01.413.969/0001-57,COMFRIO SOLUCOES LOGISTICAS S.  A.,COMFRIO SOLUCOES LOGISTICAS S.  A.,Transporte e Logística,Emissor / Devedor,Ativo,,,,,Emissor / Devedor,COMFRIO SOLUCOES LOGISTICAS S.  A. é devedor/emissor de ativos de renda fixa no mercado de capitais.
01571702000198,01.571.702/0001-98,HALEX ISTAR INDUSTRIA FARMACEUTICA S.A.,HALEX ISTAR INDUSTRIA FARMACEUTICA S.A.,Renda Fixa / Crédito Privado,Emissor / Devedor,Ativo,,,,,Emissor / Devedor,HALEX ISTAR INDUSTRIA FARMACEUTICA S.A. é devedor/emissor de ativos de renda fixa no mercado de capitais.
01645009000384,01.645.009/0003-84,AMBAR ENERGIA S.A.,AMBAR ENERGIA S.A.,Energia Elétrica,Emissor / Devedor,Ativo,,,,,Emissor / Devedor,AMBAR ENERGIA S.A. é devedor/emissor de ativos de renda fixa no mercado de capitais.
01691945000160,01.691.945/0001-60,PARANAGUA SANEAMENTO S/A,PARANAGUA SANEAMENTO S/A,Saneamento,Emissor / Devedor,Ativo,,,,,Emissor / Devedor,PARANAGUA SANEAMENTO S/A é devedor/emissor de ativos de renda fixa no mercado de capitais.
01778972000174,01.778.972/0001-74,AMERICA  NET  S.A.,AMERICA  NET  S.A.,TI e Telecomunicações,Emissor / Devedor,Ativo,,,,,Emissor / Devedor,AMERICA  NET  S.A. é devedor/emissor de ativos de renda fixa no mercado de capitais.
01838723000127,01.838.723/0001-27,BRF S/A,BRF S/A,Alimentos e Bebidas,Emissor / Devedor,Ativo,,,,,Emissor / Devedor,BRF S/A é devedor/emissor de ativos de renda fixa no mercado de capitais.
01858774000110,01.858.774/0001-10,BV LEASING,BV LEASING,Renda Fixa / Crédito Privado,Emissor / Devedor,Ativo,,,,,Emissor / Devedor,BV LEASING é devedor/emissor de ativos de renda fixa no mercado de capitais.
01917818000136,01.917.818/0001-36,LIGHT ENERGIA S.A,LIGHT ENERGIA S.A,Energia Elétrica,Emissor / Devedor,Ativo,,,,,Emissor / Devedor,LIGHT ENERGIA S.A é devedor/emissor de ativos de renda fixa no mercado de capitais.
01928075000108,01.928.075/0001-08,DMA DISTRIBUIDORA S/A,DMA DISTRIBUIDORA S/A,Comércio Atacadista e Varejista,Emissor / Devedor,Ativo,,,,,Emissor / Devedor,DMA DISTRIBUIDORA S/A é devedor/emissor de ativos de renda fixa no mercado de capitais.
01938783000111,01.938.783/0001-11,COMPANHIA DE PARTICIPACOES ALIANCA DA BAHIA,COMPANHIA DE PARTICIPACOES ALIANCA DA BAHIA,Empreendimentos e Participações,Emissor / Devedor,Ativo,,,,,Emissor / Devedor,COMPANHIA DE PARTICIPACOES ALIANCA DA BAHIA é devedor/emissor de ativos de renda fixa no mercado de capitais.
01968293000168,01.968.293/0001-68,ELETRORIVER S.A.,ELETRORIVER S.A.,Energia Elétrica,Emissor / Devedor,Ativo,,,,,Emissor / Devedor,ELETRORIVER S.A. é devedor/emissor de ativos de renda fixa no mercado de capitais.
01989044000159,01.989.044/0001-59,WTC RIO EMPREENDIMENTOS E PARTICIPACOES S/A,WTC RIO EMPREENDIMENTOS E PARTICIPACOES S/A,Serviços Imobiliários,Emissor / Devedor,Ativo,,,,,Emissor / Devedor,WTC RIO EMPREENDIMENTOS E PARTICIPACOES S/A é devedor/emissor de ativos de renda fixa no mercado de capitais.
02013199000118,02.013.199/0001-18,CONCESSIONARIA AGUAS DE JUTURNAIBA S/A,CONCESSIONARIA AGUAS DE JUTURNAIBA S/A,Saneamento,Emissor / Devedor,Ativo,,,,,Emissor / Devedor,CONCESSIONARIA AGUAS DE JUTURNAIBA S/A é devedor/emissor de ativos de renda fixa no mercado de capitais.
02045487000154,02.045.487/0001-54,MARISOL VESTUARIO S.A,MARISOL VESTUARIO S.A,Têxtil e Calçados,Emissor / Devedor,Ativo,,,,,Emissor / Devedor,MARISOL VESTUARIO S.A é devedor/emissor de ativos de renda fixa no mercado de capitais.
02105040000123,02.105.040/0001-23,MARFRIG GLOBAL FOODS S.A,MARFRIG GLOBAL FOODS S.A,Renda Fixa / Crédito Privado,Emissor / Devedor,Ativo,,,,,Emissor / Devedor,MARFRIG GLOBAL FOODS S.A é devedor/emissor de ativos de renda fixa no mercado de capitais.
02149205000169,02.149.205/0001-69,PORTO SEGURO S.A.,PORTO SEGURO S.A.,Financeiro,Emissor / Devedor,Ativo,,,,,Emissor / Devedor,PORTO SEGURO S.A. é devedor/emissor de ativos de renda fixa no mercado de capitais.
02150336000166,02.150.336/0001-66,AGUAS DE NITEROI S.A.,AGUAS DE NITEROI S.A.,Saneamento,Emissor / Devedor,Ativo,,,,,Emissor / Devedor,AGUAS DE NITEROI S.A. é devedor/emissor de ativos de renda fixa no mercado de capitais.
02150533000185,02.150.533/0001-85,SANTA CRUZ POWER CORPORATION USINAS HIDROELETRICAS S/A,SANTA CRUZ POWER CORPORATION USINAS HIDROELETRICAS S/A,Energia Elétrica,Emissor / Devedor,Ativo,,,,,Emissor / Devedor,SANTA CRUZ POWER CORPORATION USINAS HIDROELETRICAS S/A é devedor/emissor de ativos de renda fixa no mercado de capitais.
02211906000180,02.211.906/0001-80,TRUSTHUB SECURITIZADORA S.A.,TRUSTHUB SECURITIZADORA S.A.,Financeiro,Emissor / Devedor,Ativo,,,,,Emissor / Devedor,TRUSTHUB SECURITIZADORA S.A. é devedor/emissor de ativos de renda fixa no mercado de capitais.
02221531000130,02.221.531/0001-30,RODONORTE CONCES.DE RODOV. INTEGRADAS SA,RODONORTE CONCES.DE RODOV. INTEGRADAS SA,Transporte e Logística,Emissor / Devedor,Ativo,,,,,Emissor / Devedor,RODONORTE CONCES.DE RODOV. INTEGRADAS SA é devedor/emissor de ativos de renda fixa no mercado de capitais.
02222736000130,02.222.736/0001-30,EMPRESA CONCESSIONARIA DE RODOVIAS DO NORTE S.A. - ECONORTE,EMPRESA CONCESSIONARIA DE RODOVIAS DO NORTE S.A. - ECONORTE,Transporte e Logística,Emissor / Devedor,Ativo,,,,,Emissor / Devedor,EMPRESA CONCESSIONARIA DE RODOVIAS DO NORTE S.A. - ECONORTE é devedor/emissor de ativos de renda fixa no mercado de capitais.
02271463000113,02.271.463/0001-13,CROMEX S/A,CROMEX S/A,Química e Petroquímica,Emissor / Devedor,Ativo,,,,,Emissor / Devedor,CROMEX S/A é devedor/emissor de ativos de renda fixa no mercado de capitais.
02291077000193,02.291.077/0001-93,PRODUTORES ENERGETICOS DE MANSO S/A - PROMAN,PRODUTORES ENERGETICOS DE MANSO S/A - PROMAN,Energia Elétrica,Emissor / Devedor,Ativo,,,,,Emissor / Devedor,PRODUTORES ENERGETICOS DE MANSO S/A - PROMAN é devedor/emissor de ativos de renda fixa no mercado de capitais.
02305131000102,02.305.131/0001-02,PANTANAL PLAZA SHOPPING S/A,PANTANAL PLAZA SHOPPING S/A,Serviços Imobiliários,Emissor / Devedor,Ativo,,,,,Emissor / Devedor,PANTANAL PLAZA SHOPPING S/A é devedor/emissor de ativos de renda fixa no mercado de capitais.
02312666000100,02.312.666/0001-00,FG TRUST S/A,FG TRUST S/A,Construção Civil,Emissor / Devedor,Ativo,,,,,Emissor / Devedor,FG TRUST S/A é devedor/emissor de ativos de renda fixa no mercado de capitais.
02390435000115,02.390.435/0001-15,ECOPORTO SANTOS S/A,ECOPORTO SANTOS S/A,Transporte e Logística,Emissor / Devedor,Ativo,,,,,Emissor / Devedor,ECOPORTO SANTOS S/A é devedor/emissor de ativos de renda fixa no mercado de capitais.
02400344000113,02.400.344/0001-13,BONSUCESSO HOLDING FINANCEIRA S/A,BONSUCESSO HOLDING FINANCEIRA S/A,Financeiro,Emissor / Devedor,Ativo,,,,,Emissor / Devedor,BONSUCESSO HOLDING FINANCEIRA S/A é devedor/emissor de ativos de renda fixa no mercado de capitais.
02415408000150,02.415.408/0001-50,CONCESSIONARIA DE RODOVIAS DO OESTE DE SAO PAULO - VIAOESTE S.A.,CONCESSIONARIA DE RODOVIAS DO OESTE DE SAO PAULO - VIAOESTE S.A.,Transporte e Logística,Emissor / Devedor,Ativo,,,,,Emissor / Devedor,CONCESSIONARIA DE RODOVIAS DO OESTE DE SAO PAULO - VIAOESTE S.A. é devedor/emissor de ativos de renda fixa no mercado de capitais.
02417464000123,02.417.464/0001-23,RENOVIAS CONCESSIONARIA S/A,RENOVIAS CONCESSIONARIA S/A,Transporte e Logística,Emissor / Devedor,Ativo,,,,,Emissor / Devedor,RENOVIAS CONCESSIONARIA S/A é devedor/emissor de ativos de renda fixa no mercado de capitais.
02421421000111,02.421.421/0001-11,TIM S.A.,TIM S.A.,TI e Telecomunicações,Emissor / Devedor,Ativo,,,,,Emissor / Devedor,TIM S.A. é devedor/emissor de ativos de renda fixa no mercado de capitais.
02509186000134,02.509.186/0001-34,TRIANGULO DO SOL AUTO - ESTRADAS S/A,TRIANGULO DO SOL AUTO - ESTRADAS S/A,Transporte e Logística,Emissor / Devedor,Ativo,,,,,Emissor / Devedor,TRIANGULO DO SOL AUTO - ESTRADAS S/A é devedor/emissor de ativos de renda fixa no mercado de capitais.
02538798000155,02.538.798/0001-55,QUEIROZ GALVAO S/A,QUEIROZ GALVAO S/A,Empreendimentos e Participações,Emissor / Devedor,Ativo,,,,,Emissor / Devedor,QUEIROZ GALVAO S/A é devedor/emissor de ativos de renda fixa no mercado de capitais.
02558157000162,02.558.157/0001-62,TELEFONICA BRASIL S/A,TELEFONICA BRASIL S/A,TI e Telecomunicações,Emissor / Devedor,Ativo,,,,,Emissor / Devedor,TELEFONICA BRASIL S/A é devedor/emissor de ativos de renda fixa no mercado de capitais.
02560878000107,02.560.878/0001-07,HOSPITAL ANCHIETA S.A.,HOSPITAL ANCHIETA S.A.,Assistência Médica,Emissor / Devedor,Ativo,,,,,Emissor / Devedor,HOSPITAL ANCHIETA S.A. é devedor/emissor de ativos de renda fixa no mercado de capitais.
02599378000189,02.599.378/0001-89,SUPERBAC INDUSTRIA E COMERCIO DE FERTILIZANTES S/A,SUPERBAC INDUSTRIA E COMERCIO DE FERTILIZANTES S/A,Química e Petroquímica,Emissor / Devedor,Ativo,,,,,Emissor / Devedor,SUPERBAC INDUSTRIA E COMERCIO DE FERTILIZANTES S/A é devedor/emissor de ativos de renda fixa no mercado de capitais.
02639850000160,02.639.850/0001-60,TVV TERMINAL DE VILA VELHA S.A.,TVV TERMINAL DE VILA VELHA S.A.,Transporte e Logística,Emissor / Devedor,Ativo,,,,,Emissor / Devedor,TVV TERMINAL DE VILA VELHA S.A. é devedor/emissor de ativos de renda fixa no mercado de capitais.
02679185000138,02.679.185/0001-38,AUTOVIAS S/A,AUTOVIAS S/A,Transporte e Logística,Emissor / Devedor,Ativo,,,,,Emissor / Devedor,AUTOVIAS S/A é devedor/emissor de ativos de renda fixa no mercado de capitais.
02724983000134,02.724.983/0001-34,SANESALTO SANEAMENTO S/A,SANESALTO SANEAMENTO S/A,Saneamento,Emissor / Devedor,Ativo,,,,,Emissor / Devedor,SANESALTO SANEAMENTO S/A é devedor/emissor de ativos de renda fixa no mercado de capitais.
02735385000160,02.735.385/0001-60,SUPERVIA-CONCESSIONARIA DE TRANSPORTE FERROVIARIO S.A,SUPERVIA-CONCESSIONARIA DE TRANSPORTE FERROVIARIO S.A,Transporte e Logística,Emissor / Devedor,Ativo,,,,,Emissor / Devedor,SUPERVIA-CONCESSIONARIA DE TRANSPORTE FERROVIARIO S.A é devedor/emissor de ativos de renda fixa no mercado de capitais.
02808298000196,02.808.298/0001-96,ELERA RENOVAVEIS S.A.,ELERA RENOVAVEIS S.A.,Energia Elétrica,Emissor / Devedor,Ativo,,,,,Emissor / Devedor,ELERA RENOVAVEIS S.A. é devedor/emissor de ativos de renda fixa no mercado de capitais.
02814497000107,02.814.497/0001-07,CIMED INDUSTRIA S.A,CIMED INDUSTRIA S.A,Renda Fixa / Crédito Privado,Emissor / Devedor,Ativo,,,,,Emissor / Devedor,CIMED INDUSTRIA S.A é devedor/emissor de ativos de renda fixa no mercado de capitais.
02860694000162,02.860.694/0001-62,T4F ENTRETENIMENTO S/A,T4F ENTRETENIMENTO S/A,Outros Serviços,Emissor / Devedor,Ativo,,,,,Emissor / Devedor,T4F ENTRETENIMENTO S/A é devedor/emissor de ativos de renda fixa no mercado de capitais.
02950811000189,02.950.811/0001-89,PDG REALTY S/A EMPREENDIMENTOS E PARTICIPACOES,PDG REALTY S/A EMPREENDIMENTOS E PARTICIPACOES,Construção Civil,Emissor / Devedor,Ativo,,,,,Emissor / Devedor,PDG REALTY S/A EMPREENDIMENTOS E PARTICIPACOES é devedor/emissor de ativos de renda fixa no mercado de capitais.
02986755000132,02.986.755/0001-32,LC-EH PARTICIPACOES E EMPREENDIMENTOS S.A.,LC-EH PARTICIPACOES E EMPREENDIMENTOS S.A.,Empreendimentos e Participações,Emissor / Devedor,Ativo,,,,,Emissor / Devedor,LC-EH PARTICIPACOES E EMPREENDIMENTOS S.A. é devedor/emissor de ativos de renda fixa no mercado de capitais.
03147393000159,03.147.393/0001-59,ESTRE AMBIENTAL S.A.,ESTRE AMBIENTAL S.A.,Saneamento,Emissor / Devedor,Ativo,,,,,Emissor / Devedor,ESTRE AMBIENTAL S.A. é devedor/emissor de ativos de renda fixa no mercado de capitais.
03264294000157,03.264.294/0001-57,CHEMBRO QUIMICA S/A,CHEMBRO QUIMICA S/A,Química e Petroquímica,Emissor / Devedor,Ativo,,,,,Emissor / Devedor,CHEMBRO QUIMICA S/A é devedor/emissor de ativos de renda fixa no mercado de capitais.
03286888000169,03.286.888/0001-69,SOTRAN S.A. LOGISTICA E TRANSPORTE,SOTRAN S.A. LOGISTICA E TRANSPORTE,Transporte e Logística,Emissor / Devedor,Ativo,,,,,Emissor / Devedor,SOTRAN S.A. LOGISTICA E TRANSPORTE é devedor/emissor de ativos de renda fixa no mercado de capitais.
03356967000107,03.356.967/0001-07,CAMPOS NOVOS ENERGIA S/A,CAMPOS NOVOS ENERGIA S/A,Energia Elétrica,Emissor / Devedor,Ativo,,,,,Emissor / Devedor,CAMPOS NOVOS ENERGIA S/A é devedor/emissor de ativos de renda fixa no mercado de capitais.
03407049000151,03.407.049/0001-51,VOTORANTIM S.A.,VOTORANTIM S.A.,Renda Fixa / Crédito Privado,Emissor / Devedor,Ativo,,,,,Emissor / Devedor,VOTORANTIM S.A. é devedor/emissor de ativos de renda fixa no mercado de capitais.
03460864000184,03.460.864/0001-84,LAJEADO ENERGIA S.A.,LAJEADO ENERGIA S.A.,Energia Elétrica,Emissor / Devedor,Ativo,,,,,Emissor / Devedor,LAJEADO ENERGIA S.A. é devedor/emissor de ativos de renda fixa no mercado de capitais.
03505185000184,03.505.185/0001-84,CRVR - RIOGRANDENSE VALORIZACAO DE RESIDUOS S.A,CRVR - RIOGRANDENSE VALORIZACAO DE RESIDUOS S.A,Outros Serviços,Emissor / Devedor,Ativo,,,,,Emissor / Devedor,CRVR - RIOGRANDENSE VALORIZACAO DE RESIDUOS S.A é devedor/emissor de ativos de renda fixa no mercado de capitais.
03549807000176,03.549.807/0001-76,PADTEC S.A,PADTEC S.A,TI e Telecomunicações,Emissor / Devedor,Ativo,,,,,Emissor / Devedor,PADTEC S.A é devedor/emissor de ativos de renda fixa no mercado de capitais.
03559006000191,03.559.006/0001-91,PETROBRAS DISTRIBUIDORA S.A.,PETROBRAS DISTRIBUIDORA S.A.,Renda Fixa / Crédito Privado,Emissor / Devedor,Ativo,,,,,Emissor / Devedor,PETROBRAS DISTRIBUIDORA S.A. é devedor/emissor de ativos de renda fixa no mercado de capitais.
03559174000187,03.559.174/0001-87,MULTIHEMO SERVICOS MEDICOS S/A,MULTIHEMO SERVICOS MEDICOS S/A,Assistência Médica,Emissor / Devedor,Ativo,,,,,Emissor / Devedor,MULTIHEMO SERVICOS MEDICOS S/A é devedor/emissor de ativos de renda fixa no mercado de capitais.
03573381000196,03.573.381/0001-96,TANGARA ENERGIA S.A.,TANGARA ENERGIA S.A.,Energia Elétrica,Emissor / Devedor,Ativo,,,,,Emissor / Devedor,TANGARA ENERGIA S.A. é devedor/emissor de ativos de renda fixa no mercado de capitais.
03643134000119,03.643.134/0001-19,CONCESSIONARIA LITORAL NORTE S.A.,CONCESSIONARIA LITORAL NORTE S.A.,Transporte e Logística,Emissor / Devedor,Ativo,,,,,Emissor / Devedor,CONCESSIONARIA LITORAL NORTE S.A. é devedor/emissor de ativos de renda fixa no mercado de capitais.
03755215000100,03.755.215/0001-00,DIVCOM SA,DIVCOM SA,Assistência Médica,Emissor / Devedor,Ativo,,,,,Emissor / Devedor,DIVCOM SA é devedor/emissor de ativos de renda fixa no mercado de capitais.
03758318000124,03.758.318/0001-24,INVESTIMENTOS E PARTICIPACOES EM INFRA-ESTRUTURA S/A - INVEPAR,INVESTIMENTOS E PARTICIPACOES EM INFRA-ESTRUTURA S/A - INVEPAR,Transporte e Logística,Emissor / Devedor,Ativo,,,,,Emissor / Devedor,INVESTIMENTOS E PARTICIPACOES EM INFRA-ESTRUTURA S/A - INVEPAR é devedor/emissor de ativos de renda fixa no mercado de capitais.
03785640000142,03.785.640/0001-42,SANTA COLOMBA AGROPECUARIA S.A.,SANTA COLOMBA AGROPECUARIA S.A.,Empreendimentos e Participações,Emissor / Devedor,Ativo,,,,,Emissor / Devedor,SANTA COLOMBA AGROPECUARIA S.A. é devedor/emissor de ativos de renda fixa no mercado de capitais.
03795050000109,03.795.050/0001-09,TERMOPERNAMBUCO S.A,TERMOPERNAMBUCO S.A,Energia Elétrica,Emissor / Devedor,Ativo,,,,,Emissor / Devedor,TERMOPERNAMBUCO S.A é devedor/emissor de ativos de renda fixa no mercado de capitais.
03818379000130,03.818.379/0001-30,SABER SERVICOS EDUCACIONAIS S.A.,SABER SERVICOS EDUCACIONAIS S.A.,Educação,Emissor / Devedor,Ativo,,,,,Emissor / Devedor,SABER SERVICOS EDUCACIONAIS S.A. é devedor/emissor de ativos de renda fixa no mercado de capitais.
03820456000196,03.820.456/0001-96,BSB ENERGETICA S.A,BSB ENERGETICA S.A,Energia Elétrica,Emissor / Devedor,Ativo,,,,,Emissor / Devedor,BSB ENERGETICA S.A é devedor/emissor de ativos de renda fixa no mercado de capitais.
03847461000192,03.847.461/0001-92,BRADESPAR S.A.,BRADESPAR S.A.,Empreendimentos e Participações,Emissor / Devedor,Ativo,,,,,Emissor / Devedor,BRADESPAR S.A. é devedor/emissor de ativos de renda fixa no mercado de capitais.
03951798000145,03.951.798/0001-45,UNICOBA DA AMAZONIA S/A,UNICOBA DA AMAZONIA S/A,Indústria e Comércio,Emissor / Devedor,Ativo,,,,,Emissor / Devedor,UNICOBA DA AMAZONIA S/A é devedor/emissor de ativos de renda fixa no mercado de capitais.
03983431000103,03.983.431/0001-03,EDP ENERGIAS DO BRASIL S.A.,EDP ENERGIAS DO BRASIL S.A.,Energia Elétrica,Emissor / Devedor,Ativo,,,,,Emissor / Devedor,EDP ENERGIAS DO BRASIL S.A. é devedor/emissor de ativos de renda fixa no mercado de capitais.
03995515001309,03.995.515/0013-09,MATEUS SUPERMERCADOS  S.A.,MATEUS SUPERMERCADOS  S.A.,Comércio Atacadista e Varejista,Emissor / Devedor,Ativo,,,,,Emissor / Devedor,MATEUS SUPERMERCADOS  S.A. é devedor/emissor de ativos de renda fixa no mercado de capitais.
04023261000188,04.023.261/0001-88,NC ENERGIA S.A.,NC ENERGIA S.A.,Outros Serviços,Emissor / Devedor,Ativo,,,,,Emissor / Devedor,NC ENERGIA S.A. é devedor/emissor de ativos de renda fixa no mercado de capitais.
04031960000170,04.031.960/0001-70,ANDRADE GUTIERREZ PARTICIPACOES S.A.,ANDRADE GUTIERREZ PARTICIPACOES S.A.,Construção Civil,Emissor / Devedor,Ativo,,,,,Emissor / Devedor,ANDRADE GUTIERREZ PARTICIPACOES S.A. é devedor/emissor de ativos de renda fixa no mercado de capitais.
04032433000180,04.032.433/0001-80,ATMA PARTICIPACOES S/A,ATMA PARTICIPACOES S/A,TI e Telecomunicações,Emissor / Devedor,Ativo,,,,,Emissor / Devedor,ATMA PARTICIPACOES S/A é devedor/emissor de ativos de renda fixa no mercado de capitais.
04100850000112,04.100.850/0001-12,EXPANSION TRANSMISSAO DE ENERGIA ELETRICA SA,EXPANSION TRANSMISSAO DE ENERGIA ELETRICA SA,Energia Elétrica,Emissor / Devedor,Ativo,,,,,Emissor / Devedor,EXPANSION TRANSMISSAO DE ENERGIA ELETRICA SA é devedor/emissor de ativos de renda fixa no mercado de capitais.
04128563000110,04.128.563/0001-10,AES TIETE ENERGIA S/A,AES TIETE ENERGIA S/A,Energia Elétrica,Emissor / Devedor,Ativo,,,,,Emissor / Devedor,AES TIETE ENERGIA S/A é devedor/emissor de ativos de renda fixa no mercado de capitais.
04229761000170,04.229.761/0001-70,VIDEOLAR - INNOVA S.A.,VIDEOLAR - INNOVA S.A.,Química e Petroquímica,Emissor / Devedor,Ativo,,,,,Emissor / Devedor,VIDEOLAR - INNOVA S.A. é devedor/emissor de ativos de renda fixa no mercado de capitais.
04233319000118,04.233.319/0001-18,NCF PARTICIPACOES S.A.,NCF PARTICIPACOES S.A.,Empreendimentos e Participações,Emissor / Devedor,Ativo,,,,,Emissor / Devedor,NCF PARTICIPACOES S.A. é devedor/emissor de ativos de renda fixa no mercado de capitais.
04310392000146,04.310.392/0001-46,ANHANGUERA EDUCACIONAL PARTICIPACOES S.A.,ANHANGUERA EDUCACIONAL PARTICIPACOES S.A.,Educação,Emissor / Devedor,Ativo,,,,,Emissor / Devedor,ANHANGUERA EDUCACIONAL PARTICIPACOES S.A. é devedor/emissor de ativos de renda fixa no mercado de capitais.
04368865000166,04.368.865/0001-66,LIGGA TELECOMUNICACOES S.A,LIGGA TELECOMUNICACOES S.A,TI e Telecomunicações,Emissor / Devedor,Ativo,,,,,Emissor / Devedor,LIGGA TELECOMUNICACOES S.A é devedor/emissor de ativos de renda fixa no mercado de capitais.
04382592000104,04.382.592/0001-04,GAZIN HOLDING S/A,GAZIN HOLDING S/A,Comércio Atacadista e Varejista,Emissor / Devedor,Ativo,,,,,Emissor / Devedor,GAZIN HOLDING S/A é devedor/emissor de ativos de renda fixa no mercado de capitais.
04437534000130,04.437.534/0001-30,LOCAMERICA RENT A CAR S.A.,LOCAMERICA RENT A CAR S.A.,Locação de Veículos,Emissor / Devedor,Ativo,,,,,Emissor / Devedor,LOCAMERICA RENT A CAR S.A. é devedor/emissor de ativos de renda fixa no mercado de capitais.
04531065000114,04.531.065/0001-14,PRAVALER S.A.,PRAVALER S.A.,Renda Fixa / Crédito Privado,Emissor / Devedor,Ativo,,,,,Emissor / Devedor,PRAVALER S.A. é devedor/emissor de ativos de renda fixa no mercado de capitais.
04547015000125,04.547.015/0001-25,ELECTRA PCH BURITI SPE SA,ELECTRA PCH BURITI SPE SA,Energia Elétrica,Emissor / Devedor,Ativo,,,,,Emissor / Devedor,ELECTRA PCH BURITI SPE SA é devedor/emissor de ativos de renda fixa no mercado de capitais.
04591168000170,04.591.168/0001-70,FOZ  DO CHAPECO ENERGIA S.A.,FOZ  DO CHAPECO ENERGIA S.A.,Energia Elétrica,Emissor / Devedor,Ativo,,,,,Emissor / Devedor,FOZ  DO CHAPECO ENERGIA S.A. é devedor/emissor de ativos de renda fixa no mercado de capitais.
04705039000165,04.705.039/0001-65,HORIZON TRANSMISSAO ES S.A.,HORIZON TRANSMISSAO ES S.A.,Energia Elétrica,Emissor / Devedor,Ativo,,,,,Emissor / Devedor,HORIZON TRANSMISSAO ES S.A. é devedor/emissor de ativos de renda fixa no mercado de capitais.
04718109000110,04.718.109/0001-10,CELEO REDES BRASIL S/A,CELEO REDES BRASIL S/A,Energia Elétrica,Emissor / Devedor,Ativo,,,,,Emissor / Devedor,CELEO REDES BRASIL S/A é devedor/emissor de ativos de renda fixa no mercado de capitais.
04739720000124,04.739.720/0001-24,USINA TERMELETRICA PAMPA SUL S.A.,USINA TERMELETRICA PAMPA SUL S.A.,Energia Elétrica,Emissor / Devedor,Ativo,,,,,Emissor / Devedor,USINA TERMELETRICA PAMPA SUL S.A. é devedor/emissor de ativos de renda fixa no mercado de capitais.
04821041000108,04.821.041/0001-08,METALFRIO SOLUTIONS S/A,METALFRIO SOLUTIONS S/A,Indústria e Comércio,Emissor / Devedor,Ativo,,,,,Emissor / Devedor,METALFRIO SOLUTIONS S/A é devedor/emissor de ativos de renda fixa no mercado de capitais.
04853028000122,04.853.028/0001-22,TEP TERMOELETRICA POTIGUAR S/A,TEP TERMOELETRICA POTIGUAR S/A,Energia Elétrica,Emissor / Devedor,Ativo,,,,,Emissor / Devedor,TEP TERMOELETRICA POTIGUAR S/A é devedor/emissor de ativos de renda fixa no mercado de capitais.
04854422000185,04.854.422/0001-85,AGRICOLA ALVORADA S.A.,AGRICOLA ALVORADA S.A.,Alimentos e Bebidas,Emissor / Devedor,Ativo,,,,,Emissor / Devedor,AGRICOLA ALVORADA S.A. é devedor/emissor de ativos de renda fixa no mercado de capitais.
04871143000120,04.871.143/0001-20,BCLV COMERCIO DE VEICULOS S.A.,BCLV COMERCIO DE VEICULOS S.A.,Indústria Automobilística,Emissor / Devedor,Ativo,,,,,Emissor / Devedor,BCLV COMERCIO DE VEICULOS S.A. é devedor/emissor de ativos de renda fixa no mercado de capitais.
05104205000130,05.104.205/0001-30,CONFLUENCIA ENERGIA S/A,CONFLUENCIA ENERGIA S/A,Energia Elétrica,Emissor / Devedor,Ativo,,,,,Emissor / Devedor,CONFLUENCIA ENERGIA S/A é devedor/emissor de ativos de renda fixa no mercado de capitais.
05144757000172,05.144.757/0001-72,NOVONOR S.A. – EM RECUPERACAO JUDICIAL,NOVONOR S.A. – EM RECUPERACAO JUDICIAL,Empreendimentos e Participações,Emissor / Devedor,Ativo,,,,,Emissor / Devedor,NOVONOR S.A. – EM RECUPERACAO JUDICIAL é devedor/emissor de ativos de renda fixa no mercado de capitais.
05169726000176,05.169.726/0001-76,COMPORTE PARTICIPACOES S.A.,COMPORTE PARTICIPACOES S.A.,Empreendimentos e Participações,Emissor / Devedor,Ativo,,,,,Emissor / Devedor,COMPORTE PARTICIPACOES S.A. é devedor/emissor de ativos de renda fixa no mercado de capitais.
05262743000153,05.262.743/0001-53,CIPASA DESENVOLVIMENTO URBANO S/A,CIPASA DESENVOLVIMENTO URBANO S/A,Construção Civil,Emissor / Devedor,Ativo,,,,,Emissor / Devedor,CIPASA DESENVOLVIMENTO URBANO S/A é devedor/emissor de ativos de renda fixa no mercado de capitais.
05303439000107,05.303.439/0001-07,UNIGEL PARTICIPACOES S.A.,UNIGEL PARTICIPACOES S.A.,Empreendimentos e Participações,Emissor / Devedor,Ativo,,,,,Emissor / Devedor,UNIGEL PARTICIPACOES S.A. é devedor/emissor de ativos de renda fixa no mercado de capitais.
05319403000111,05.319.403/0001-11,RIO CORRENTE S/A,RIO CORRENTE S/A,Energia Elétrica,Emissor / Devedor,Ativo,,,,,Emissor / Devedor,RIO CORRENTE S/A é devedor/emissor de ativos de renda fixa no mercado de capitais.
05336882000184,05.336.882/0001-84,CACHOEIRA PAULISTA TRANSMISSORA DE ENERGIA S.A.,CACHOEIRA PAULISTA TRANSMISSORA DE ENERGIA S.A.,Energia Elétrica,Emissor / Devedor,Ativo,,,,,Emissor / Devedor,CACHOEIRA PAULISTA TRANSMISSORA DE ENERGIA S.A. é devedor/emissor de ativos de renda fixa no mercado de capitais.
05495546000184,05.495.546/0001-84,LITELA PARTICIPACOES S/A,LITELA PARTICIPACOES S/A,Empreendimentos e Participações,Emissor / Devedor,Ativo,,,,,Emissor / Devedor,LITELA PARTICIPACOES S/A é devedor/emissor de ativos de renda fixa no mercado de capitais.
05510654000189,05.510.654/0001-89,ALGAR TI CONSULTORIA S.A,ALGAR TI CONSULTORIA S.A,TI e Telecomunicações,Emissor / Devedor,Ativo,,,,,Emissor / Devedor,ALGAR TI CONSULTORIA S.A é devedor/emissor de ativos de renda fixa no mercado de capitais.
05537083000176,05.537.083/0001-76,VISION ENGENHARIA E CONSULTORIA S.A.,VISION ENGENHARIA E CONSULTORIA S.A.,Máquinas e Equipamentos,Emissor / Devedor,Ativo,,,,,Emissor / Devedor,VISION ENGENHARIA E CONSULTORIA S.A. é devedor/emissor de ativos de renda fixa no mercado de capitais.
05555382000133,05.555.382/0001-33,AOVS SISTEMAS DE INFORMATICA S.A.,AOVS SISTEMAS DE INFORMATICA S.A.,TI e Telecomunicações,Emissor / Devedor,Ativo,,,,,Emissor / Devedor,AOVS SISTEMAS DE INFORMATICA S.A. é devedor/emissor de ativos de renda fixa no mercado de capitais.
05570714000159,05.570.714/0001-59,KABUM COMERCIO ELETRONICO S.A.,KABUM COMERCIO ELETRONICO S.A.,Comércio Atacadista e Varejista,Emissor / Devedor,Ativo,,,,,Emissor / Devedor,KABUM COMERCIO ELETRONICO S.A. é devedor/emissor de ativos de renda fixa no mercado de capitais.
05878397000132,05.878.397/0001-32,ALIANSCE SONAE SHOPPING CENTER S/A,ALIANSCE SONAE SHOPPING CENTER S/A,Serviços Imobiliários,Emissor / Devedor,Ativo,,,,,Emissor / Devedor,ALIANSCE SONAE SHOPPING CENTER S/A é devedor/emissor de ativos de renda fixa no mercado de capitais.
05881258000168,05.881.258/0001-68,ELEMIDIA  CONSULTORIA E SERVICOS DE  MARKETING S.A.,ELEMIDIA  CONSULTORIA E SERVICOS DE  MARKETING S.A.,Comunicação,Emissor / Devedor,Ativo,,,,,Emissor / Devedor,ELEMIDIA  CONSULTORIA E SERVICOS DE  MARKETING S.A. é devedor/emissor de ativos de renda fixa no mercado de capitais.
05917486000140,05.917.486/0001-40,LIVETECH DA BAHIA INDUSTRIA E COMERCIO S/A,LIVETECH DA BAHIA INDUSTRIA E COMERCIO S/A,TI e Telecomunicações,Emissor / Devedor,Ativo,,,,,Emissor / Devedor,LIVETECH DA BAHIA INDUSTRIA E COMERCIO S/A é devedor/emissor de ativos de renda fixa no mercado de capitais.
05974828000164,05.974.828/0001-64,COMPANHIA TRANSLESTE DE TRANSMISSAO,COMPANHIA TRANSLESTE DE TRANSMISSAO,Energia Elétrica,Emissor / Devedor,Ativo,,,,,Emissor / Devedor,COMPANHIA TRANSLESTE DE TRANSMISSAO é devedor/emissor de ativos de renda fixa no mercado de capitais.
06013760000110,06.013.760/0001-10,CONVICON CONTEINERES DE VILA DO CONDE S/A,CONVICON CONTEINERES DE VILA DO CONDE S/A,Transporte e Logística,Emissor / Devedor,Ativo,,,,,Emissor / Devedor,CONVICON CONTEINERES DE VILA DO CONDE S/A é devedor/emissor de ativos de renda fixa no mercado de capitais.
06016348000153,06.016.348/0001-53,VENTOS DO SUL ENERGIA S/A,VENTOS DO SUL ENERGIA S/A,Energia Elétrica,Emissor / Devedor,Ativo,,,,,Emissor / Devedor,VENTOS DO SUL ENERGIA S/A é devedor/emissor de ativos de renda fixa no mercado de capitais.
06174617000100,06.174.617/0001-00,MULTITERMINAIS S.A.,MULTITERMINAIS S.A.,Transporte e Logística,Emissor / Devedor,Ativo,,,,,Emissor / Devedor,MULTITERMINAIS S.A. é devedor/emissor de ativos de renda fixa no mercado de capitais.
00684074800189,00.684.074/8001-89,EQUATORIAL PIAUI DISTRIBUIDORA DE ENERGIA S.A.,EQUATORIAL PIAUI DISTRIBUIDORA DE ENERGIA S.A.,Energia Elétrica,Emissor / Devedor,Ativo,,,,,Emissor / Devedor,EQUATORIAL PIAUI DISTRIBUIDORA DE ENERGIA S.A. é devedor/emissor de ativos de renda fixa no mercado de capitais.
06977751000149,06.977.751/0001-49,BR PROPERTIES S.A.,BR PROPERTIES S.A.,Serviços Imobiliários,Emissor / Devedor,Ativo,,,,,Emissor / Devedor,BR PROPERTIES S.A. é devedor/emissor de ativos de renda fixa no mercado de capitais.
06990482000150,06.990.482/0001-50,RIO IACO PARTICIPACOES S.A.,RIO IACO PARTICIPACOES S.A.,Empreendimentos e Participações,Emissor / Devedor,Ativo,,,,,Emissor / Devedor,RIO IACO PARTICIPACOES S.A. é devedor/emissor de ativos de renda fixa no mercado de capitais.
07004980000140,07.004.980/0001-40,ESSENCIS MG SOLUCOES AMBIENTAIS S/A,ESSENCIS MG SOLUCOES AMBIENTAIS S/A,Empreendimentos e Participações,Emissor / Devedor,Ativo,,,,,Emissor / Devedor,ESSENCIS MG SOLUCOES AMBIENTAIS S/A é devedor/emissor de ativos de renda fixa no mercado de capitais.
07058238000117,07.058.238/0001-17,VENETO ENERGETICA S/A,VENETO ENERGETICA S/A,Energia Elétrica,Emissor / Devedor,Ativo,,,,,Emissor / Devedor,VENETO ENERGETICA S/A é devedor/emissor de ativos de renda fixa no mercado de capitais.
07073027000153,07.073.027/0001-53,TIVIT TERCEIRIZACAO DE PROCESSOS SERVICOS E TECNOLOGIA S/A,TIVIT TERCEIRIZACAO DE PROCESSOS SERVICOS E TECNOLOGIA S/A,TI e Telecomunicações,Emissor / Devedor,Ativo,,,,,Emissor / Devedor,TIVIT TERCEIRIZACAO DE PROCESSOS SERVICOS E TECNOLOGIA S/A é devedor/emissor de ativos de renda fixa no mercado de capitais.
07081291000139,07.081.291/0001-39,PORTO PRIMAVERA TRANSMISSORA DE ENERGIA S.A.,PORTO PRIMAVERA TRANSMISSORA DE ENERGIA S.A.,Energia Elétrica,Emissor / Devedor,Ativo,,,,,Emissor / Devedor,PORTO PRIMAVERA TRANSMISSORA DE ENERGIA S.A. é devedor/emissor de ativos de renda fixa no mercado de capitais.
07085630000155,07.085.630/0001-55,COMPANHIA TRANSUDESTE DE TRANSMISSAO,COMPANHIA TRANSUDESTE DE TRANSMISSAO,Energia Elétrica,Emissor / Devedor,Ativo,,,,,Emissor / Devedor,COMPANHIA TRANSUDESTE DE TRANSMISSAO é devedor/emissor de ativos de renda fixa no mercado de capitais.
07100988000100,07.100.988/0001-00,MOB PARTICIPACOES S.A.,MOB PARTICIPACOES S.A.,TI e Telecomunicações,Emissor / Devedor,Ativo,,,,,Emissor / Devedor,MOB PARTICIPACOES S.A. é devedor/emissor de ativos de renda fixa no mercado de capitais.
07114999000149,07.114.999/0001-49,EVOLTZ IV - SAO MATEUS TRANSMISSORA DE ENERGIA S/A,EVOLTZ IV - SAO MATEUS TRANSMISSORA DE ENERGIA S/A,Energia Elétrica,Emissor / Devedor,Ativo,,,,,Emissor / Devedor,EVOLTZ IV - SAO MATEUS TRANSMISSORA DE ENERGIA S/A é devedor/emissor de ativos de renda fixa no mercado de capitais.
07119838000148,07.119.838/0001-48,CYRELA BRAZIL REALTY S.A. EMPREENDIMENTOS E PARTICIPAÇÕES,CYRELA BRAZIL REALTY S.A. EMPREENDIMENTOS E PARTICIPAÇÕES,Renda Fixa / Crédito Privado,Emissor / Devedor,Ativo,,,,,Emissor / Devedor,CYRELA BRAZIL REALTY S.A. EMPREENDIMENTOS E PARTICIPAÇÕES é devedor/emissor de ativos de renda fixa no mercado de capitais.
07121351000108,07.121.351/0001-08,ABIMEX IMPORTACAO E EXPORTACAO S/A,ABIMEX IMPORTACAO E EXPORTACAO S/A,Comércio Atacadista e Varejista,Emissor / Devedor,Ativo,,,,,Emissor / Devedor,ABIMEX IMPORTACAO E EXPORTACAO S/A é devedor/emissor de ativos de renda fixa no mercado de capitais.
07153003000104,07.153.003/0001-04,COMPANHIA TRANSIRAPE DE TRANSMISSAO,COMPANHIA TRANSIRAPE DE TRANSMISSAO,Energia Elétrica,Emissor / Devedor,Ativo,,,,,Emissor / Devedor,COMPANHIA TRANSIRAPE DE TRANSMISSAO é devedor/emissor de ativos de renda fixa no mercado de capitais.
07196033000106,07.196.033/0001-06,NORSA REFRIGERANTES S..A...,NORSA REFRIGERANTES S..A...,Alimentos e Bebidas,Emissor / Devedor,Ativo,,,,,Emissor / Devedor,NORSA REFRIGERANTES S..A... é devedor/emissor de ativos de renda fixa no mercado de capitais.
07199167000172,07.199.167/0001-72,RENOVAGRO AGRICULTURA RENOVAVEL,RENOVAGRO AGRICULTURA RENOVAVEL,Química e Petroquímica,Emissor / Devedor,Ativo,,,,,Emissor / Devedor,RENOVAGRO AGRICULTURA RENOVAVEL é devedor/emissor de ativos de renda fixa no mercado de capitais.
07314233000108,07.314.233/0001-08,BRASIL PCH S.A.,BRASIL PCH S.A.,Energia Elétrica,Emissor / Devedor,Ativo,,,,,Emissor / Devedor,BRASIL PCH S.A. é devedor/emissor de ativos de renda fixa no mercado de capitais.
07415333000120,07.415.333/0001-20,SIMPAR S.A.,SIMPAR S.A.,Empreendimentos e Participações,Emissor / Devedor,Ativo,,,,,Emissor / Devedor,SIMPAR S.A. é devedor/emissor de ativos de renda fixa no mercado de capitais.
07467822000126,07.467.822/0001-26,NUFARM INDUSTRIA QUIMICA E FARMACEUTICA S.A.,NUFARM INDUSTRIA QUIMICA E FARMACEUTICA S.A.,Química e Petroquímica,Emissor / Devedor,Ativo,,,,,Emissor / Devedor,NUFARM INDUSTRIA QUIMICA E FARMACEUTICA S.A. é devedor/emissor de ativos de renda fixa no mercado de capitais.
07469933000171,07.469.933/0001-71,GERA AMAZONAS GERADORA DE ENERGIA DO AMAZONAS S/A,GERA AMAZONAS GERADORA DE ENERGIA DO AMAZONAS S/A,Energia Elétrica,Emissor / Devedor,Ativo,,,,,Emissor / Devedor,GERA AMAZONAS GERADORA DE ENERGIA DO AMAZONAS S/A é devedor/emissor de ativos de renda fixa no mercado de capitais.
07575651000159,07.575.651/0001-59,GOL LINHAS AEREAS S/A,GOL LINHAS AEREAS S/A,Transporte e Logística,Emissor / Devedor,Ativo,,,,,Emissor / Devedor,GOL LINHAS AEREAS S/A é devedor/emissor de ativos de renda fixa no mercado de capitais.
07589288000120,07.589.288/0001-20,UNICOBA INDUSTRIA DE COMPONENTES ELETRONICOS E INFORMATICA S/A,UNICOBA INDUSTRIA DE COMPONENTES ELETRONICOS E INFORMATICA S/A,Indústria e Comércio,Emissor / Devedor,Ativo,,,,,Emissor / Devedor,UNICOBA INDUSTRIA DE COMPONENTES ELETRONICOS E INFORMATICA S/A é devedor/emissor de ativos de renda fixa no mercado de capitais.
07655515000179,07.655.515/0001-79,JURUENA PARTICIPACOES E INVESTIMENTOS S/A,JURUENA PARTICIPACOES E INVESTIMENTOS S/A,Energia Elétrica,Emissor / Devedor,Ativo,,,,,Emissor / Devedor,JURUENA PARTICIPACOES E INVESTIMENTOS S/A é devedor/emissor de ativos de renda fixa no mercado de capitais.
07663140000199,07.663.140/0001-99,COTEMINAS S.A.,COTEMINAS S.A.,Têxtil e Calçados,Emissor / Devedor,Ativo,,,,,Emissor / Devedor,COTEMINAS S.A. é devedor/emissor de ativos de renda fixa no mercado de capitais.
07737623000190,07.737.623/0001-90,A BODYTECH PARTICIPACOES S.A.,A BODYTECH PARTICIPACOES S.A.,Outros Serviços,Emissor / Devedor,Ativo,,,,,Emissor / Devedor,A BODYTECH PARTICIPACOES S.A. é devedor/emissor de ativos de renda fixa no mercado de capitais.
07799081000180,07.799.081/0001-80,INTEGRACAO TRANSMISSORA DE ENERGIA S.A.,INTEGRACAO TRANSMISSORA DE ENERGIA S.A.,Energia Elétrica,Emissor / Devedor,Ativo,,,,,Emissor / Devedor,INTEGRACAO TRANSMISSORA DE ENERGIA S.A. é devedor/emissor de ativos de renda fixa no mercado de capitais.
07882656000124,07.882.656/0001-24,CARUANA S/A PARTICIPACOES E EMPREENDIMENTOS,CARUANA S/A PARTICIPACOES E EMPREENDIMENTOS,Financeiro,Emissor / Devedor,Ativo,,,,,Emissor / Devedor,CARUANA S/A PARTICIPACOES E EMPREENDIMENTOS é devedor/emissor de ativos de renda fixa no mercado de capitais.
07903169000109,07.903.169/0001-09,ADECOAGRO VALE DO IVINHEMA S.A.,ADECOAGRO VALE DO IVINHEMA S.A.,Bioenergia,Emissor / Devedor,Ativo,,,,,Emissor / Devedor,ADECOAGRO VALE DO IVINHEMA S.A. é devedor/emissor de ativos de renda fixa no mercado de capitais.
07917303000112,07.917.303/0001-12,SHOPPING DO CIDADAO SERVICOS E INFORMATICA S.A.,SHOPPING DO CIDADAO SERVICOS E INFORMATICA S.A.,Outros Serviços,Emissor / Devedor,Ativo,,,,,Emissor / Devedor,SHOPPING DO CIDADAO SERVICOS E INFORMATICA S.A. é devedor/emissor de ativos de renda fixa no mercado de capitais.
07933914000154,07.933.914/0001-54,SIDERURGICA NORTE BRASIL S.A.,SIDERURGICA NORTE BRASIL S.A.,Metalurgia e Siderurgia,Emissor / Devedor,Ativo,,,,,Emissor / Devedor,SIDERURGICA NORTE BRASIL S.A. é devedor/emissor de ativos de renda fixa no mercado de capitais.
07957149000102,07.957.149/0001-02,COMPANHIA NACIONAL DE CIMENTO -  CNC,COMPANHIA NACIONAL DE CIMENTO -  CNC,Materiais de Construção e Agregados,Emissor / Devedor,Ativo,,,,,Emissor / Devedor,COMPANHIA NACIONAL DE CIMENTO -  CNC é devedor/emissor de ativos de renda fixa no mercado de capitais.
07964913000177,07.964.913/0001-77,REC LOG 411 S.A..,REC LOG 411 S.A..,Serviços Imobiliários,Emissor / Devedor,Ativo,,,,,Emissor / Devedor,REC LOG 411 S.A.. é devedor/emissor de ativos de renda fixa no mercado de capitais.
07966116000129,07.966.116/0001-29,ALBIOMA CODORA ENERGIA S.A.,ALBIOMA CODORA ENERGIA S.A.,Energia Elétrica,Emissor / Devedor,Ativo,,,,,Emissor / Devedor,ALBIOMA CODORA ENERGIA S.A. é devedor/emissor de ativos de renda fixa no mercado de capitais.
08032643000129,08.032.643/0001-29,MARACANA ENERGETICA S/A,MARACANA ENERGETICA S/A,Energia Elétrica,Emissor / Devedor,Ativo,,,,,Emissor / Devedor,MARACANA ENERGETICA S/A é devedor/emissor de ativos de renda fixa no mercado de capitais.
08056257000177,08.056.257/0001-77,USINA CERRADAO S.A.,USINA CERRADAO S.A.,Empreendimentos e Participações,Emissor / Devedor,Ativo,,,,,Emissor / Devedor,USINA CERRADAO S.A. é devedor/emissor de ativos de renda fixa no mercado de capitais.
08065557000112,08.065.557/0001-12,TECNISA S/A,TECNISA S/A,Construção Civil,Emissor / Devedor,Ativo,,,,,Emissor / Devedor,TECNISA S/A é devedor/emissor de ativos de renda fixa no mercado de capitais.
08070508000178,08.070.508/0001-78,RAIZEN ENERGIA S/A,RAIZEN ENERGIA S/A,Bioenergia,Emissor / Devedor,Ativo,,,,,Emissor / Devedor,RAIZEN ENERGIA S/A é devedor/emissor de ativos de renda fixa no mercado de capitais.
08091102000171,08.091.102/0001-71,OCYAN S.A.,OCYAN S.A.,Renda Fixa / Crédito Privado,Emissor / Devedor,Ativo,,,,,Emissor / Devedor,OCYAN S.A. é devedor/emissor de ativos de renda fixa no mercado de capitais.
08140348000196,08.140.348/0001-96,QUEVEDOS ENERGETICA S/A,QUEVEDOS ENERGETICA S/A,Energia Elétrica,Emissor / Devedor,Ativo,,,,,Emissor / Devedor,QUEVEDOS ENERGETICA S/A é devedor/emissor de ativos de renda fixa no mercado de capitais.
08147388000160,08.147.388/0001-60,RINCAO DOS ALBINOS ENERGETICA S/A,RINCAO DOS ALBINOS ENERGETICA S/A,Energia Elétrica,Emissor / Devedor,Ativo,,,,,Emissor / Devedor,RINCAO DOS ALBINOS ENERGETICA S/A é devedor/emissor de ativos de renda fixa no mercado de capitais.
08147432000131,08.147.432/0001-31,RINCAO SAO MIGUEL ENERGETICA S/A,RINCAO SAO MIGUEL ENERGETICA S/A,Energia Elétrica,Emissor / Devedor,Ativo,,,,,Emissor / Devedor,RINCAO SAO MIGUEL ENERGETICA S/A é devedor/emissor de ativos de renda fixa no mercado de capitais.
08147946000197,08.147.946/0001-97,SALTO DO GUASSUPI ENERGETICA S/A,SALTO DO GUASSUPI ENERGETICA S/A,Energia Elétrica,Emissor / Devedor,Ativo,,,,,Emissor / Devedor,SALTO DO GUASSUPI ENERGETICA S/A é devedor/emissor de ativos de renda fixa no mercado de capitais.
08159965000133,08.159.965/0001-33,IGUA SANEAMENTO S.A,IGUA SANEAMENTO S.A,Saneamento,Emissor / Devedor,Ativo,,,,,Emissor / Devedor,IGUA SANEAMENTO S.A é devedor/emissor de ativos de renda fixa no mercado de capitais.
08232879000109,08.232.879/0001-09,EVOLTZ V - LONDRINA TRANSMISSORA DE ENERGIA S.A,EVOLTZ V - LONDRINA TRANSMISSORA DE ENERGIA S.A,Energia Elétrica,Emissor / Devedor,Ativo,,,,,Emissor / Devedor,EVOLTZ V - LONDRINA TRANSMISSORA DE ENERGIA S.A é devedor/emissor de ativos de renda fixa no mercado de capitais.
08334385000135,08.334.385/0001-35,COMPANHIA DE AGUAS E ESGOTOS DO RIO GRANDE DO NORTE,COMPANHIA DE AGUAS E ESGOTOS DO RIO GRANDE DO NORTE,Empreendimentos e Participações,Emissor / Devedor,Ativo,,,,,Emissor / Devedor,COMPANHIA DE AGUAS E ESGOTOS DO RIO GRANDE DO NORTE é devedor/emissor de ativos de renda fixa no mercado de capitais.
08336804000178,08.336.804/0001-78,CELESC GERACAO S.A,CELESC GERACAO S.A,Energia Elétrica,Emissor / Devedor,Ativo,,,,,Emissor / Devedor,CELESC GERACAO S.A é devedor/emissor de ativos de renda fixa no mercado de capitais.
08373156000120,08.373.156/0001-20,PONTO VEICULOS S.A.,PONTO VEICULOS S.A.,Renda Fixa / Crédito Privado,Emissor / Devedor,Ativo,,,,,Emissor / Devedor,PONTO VEICULOS S.A. é devedor/emissor de ativos de renda fixa no mercado de capitais.
08471163000164,08.471.163/0001-64,FVO BRASILIA INDUSTRIA E COMERCIO DE ALIMENTOS S.A.,FVO BRASILIA INDUSTRIA E COMERCIO DE ALIMENTOS S.A.,Indústria e Comércio,Emissor / Devedor,Ativo,,,,,Emissor / Devedor,FVO BRASILIA INDUSTRIA E COMERCIO DE ALIMENTOS S.A. é devedor/emissor de ativos de renda fixa no mercado de capitais.
08533336000121,08.533.336/0001-21,CONCESSIONARIA ROTA DOS COQUEIROS S. A.,CONCESSIONARIA ROTA DOS COQUEIROS S. A.,Materiais de Construção e Agregados,Emissor / Devedor,Ativo,,,,,Emissor / Devedor,CONCESSIONARIA ROTA DOS COQUEIROS S. A. é devedor/emissor de ativos de renda fixa no mercado de capitais.
08560999000135,08.560.999/0001-35,MDL REALTY INCORPORADORA  S.A.,MDL REALTY INCORPORADORA  S.A.,Construção Civil,Emissor / Devedor,Ativo,,,,,Emissor / Devedor,MDL REALTY INCORPORADORA  S.A. é devedor/emissor de ativos de renda fixa no mercado de capitais.
08583456000133,08.583.456/0001-33,JAURU TRANSMISSORA DE ENERGIA S/A,JAURU TRANSMISSORA DE ENERGIA S/A,Energia Elétrica,Emissor / Devedor,Ativo,,,,,Emissor / Devedor,JAURU TRANSMISSORA DE ENERGIA S/A é devedor/emissor de ativos de renda fixa no mercado de capitais.
08588838000150,08.588.838/0001-50,MORUMBI DO BRASIL PROJETOS  IMOBILIARIOS  S/A,MORUMBI DO BRASIL PROJETOS  IMOBILIARIOS  S/A,Construção Civil,Emissor / Devedor,Ativo,,,,,Emissor / Devedor,MORUMBI DO BRASIL PROJETOS  IMOBILIARIOS  S/A é devedor/emissor de ativos de renda fixa no mercado de capitais.
08613550000198,08.613.550/0001-98,BRASIL BROKERS PARTICIPACOES S.A..,BRASIL BROKERS PARTICIPACOES S.A..,Serviços Imobiliários,Emissor / Devedor,Ativo,,,,,Emissor / Devedor,BRASIL BROKERS PARTICIPACOES S.A.. é devedor/emissor de ativos de renda fixa no mercado de capitais.
08635011000150,08.635.011/0001-50,EVOLTZ VI - CAMPOS NOVOS TRANSMISSORA DE ENERGIA S.A.,EVOLTZ VI - CAMPOS NOVOS TRANSMISSORA DE ENERGIA S.A.,Energia Elétrica,Emissor / Devedor,Ativo,,,,,Emissor / Devedor,EVOLTZ VI - CAMPOS NOVOS TRANSMISSORA DE ENERGIA S.A. é devedor/emissor de ativos de renda fixa no mercado de capitais.
08707602000195,08.707.602/0001-95,GLP IMIGRANTES EMPREENDIMENTOS IMOBILIARIOS S.A.,GLP IMIGRANTES EMPREENDIMENTOS IMOBILIARIOS S.A.,Serviços Imobiliários,Emissor / Devedor,Ativo,,,,,Emissor / Devedor,GLP IMIGRANTES EMPREENDIMENTOS IMOBILIARIOS S.A. é devedor/emissor de ativos de renda fixa no mercado de capitais.
08720705000195,08.720.705/0001-95,G5 HOLDING S.A.,G5 HOLDING S.A.,Empreendimentos e Participações,Emissor / Devedor,Ativo,,,,,Emissor / Devedor,G5 HOLDING S.A. é devedor/emissor de ativos de renda fixa no mercado de capitais.
08723106000125,08.723.106/0001-25,BHG S.A. - BRAZIL HOSPITALITY GROUP,BHG S.A. - BRAZIL HOSPITALITY GROUP,Outros Serviços,Emissor / Devedor,Ativo,,,,,Emissor / Devedor,BHG S.A. - BRAZIL HOSPITALITY GROUP é devedor/emissor de ativos de renda fixa no mercado de capitais.
08730884000141,08.730.884/0001-41,REC GUARULHOS S/A,REC GUARULHOS S/A,Serviços Imobiliários,Emissor / Devedor,Ativo,,,,,Emissor / Devedor,REC GUARULHOS S/A é devedor/emissor de ativos de renda fixa no mercado de capitais.
08769874000110,08.769.874/0001-10,CDF ASSISTENCIA E SUPORTE DIGITAL S.A.,CDF ASSISTENCIA E SUPORTE DIGITAL S.A.,TI e Telecomunicações,Emissor / Devedor,Ativo,,,,,Emissor / Devedor,CDF ASSISTENCIA E SUPORTE DIGITAL S.A. é devedor/emissor de ativos de renda fixa no mercado de capitais.
08773135000100,08.773.135/0001-00,2W ECOBANK S.A.,2W ECOBANK S.A.,Energia Elétrica,Emissor / Devedor,Ativo,,,,,Emissor / Devedor,2W ECOBANK S.A. é devedor/emissor de ativos de renda fixa no mercado de capitais.
08774784000117,08.774.784/0001-17,BRK AMBIENTAL – RIO DAS OSTRAS S.A.,BRK AMBIENTAL – RIO DAS OSTRAS S.A.,Saneamento,Emissor / Devedor,Ativo,,,,,Emissor / Devedor,BRK AMBIENTAL – RIO DAS OSTRAS S.A. é devedor/emissor de ativos de renda fixa no mercado de capitais.
08801621000186,08.801.621/0001-86,SYN PROP E TECH S.A.,SYN PROP E TECH S.A.,Serviços Imobiliários,Emissor / Devedor,Ativo,,,,,Emissor / Devedor,SYN PROP E TECH S.A. é devedor/emissor de ativos de renda fixa no mercado de capitais.
08803085000158,08.803.085/0001-58,VDQ HOLDINGS S.A.,VDQ HOLDINGS S.A.,Empreendimentos e Participações,Emissor / Devedor,Ativo,,,,,Emissor / Devedor,VDQ HOLDINGS S.A. é devedor/emissor de ativos de renda fixa no mercado de capitais.
08806925000136,08.806.925/0001-36,EVOLTZ VII - FOZ DO IGUACU TRANSMISSORA DE ENERGIA S.A,EVOLTZ VII - FOZ DO IGUACU TRANSMISSORA DE ENERGIA S.A,Energia Elétrica,Emissor / Devedor,Ativo,,,,,Emissor / Devedor,EVOLTZ VII - FOZ DO IGUACU TRANSMISSORA DE ENERGIA S.A é devedor/emissor de ativos de renda fixa no mercado de capitais.
08807676000101,08.807.676/0001-01,PORTO DO ACU OPERACOES SA,PORTO DO ACU OPERACOES SA,Transporte e Logística,Emissor / Devedor,Ativo,,,,,Emissor / Devedor,PORTO DO ACU OPERACOES SA é devedor/emissor de ativos de renda fixa no mercado de capitais.
08811643000127,08.811.643/0001-27,TRISUL S/A,TRISUL S/A,Construção Civil,Emissor / Devedor,Ativo,,,,,Emissor / Devedor,TRISUL S/A é devedor/emissor de ativos de renda fixa no mercado de capitais.
08822767000108,08.822.767/0001-08,CONCESSIONARIA DA RODOVIA MG-050 S.A.,CONCESSIONARIA DA RODOVIA MG-050 S.A.,Transporte e Logística,Emissor / Devedor,Ativo,,,,,Emissor / Devedor,CONCESSIONARIA DA RODOVIA MG-050 S.A. é devedor/emissor de ativos de renda fixa no mercado de capitais.
08826596000195,08.826.596/0001-95,ENERGISA BORBOREMA - DISTRIBUIDORA DE ENERGIA S/A,ENERGISA BORBOREMA - DISTRIBUIDORA DE ENERGIA S/A,Energia Elétrica,Emissor / Devedor,Ativo,,,,,Emissor / Devedor,ENERGISA BORBOREMA - DISTRIBUIDORA DE ENERGIA S/A é devedor/emissor de ativos de renda fixa no mercado de capitais.
08837556000149,08.837.556/0001-49,CONASA INFRAESTRUTURA S.A.,CONASA INFRAESTRUTURA S.A.,Empreendimentos e Participações,Emissor / Devedor,Ativo,,,,,Emissor / Devedor,CONASA INFRAESTRUTURA S.A. é devedor/emissor de ativos de renda fixa no mercado de capitais.
08842690000138,08.842.690/0001-38,ATVOS AGROINDUSTRIAL PARTICIPACOES SA,ATVOS AGROINDUSTRIAL PARTICIPACOES SA,Bioenergia,Emissor / Devedor,Ativo,,,,,Emissor / Devedor,ATVOS AGROINDUSTRIAL PARTICIPACOES SA é devedor/emissor de ativos de renda fixa no mercado de capitais.
08857635000111,08.857.635/0001-11,REC LOG 331 EMPREENDIMENTOS IMOBILIARIOS S.A.,REC LOG 331 EMPREENDIMENTOS IMOBILIARIOS S.A.,Serviços Imobiliários,Emissor / Devedor,Ativo,,,,,Emissor / Devedor,REC LOG 331 EMPREENDIMENTOS IMOBILIARIOS S.A. é devedor/emissor de ativos de renda fixa no mercado de capitais.
08902291000115,08.902.291/0001-15,CSN MINERACAO S.A.,CSN MINERACAO S.A.,Mineração,Emissor / Devedor,Ativo,,,,,Emissor / Devedor,CSN MINERACAO S.A. é devedor/emissor de ativos de renda fixa no mercado de capitais.
08906994000111,08.906.994/0001-11,FONTE NOVA NEGOCIOS E PARTICIPACOES S.A. - FNP,FONTE NOVA NEGOCIOS E PARTICIPACOES S.A. - FNP,Outros Serviços,Emissor / Devedor,Ativo,,,,,Emissor / Devedor,FONTE NOVA NEGOCIOS E PARTICIPACOES S.A. - FNP é devedor/emissor de ativos de renda fixa no mercado de capitais.
09011240000166,09.011.240/0001-66,SB BONSUCESSO ADMINISTRADORA DE SHOPPINGS S.A.,SB BONSUCESSO ADMINISTRADORA DE SHOPPINGS S.A.,Serviços Imobiliários,Emissor / Devedor,Ativo,,,,,Emissor / Devedor,SB BONSUCESSO ADMINISTRADORA DE SHOPPINGS S.A. é devedor/emissor de ativos de renda fixa no mercado de capitais.
09043782000110,09.043.782/0001-10,TERMELETRICA VIANA S.A,TERMELETRICA VIANA S.A,Energia Elétrica,Emissor / Devedor,Ativo,,,,,Emissor / Devedor,TERMELETRICA VIANA S.A é devedor/emissor de ativos de renda fixa no mercado de capitais.
09044235000150,09.044.235/0001-50,Q1 COMERCIAL DE ROUPAS S/A,Q1 COMERCIAL DE ROUPAS S/A,Têxtil e Calçados,Emissor / Devedor,Ativo,,,,,Emissor / Devedor,Q1 COMERCIAL DE ROUPAS S/A é devedor/emissor de ativos de renda fixa no mercado de capitais.
09046621000180,09.046.621/0001-80,FGR URBANISMO BELEM S.A. - SPE,FGR URBANISMO BELEM S.A. - SPE,Construção Civil,Emissor / Devedor,Ativo,,,,,Emissor / Devedor,FGR URBANISMO BELEM S.A. - SPE é devedor/emissor de ativos de renda fixa no mercado de capitais.
09047261000131,09.047.261/0001-31,MARACANAU GERADORA DE ENERGIA S.A.,MARACANAU GERADORA DE ENERGIA S.A.,Energia Elétrica,Emissor / Devedor,Ativo,,,,,Emissor / Devedor,MARACANAU GERADORA DE ENERGIA S.A. é devedor/emissor de ativos de renda fixa no mercado de capitais.
09053134000145,09.053.134/0001-45,ELFA MEDICAMENTOS SA,ELFA MEDICAMENTOS SA,Indústria e Comércio,Emissor / Devedor,Ativo,,,,,Emissor / Devedor,ELFA MEDICAMENTOS SA é devedor/emissor de ativos de renda fixa no mercado de capitais.
09054385000144,09.054.385/0001-44,INBRANDS S/A,INBRANDS S/A,Têxtil e Calçados,Emissor / Devedor,Ativo,,,,,Emissor / Devedor,INBRANDS S/A é devedor/emissor de ativos de renda fixa no mercado de capitais.
09074183000164,09.074.183/0001-64,TRANSBRASILIANA CONCESSIONARIA DE RODOVIA S.A,TRANSBRASILIANA CONCESSIONARIA DE RODOVIA S.A,Transporte e Logística,Emissor / Devedor,Ativo,,,,,Emissor / Devedor,TRANSBRASILIANA CONCESSIONARIA DE RODOVIA S.A é devedor/emissor de ativos de renda fixa no mercado de capitais.
09102044000105,09.102.044/0001-05,SAGA BRASIL ADMINISTRACAO E PARTICIPACOES S/A,SAGA BRASIL ADMINISTRACAO E PARTICIPACOES S/A,Comércio Atacadista e Varejista,Emissor / Devedor,Ativo,,,,,Emissor / Devedor,SAGA BRASIL ADMINISTRACAO E PARTICIPACOES S/A é devedor/emissor de ativos de renda fixa no mercado de capitais.
09146451000106,09.146.451/0001-06,KALLAS INCORPORACOES E CONSTRUCOES S.A.,KALLAS INCORPORACOES E CONSTRUCOES S.A.,Construção Civil,Emissor / Devedor,Ativo,,,,,Emissor / Devedor,KALLAS INCORPORACOES E CONSTRUCOES S.A. é devedor/emissor de ativos de renda fixa no mercado de capitais.
09266129000110,09.266.129/0001-10,SANEAMENTO AMBIENTAL AGUAS DO BRASIL SA,SANEAMENTO AMBIENTAL AGUAS DO BRASIL SA,Saneamento,Emissor / Devedor,Ativo,,,,,Emissor / Devedor,SANEAMENTO AMBIENTAL AGUAS DO BRASIL SA é devedor/emissor de ativos de renda fixa no mercado de capitais.
09313969000197,09.313.969/0001-97,AUTOPISTA LITORAL SUL S/A.,AUTOPISTA LITORAL SUL S/A.,Transporte e Logística,Emissor / Devedor,Ativo,,,,,Emissor / Devedor,AUTOPISTA LITORAL SUL S/A. é devedor/emissor de ativos de renda fixa no mercado de capitais.
09336431000106,09.336.431/0001-06,AUTOPISTA REGIS BITTENCOURT S/A,AUTOPISTA REGIS BITTENCOURT S/A,Transporte e Logística,Emissor / Devedor,Ativo,,,,,Emissor / Devedor,AUTOPISTA REGIS BITTENCOURT S/A é devedor/emissor de ativos de renda fixa no mercado de capitais.
09341337000137,09.341.337/0001-37,CENTRAIS EOLICAS DE CAETITE PARTICIPACOES S/A,CENTRAIS EOLICAS DE CAETITE PARTICIPACOES S/A,Energia Elétrica,Emissor / Devedor,Ativo,,,,,Emissor / Devedor,CENTRAIS EOLICAS DE CAETITE PARTICIPACOES S/A é devedor/emissor de ativos de renda fixa no mercado de capitais.
09356040000145,09.356.040/0001-45,BRK AMBIENTAL - RIO DAS OSTRAS PARTICIPACOES S.A,BRK AMBIENTAL - RIO DAS OSTRAS PARTICIPACOES S.A,Saneamento,Emissor / Devedor,Ativo,,,,,Emissor / Devedor,BRK AMBIENTAL - RIO DAS OSTRAS PARTICIPACOES S.A é devedor/emissor de ativos de renda fixa no mercado de capitais.
09357838000101,09.357.838/0001-01,MIOLO WINES GROUP VITIVINICULTURA SA,MIOLO WINES GROUP VITIVINICULTURA SA,Alimentos e Bebidas,Emissor / Devedor,Ativo,,,,,Emissor / Devedor,MIOLO WINES GROUP VITIVINICULTURA SA é devedor/emissor de ativos de renda fixa no mercado de capitais.
09359927000197,09.359.927/0001-97,ASA BRANCA HOLDING S.A.,ASA BRANCA HOLDING S.A.,Empreendimentos e Participações,Emissor / Devedor,Ativo,,,,,Emissor / Devedor,ASA BRANCA HOLDING S.A. é devedor/emissor de ativos de renda fixa no mercado de capitais.
09391823000160,09.391.823/0001-60,SANTO ANTONIO ENERGIA S.A.,SANTO ANTONIO ENERGIA S.A.,Energia Elétrica,Emissor / Devedor,Ativo,,,,,Emissor / Devedor,SANTO ANTONIO ENERGIA S.A. é devedor/emissor de ativos de renda fixa no mercado de capitais.
09584001000286,09.584.001/0002-86,LUMINAE S.A,LUMINAE S.A,Energia Elétrica,Emissor / Devedor,Ativo,,,,,Emissor / Devedor,LUMINAE S.A é devedor/emissor de ativos de renda fixa no mercado de capitais.
09597890000135,09.597.890/0001-35,MARFIM EMPREENDIMENTOS IMOBILIARIOS S.A.,MARFIM EMPREENDIMENTOS IMOBILIARIOS S.A.,Serviços Imobiliários,Emissor / Devedor,Ativo,,,,,Emissor / Devedor,MARFIM EMPREENDIMENTOS IMOBILIARIOS S.A. é devedor/emissor de ativos de renda fixa no mercado de capitais.
09611669000194,09.611.669/0001-94,CIDADE MARAVILHOSA IND E COM DE ROUPAS S.A.,CIDADE MARAVILHOSA IND E COM DE ROUPAS S.A.,Têxtil e Calçados,Emissor / Devedor,Ativo,,,,,Emissor / Devedor,CIDADE MARAVILHOSA IND E COM DE ROUPAS S.A. é devedor/emissor de ativos de renda fixa no mercado de capitais.
09625321000156,09.625.321/0001-56,NORTE BRASIL TRANSMISSORA DE ENERGIA S.A.,NORTE BRASIL TRANSMISSORA DE ENERGIA S.A.,Energia Elétrica,Emissor / Devedor,Ativo,,,,,Emissor / Devedor,NORTE BRASIL TRANSMISSORA DE ENERGIA S.A. é devedor/emissor de ativos de renda fixa no mercado de capitais.
09653566000197,09.653.566/0001-97,SC2 MARANHAO LOCACAO DE CENTROS COMERCIAIS S/A,SC2 MARANHAO LOCACAO DE CENTROS COMERCIAIS S/A,Serviços Imobiliários,Emissor / Devedor,Ativo,,,,,Emissor / Devedor,SC2 MARANHAO LOCACAO DE CENTROS COMERCIAIS S/A é devedor/emissor de ativos de renda fixa no mercado de capitais.
09813204000116,09.813.204/0001-16,W2W E-COMMERCE DE VINHOS S/A,W2W E-COMMERCE DE VINHOS S/A,Comércio Atacadista e Varejista,Emissor / Devedor,Ativo,,,,,Emissor / Devedor,W2W E-COMMERCE DE VINHOS S/A é devedor/emissor de ativos de renda fixa no mercado de capitais.
10139870000108,10.139.870/0001-08,NEOGRID PARTICIPACOES S.A.,NEOGRID PARTICIPACOES S.A.,Transporte e Logística,Emissor / Devedor,Ativo,,,,,Emissor / Devedor,NEOGRID PARTICIPACOES S.A. é devedor/emissor de ativos de renda fixa no mercado de capitais.
10215988000160,10.215.988/0001-60,COMPANHIA DE LOCACAO DAS AMERICAS,COMPANHIA DE LOCACAO DAS AMERICAS,Locação de Veículos,Emissor / Devedor,Ativo,,,,,Emissor / Devedor,COMPANHIA DE LOCACAO DAS AMERICAS é devedor/emissor de ativos de renda fixa no mercado de capitais.
10240186000100,10.240.186/0001-00,LINHAS DE XINGU TRANSMISSORA DE ENERGIA S.A.,LINHAS DE XINGU TRANSMISSORA DE ENERGIA S.A.,Energia Elétrica,Emissor / Devedor,Ativo,,,,,Emissor / Devedor,LINHAS DE XINGU TRANSMISSORA DE ENERGIA S.A. é devedor/emissor de ativos de renda fixa no mercado de capitais.
10285590000108,10.285.590/0001-08,GRUPO DE MODA SOMA S.A.,GRUPO DE MODA SOMA S.A.,Têxtil e Calçados,Emissor / Devedor,Ativo,,,,,Emissor / Devedor,GRUPO DE MODA SOMA S.A. é devedor/emissor de ativos de renda fixa no mercado de capitais.
10319900000150,10.319.900/0001-50,CICLUS AMBIENTAL RIO S.A,CICLUS AMBIENTAL RIO S.A,Renda Fixa / Crédito Privado,Emissor / Devedor,Ativo,,,,,Emissor / Devedor,CICLUS AMBIENTAL RIO S.A é devedor/emissor de ativos de renda fixa no mercado de capitais.
10456140000122,10.456.140/0001-22,INTERCEMENT PARTICIPACOES S.A.,INTERCEMENT PARTICIPACOES S.A.,Materiais de Construção e Agregados,Emissor / Devedor,Ativo,,,,,Emissor / Devedor,INTERCEMENT PARTICIPACOES S.A. é devedor/emissor de ativos de renda fixa no mercado de capitais.
10472905000118,10.472.905/0001-18,LINHARES GERACAO S/A,LINHARES GERACAO S/A,Energia Elétrica,Emissor / Devedor,Ativo,,,,,Emissor / Devedor,LINHARES GERACAO S/A é devedor/emissor de ativos de renda fixa no mercado de capitais.
10502676000137,10.502.676/0001-37,TERMELETRICA   PERNAMBUCO  III   S.A.,TERMELETRICA   PERNAMBUCO  III   S.A.,Energia Elétrica,Emissor / Devedor,Ativo,,,,,Emissor / Devedor,TERMELETRICA   PERNAMBUCO  III   S.A. é devedor/emissor de ativos de renda fixa no mercado de capitais.
10512581000102,10.512.581/0001-02,GASTER PARTICIPACOES S.A.,GASTER PARTICIPACOES S.A.,Renda Fixa / Crédito Privado,Emissor / Devedor,Ativo,,,,,Emissor / Devedor,GASTER PARTICIPACOES S.A. é devedor/emissor de ativos de renda fixa no mercado de capitais.
10515756000127,10.515.756/0001-27,EVOLTZ VIII TRANSMISSORA DE ENERGIA S/A,EVOLTZ VIII TRANSMISSORA DE ENERGIA S/A,Energia Elétrica,Emissor / Devedor,Ativo,,,,,Emissor / Devedor,EVOLTZ VIII TRANSMISSORA DE ENERGIA S/A é devedor/emissor de ativos de renda fixa no mercado de capitais.
10532985000150,10.532.985/0001-50,BRENNAND ENERGIA S.A.,BRENNAND ENERGIA S.A.,Energia Elétrica,Emissor / Devedor,Ativo,,,,,Emissor / Devedor,BRENNAND ENERGIA S.A. é devedor/emissor de ativos de renda fixa no mercado de capitais.
10538273000148,10.538.273/0001-48,ELETRICIDADE DO BRASIL S/A - EBRASIL,ELETRICIDADE DO BRASIL S/A - EBRASIL,Energia Elétrica,Emissor / Devedor,Ativo,,,,,Emissor / Devedor,ELETRICIDADE DO BRASIL S/A - EBRASIL é devedor/emissor de ativos de renda fixa no mercado de capitais.
10553895000145,10.553.895/0001-45,TRANSENERGIA RENOVAVEL S. A.,TRANSENERGIA RENOVAVEL S. A.,Energia Elétrica,Emissor / Devedor,Ativo,,,,,Emissor / Devedor,TRANSENERGIA RENOVAVEL S. A. é devedor/emissor de ativos de renda fixa no mercado de capitais.
10562611000187,10.562.611/0001-87,INTERLIGACAO ELETRICA DO MADEIRA S/A,INTERLIGACAO ELETRICA DO MADEIRA S/A,Energia Elétrica,Emissor / Devedor,Ativo,,,,,Emissor / Devedor,INTERLIGACAO ELETRICA DO MADEIRA S/A é devedor/emissor de ativos de renda fixa no mercado de capitais.
10618009000114,10.618.009/0001-14,COMPANHIA ENERGETICA CANOAS,COMPANHIA ENERGETICA CANOAS,Energia Elétrica,Emissor / Devedor,Ativo,,,,,Emissor / Devedor,COMPANHIA ENERGETICA CANOAS é devedor/emissor de ativos de renda fixa no mercado de capitais.
10635691000153,10.635.691/0001-53,VIARONDON CONCESSIONARIA DE RODOVIA S/A,VIARONDON CONCESSIONARIA DE RODOVIA S/A,Transporte e Logística,Emissor / Devedor,Ativo,,,,,Emissor / Devedor,VIARONDON CONCESSIONARIA DE RODOVIA S/A é devedor/emissor de ativos de renda fixa no mercado de capitais.
10647979000148,10.647.979/0001-48,CONCESSIONARIA ROTA DAS BANDEIRAS S/A,CONCESSIONARIA ROTA DAS BANDEIRAS S/A,Transporte e Logística,Emissor / Devedor,Ativo,,,,,Emissor / Devedor,CONCESSIONARIA ROTA DAS BANDEIRAS S/A é devedor/emissor de ativos de renda fixa no mercado de capitais.
10656452000180,10.656.452/0001-80,VOTORANTIM  CIMENTOS N/NE S.A.,VOTORANTIM  CIMENTOS N/NE S.A.,Materiais de Construção e Agregados,Emissor / Devedor,Ativo,,,,,Emissor / Devedor,VOTORANTIM  CIMENTOS N/NE S.A. é devedor/emissor de ativos de renda fixa no mercado de capitais.
10678505000163,10.678.505/0001-63,CONCESSIONARIA RODOVIAS DO TIETE S/A,CONCESSIONARIA RODOVIAS DO TIETE S/A,Transporte e Logística,Emissor / Devedor,Ativo,,,,,Emissor / Devedor,CONCESSIONARIA RODOVIAS DO TIETE S/A é devedor/emissor de ativos de renda fixa no mercado de capitais.
10760260000119,10.760.260/0001-19,CVC BRASIL OPERADORA E AGENCIA DE VIAGENS S.A.,CVC BRASIL OPERADORA E AGENCIA DE VIAGENS S.A.,Outros Serviços,Emissor / Devedor,Ativo,,,,,Emissor / Devedor,CVC BRASIL OPERADORA E AGENCIA DE VIAGENS S.A. é devedor/emissor de ativos de renda fixa no mercado de capitais.
10808204000107,10.808.204/0001-07,GGSH PARTICIPACOES S.A,GGSH PARTICIPACOES S.A,Assistência Médica,Emissor / Devedor,Ativo,,,,,Emissor / Devedor,GGSH PARTICIPACOES S.A é devedor/emissor de ativos de renda fixa no mercado de capitais.
10917143000116,10.917.143/0001-16,OR EMPREENDIMENTOS IMOBILIARIOS E PARTICIPACOES S/A,OR EMPREENDIMENTOS IMOBILIARIOS E PARTICIPACOES S/A,Construção Civil,Emissor / Devedor,Ativo,,,,,Emissor / Devedor,OR EMPREENDIMENTOS IMOBILIARIOS E PARTICIPACOES S/A é devedor/emissor de ativos de renda fixa no mercado de capitais.
10979076000164,10.979.076/0001-64,CUTIA EMPREENDIMENTOS EOLICOS S.A.,CUTIA EMPREENDIMENTOS EOLICOS S.A.,Energia Elétrica,Emissor / Devedor,Ativo,,,,,Emissor / Devedor,CUTIA EMPREENDIMENTOS EOLICOS S.A. é devedor/emissor de ativos de renda fixa no mercado de capitais.
10997565000149,10.997.565/0001-49,TRANSENERGIA SAO PAULO S.A.,TRANSENERGIA SAO PAULO S.A.,Energia Elétrica,Emissor / Devedor,Ativo,,,,,Emissor / Devedor,TRANSENERGIA SAO PAULO S.A. é devedor/emissor de ativos de renda fixa no mercado de capitais.
11114284000163,11.114.284/0001-63,CASA E VIDEO RIO DE JANEIRO S/A,CASA E VIDEO RIO DE JANEIRO S/A,Comércio Atacadista e Varejista,Emissor / Devedor,Ativo,,,,,Emissor / Devedor,CASA E VIDEO RIO DE JANEIRO S/A é devedor/emissor de ativos de renda fixa no mercado de capitais.
11131464000153,11.131.464/0001-53,GAS VERDE S/A,GAS VERDE S/A,Petróleo e Gás,Emissor / Devedor,Ativo,,,,,Emissor / Devedor,GAS VERDE S/A é devedor/emissor de ativos de renda fixa no mercado de capitais.
11198242000158,11.198.242/0001-58,OSX CONSTRUCAO NAVAL SA-EM REC.JUDICIAL,OSX CONSTRUCAO NAVAL SA-EM REC.JUDICIAL,Petróleo e Gás,Emissor / Devedor,Ativo,,,,,Emissor / Devedor,OSX CONSTRUCAO NAVAL SA-EM REC.JUDICIAL é devedor/emissor de ativos de renda fixa no mercado de capitais.
11230122000190,11.230.122/0001-90,PARNAIBA GAS NATURAL S.A.,PARNAIBA GAS NATURAL S.A.,Petróleo e Gás,Emissor / Devedor,Ativo,,,,,Emissor / Devedor,PARNAIBA GAS NATURAL S.A. é devedor/emissor de ativos de renda fixa no mercado de capitais.
11235729000163,11.235.729/0001-63,CANABRAVA ENERGETICA S/A,CANABRAVA ENERGETICA S/A,Bioenergia,Emissor / Devedor,Ativo,,,,,Emissor / Devedor,CANABRAVA ENERGETICA S/A é devedor/emissor de ativos de renda fixa no mercado de capitais.
11253257000171,11.253.257/0001-71,ENAUTA ENERGIA S.A.,ENAUTA ENERGIA S.A.,Petróleo e Gás,Emissor / Devedor,Ativo,,,,,Emissor / Devedor,ENAUTA ENERGIA S.A. é devedor/emissor de ativos de renda fixa no mercado de capitais.
11274829000107,11.274.829/0001-07,CIA PAULISTA DE SECURITIZACAO,CIA PAULISTA DE SECURITIZACAO,Financeiro,Emissor / Devedor,Ativo,,,,,Emissor / Devedor,CIA PAULISTA DE SECURITIZACAO é devedor/emissor de ativos de renda fixa no mercado de capitais.
11284204000118,11.284.204/0001-18,YOU INC INCORPORADORA E PARTICIPACOES S/A,YOU INC INCORPORADORA E PARTICIPACOES S/A,Construção Civil,Emissor / Devedor,Ativo,,,,,Emissor / Devedor,YOU INC INCORPORADORA E PARTICIPACOES S/A é devedor/emissor de ativos de renda fixa no mercado de capitais.
11289590000130,11.289.590/0001-30,TIETE EOLICA S.A.,TIETE EOLICA S.A.,Energia Elétrica,Emissor / Devedor,Ativo,,,,,Emissor / Devedor,TIETE EOLICA S.A. é devedor/emissor de ativos de renda fixa no mercado de capitais.
11316814000156,11.316.814/0001-56,RIO CANOAS ENERGIA S/A,RIO CANOAS ENERGIA S/A,Energia Elétrica,Emissor / Devedor,Ativo,,,,,Emissor / Devedor,RIO CANOAS ENERGIA S/A é devedor/emissor de ativos de renda fixa no mercado de capitais.
11442854000144,11.442.854/0001-44,SIMSAN CONSTRUCOES E EMPREENDIMENTOS IMOBILIARIOS S.A,SIMSAN CONSTRUCOES E EMPREENDIMENTOS IMOBILIARIOS S.A,Construção Civil,Emissor / Devedor,Ativo,,,,,Emissor / Devedor,SIMSAN CONSTRUCOES E EMPREENDIMENTOS IMOBILIARIOS S.A é devedor/emissor de ativos de renda fixa no mercado de capitais.
11517841000197,11.517.841/0001-97,COMPANHIA SULAMERICANA DE DISTRIBUICAO,COMPANHIA SULAMERICANA DE DISTRIBUICAO,Comércio Atacadista e Varejista,Emissor / Devedor,Ativo,,,,,Emissor / Devedor,COMPANHIA SULAMERICANA DE DISTRIBUICAO é devedor/emissor de ativos de renda fixa no mercado de capitais.
11535028000140,11.535.028/0001-40,QUEIROZ GALVAO DESENVOLVIMENTO IMOBILIARIO S.A.,QUEIROZ GALVAO DESENVOLVIMENTO IMOBILIARIO S.A.,Construção Civil,Emissor / Devedor,Ativo,,,,,Emissor / Devedor,QUEIROZ GALVAO DESENVOLVIMENTO IMOBILIARIO S.A. é devedor/emissor de ativos de renda fixa no mercado de capitais.
11609081000148,11.609.081/0001-48,BRK AMBIENTAL – BLUMENAU S.A.,BRK AMBIENTAL – BLUMENAU S.A.,Saneamento,Emissor / Devedor,Ativo,,,,,Emissor / Devedor,BRK AMBIENTAL – BLUMENAU S.A. é devedor/emissor de ativos de renda fixa no mercado de capitais.
11620646000198,11.620.646/0001-98,LINHAS DE TRANSMISSAO DE MONTES CLAROS S/A,LINHAS DE TRANSMISSAO DE MONTES CLAROS S/A,Energia Elétrica,Emissor / Devedor,Ativo,,,,,Emissor / Devedor,LINHAS DE TRANSMISSAO DE MONTES CLAROS S/A é devedor/emissor de ativos de renda fixa no mercado de capitais.
11669168000100,11.669.168/0001-00,GS INIMA INDUSTRIAL TRIUNFO S.A.,GS INIMA INDUSTRIAL TRIUNFO S.A.,Saneamento,Emissor / Devedor,Ativo,,,,,Emissor / Devedor,GS INIMA INDUSTRIAL TRIUNFO S.A. é devedor/emissor de ativos de renda fixa no mercado de capitais.
11708279000189,11.708.279/0001-89,GOIAS TRANSMISSAO S.A.,GOIAS TRANSMISSAO S.A.,Energia Elétrica,Emissor / Devedor,Ativo,,,,,Emissor / Devedor,GOIAS TRANSMISSAO S.A. é devedor/emissor de ativos de renda fixa no mercado de capitais.
11725176000127,11.725.176/0001-27,BOA VISTA SERVICOS S/A,BOA VISTA SERVICOS S/A,Outros Serviços,Emissor / Devedor,Ativo,,,,,Emissor / Devedor,BOA VISTA SERVICOS S/A é devedor/emissor de ativos de renda fixa no mercado de capitais.
11860795000124,11.860.795/0001-24,CONE S.A.,CONE S.A.,Transporte e Logística,Emissor / Devedor,Ativo,,,,,Emissor / Devedor,CONE S.A. é devedor/emissor de ativos de renda fixa no mercado de capitais.
11950487000190,11.950.487/0001-90,MILANO COMERCIO VAREJISTA DE ALIMENTOS S.A..,MILANO COMERCIO VAREJISTA DE ALIMENTOS S.A..,Comércio Atacadista e Varejista,Emissor / Devedor,Ativo,,,,,Emissor / Devedor,MILANO COMERCIO VAREJISTA DE ALIMENTOS S.A.. é devedor/emissor de ativos de renda fixa no mercado de capitais.
12039513000195,12.039.513/0001-95,RIOMAR SHOPPING FORTALEZA S/A,RIOMAR SHOPPING FORTALEZA S/A,Serviços Imobiliários,Emissor / Devedor,Ativo,,,,,Emissor / Devedor,RIOMAR SHOPPING FORTALEZA S/A é devedor/emissor de ativos de renda fixa no mercado de capitais.
12049167000126,12.049.167/0001-26,ARAUCARIA SANEAMENTO S/A,ARAUCARIA SANEAMENTO S/A,Saneamento,Emissor / Devedor,Ativo,,,,,Emissor / Devedor,ARAUCARIA SANEAMENTO S/A é devedor/emissor de ativos de renda fixa no mercado de capitais.
12049631000184,12.049.631/0001-84,MOURA DUBEUX ENGENHARIA S/A,MOURA DUBEUX ENGENHARIA S/A,Construção Civil,Emissor / Devedor,Ativo,,,,,Emissor / Devedor,MOURA DUBEUX ENGENHARIA S/A é devedor/emissor de ativos de renda fixa no mercado de capitais.
12051345000153,12.051.345/0001-53,BM EMPREENDIMENTOS E PARTICIPACOES SPE S.A.,BM EMPREENDIMENTOS E PARTICIPACOES SPE S.A.,Construção Civil,Emissor / Devedor,Ativo,,,,,Emissor / Devedor,BM EMPREENDIMENTOS E PARTICIPACOES SPE S.A. é devedor/emissor de ativos de renda fixa no mercado de capitais.
12251483000186,12.251.483/0001-86,ODEBRECHT TRANSPORT S.A.,ODEBRECHT TRANSPORT S.A.,Transporte e Logística,Emissor / Devedor,Ativo,,,,,Emissor / Devedor,ODEBRECHT TRANSPORT S.A. é devedor/emissor de ativos de renda fixa no mercado de capitais.
12294194000164,12.294.194/0001-64,M.INVEST PLANEJAMENTO E ADMINISTRACAO DE SHOPPING CENTER S/A,M.INVEST PLANEJAMENTO E ADMINISTRACAO DE SHOPPING CENTER S/A,Serviços Imobiliários,Emissor / Devedor,Ativo,,,,,Emissor / Devedor,M.INVEST PLANEJAMENTO E ADMINISTRACAO DE SHOPPING CENTER S/A é devedor/emissor de ativos de renda fixa no mercado de capitais.
12300288000107,12.300.288/0001-07,NORTE ENERGIA S/A,NORTE ENERGIA S/A,Energia Elétrica,Emissor / Devedor,Ativo,,,,,Emissor / Devedor,NORTE ENERGIA S/A é devedor/emissor de ativos de renda fixa no mercado de capitais.
12320349000190,12.320.349/0001-90,DURATEX S.A.,DURATEX S.A.,Renda Fixa / Crédito Privado,Emissor / Devedor,Ativo,,,,,Emissor / Devedor,DURATEX S.A. é devedor/emissor de ativos de renda fixa no mercado de capitais.
12321274000161,12.321.274/0001-61,BRVIAS HOLDING VRD S.A,BRVIAS HOLDING VRD S.A,Empreendimentos e Participações,Emissor / Devedor,Ativo,,,,,Emissor / Devedor,BRVIAS HOLDING VRD S.A é devedor/emissor de ativos de renda fixa no mercado de capitais.
12489315000123,12.489.315/0001-23,FERREIRA GOMES ENERGIA S.A.,FERREIRA GOMES ENERGIA S.A.,Energia Elétrica,Emissor / Devedor,Ativo,,,,,Emissor / Devedor,FERREIRA GOMES ENERGIA S.A. é devedor/emissor de ativos de renda fixa no mercado de capitais.
12501467000102,12.501.467/0001-02,UNIMED RIO PARTICIPACOES E INVESTIMENTOS S.A.,UNIMED RIO PARTICIPACOES E INVESTIMENTOS S.A.,Assistência Médica,Emissor / Devedor,Ativo,,,,,Emissor / Devedor,UNIMED RIO PARTICIPACOES E INVESTIMENTOS S.A. é devedor/emissor de ativos de renda fixa no mercado de capitais.
12528708000107,12.528.708/0001-07,AERIS INDUSTRIA E COMERCIO DE EQUIPAMENTOS PARA GERACAO DE ENERGIA S.A.,AERIS INDUSTRIA E COMERCIO DE EQUIPAMENTOS PARA GERACAO DE ENERGIA S.A.,Máquinas e Equipamentos,Emissor / Devedor,Ativo,,,,,Emissor / Devedor,AERIS INDUSTRIA E COMERCIO DE EQUIPAMENTOS PARA GERACAO DE ENERGIA S.A. é devedor/emissor de ativos de renda fixa no mercado de capitais.
12561807000182,12.561.807/0001-82,ASCENSUS GESTAO E PARTICIPACOES S.A,ASCENSUS GESTAO E PARTICIPACOES S.A,Empreendimentos e Participações,Emissor / Devedor,Ativo,,,,,Emissor / Devedor,ASCENSUS GESTAO E PARTICIPACOES S.A é devedor/emissor de ativos de renda fixa no mercado de capitais.
12600032000107,12.600.032/0001-07,JIVE INVESTMENTS CONSULTORIA S.A.,JIVE INVESTMENTS CONSULTORIA S.A.,Financeiro,Emissor / Devedor,Ativo,,,,,Emissor / Devedor,JIVE INVESTMENTS CONSULTORIA S.A. é devedor/emissor de ativos de renda fixa no mercado de capitais.
12623165000107,12.623.165/0001-07,VENTOS POTIGUARES COMERCIALIZADORA DE ENERGIA S/A,VENTOS POTIGUARES COMERCIALIZADORA DE ENERGIA S/A,Energia Elétrica,Emissor / Devedor,Ativo,,,,,Emissor / Devedor,VENTOS POTIGUARES COMERCIALIZADORA DE ENERGIA S/A é devedor/emissor de ativos de renda fixa no mercado de capitais.
12827269000125,12.827.269/0001-25,MALUI ILHA DO SOL EMPREENDIMENTOS IMOBILIARIOS SPE S.A.,MALUI ILHA DO SOL EMPREENDIMENTOS IMOBILIARIOS SPE S.A.,Outros Serviços,Emissor / Devedor,Ativo,,,,,Emissor / Devedor,MALUI ILHA DO SOL EMPREENDIMENTOS IMOBILIARIOS SPE S.A. é devedor/emissor de ativos de renda fixa no mercado de capitais.
12855419000104,12.855.419/0001-04,REC CIPASA S.A.,REC CIPASA S.A.,Construção Civil,Emissor / Devedor,Ativo,,,,,Emissor / Devedor,REC CIPASA S.A. é devedor/emissor de ativos de renda fixa no mercado de capitais.
12960213000144,12.960.213/0001-44,CALDEIRAO GRANDE ENERGIAS RENOVAVEIS S/A,CALDEIRAO GRANDE ENERGIAS RENOVAVEIS S/A,Energia Elétrica,Emissor / Devedor,Ativo,,,,,Emissor / Devedor,CALDEIRAO GRANDE ENERGIAS RENOVAVEIS S/A é devedor/emissor de ativos de renda fixa no mercado de capitais.
12963862000107,12.963.862/0001-07,GRAN JARDINS DOS MONOLITOS EMPREENDIMENTOS IMOBILIARIOS S.A.,GRAN JARDINS DOS MONOLITOS EMPREENDIMENTOS IMOBILIARIOS S.A.,Construção Civil,Emissor / Devedor,Ativo,,,,,Emissor / Devedor,GRAN JARDINS DOS MONOLITOS EMPREENDIMENTOS IMOBILIARIOS S.A. é devedor/emissor de ativos de renda fixa no mercado de capitais.
12979552000172,12.979.552/0001-72,SKINSTORE S.A.,SKINSTORE S.A.,Indústria e Comércio,Emissor / Devedor,Ativo,,,,,Emissor / Devedor,SKINSTORE S.A. é devedor/emissor de ativos de renda fixa no mercado de capitais.
12980585000132,12.980.585/0001-32,FYP EMPREENDIMENTOS IMOBILIARIOS S/A,FYP EMPREENDIMENTOS IMOBILIARIOS S/A,Renda Fixa / Crédito Privado,Emissor / Devedor,Ativo,,,,,Emissor / Devedor,FYP EMPREENDIMENTOS IMOBILIARIOS S/A é devedor/emissor de ativos de renda fixa no mercado de capitais.
13015402000101,13.015.402/0001-01,BRK AMBIENTAL - URUGUAIANA S.A.,BRK AMBIENTAL - URUGUAIANA S.A.,Renda Fixa / Crédito Privado,Emissor / Devedor,Ativo,,,,,Emissor / Devedor,BRK AMBIENTAL - URUGUAIANA S.A. é devedor/emissor de ativos de renda fixa no mercado de capitais.
13015567000183,13.015.567/0001-83,RB COMMERCIAL PROPERTIES 30 EMPREENDIMENTOS IMOBILIARIOS SA,RB COMMERCIAL PROPERTIES 30 EMPREENDIMENTOS IMOBILIARIOS SA,Serviços Imobiliários,Emissor / Devedor,Ativo,,,,,Emissor / Devedor,RB COMMERCIAL PROPERTIES 30 EMPREENDIMENTOS IMOBILIARIOS SA é devedor/emissor de ativos de renda fixa no mercado de capitais.
13039389000120,13.039.389/0001-20,ATTEND  AMBIENTAL S.A.,ATTEND  AMBIENTAL S.A.,Saneamento,Emissor / Devedor,Ativo,,,,,Emissor / Devedor,ATTEND  AMBIENTAL S.A. é devedor/emissor de ativos de renda fixa no mercado de capitais.
13079757000164,13.079.757/0001-64,NOVONOR ENERGIA S.A,NOVONOR ENERGIA S.A,Energia Elétrica,Emissor / Devedor,Ativo,,,,,Emissor / Devedor,NOVONOR ENERGIA S.A é devedor/emissor de ativos de renda fixa no mercado de capitais.
13149157000125,13.149.157/0001-25,AK24-EMPREENDIMENTOS E PARTICIPACOES S/A,AK24-EMPREENDIMENTOS E PARTICIPACOES S/A,Empreendimentos e Participações,Emissor / Devedor,Ativo,,,,,Emissor / Devedor,AK24-EMPREENDIMENTOS E PARTICIPACOES S/A é devedor/emissor de ativos de renda fixa no mercado de capitais.
13200049000130,13.200.049/0001-30,RP PARTICIPACOES EM BIOCOMBUSTIVEIS S.A.,RP PARTICIPACOES EM BIOCOMBUSTIVEIS S.A.,Bioenergia,Emissor / Devedor,Ativo,,,,,Emissor / Devedor,RP PARTICIPACOES EM BIOCOMBUSTIVEIS S.A. é devedor/emissor de ativos de renda fixa no mercado de capitais.
13234214000174,13.234.214/0001-74,ITAREMA GERACAO DE ENERGIA S.A.,ITAREMA GERACAO DE ENERGIA S.A.,Energia Elétrica,Emissor / Devedor,Ativo,,,,,Emissor / Devedor,ITAREMA GERACAO DE ENERGIA S.A. é devedor/emissor de ativos de renda fixa no mercado de capitais.
13314410000159,13.314.410/0001-59,VENTOS DE SAO GALVAO HOLDING S.A.,VENTOS DE SAO GALVAO HOLDING S.A.,Energia Elétrica,Emissor / Devedor,Ativo,,,,,Emissor / Devedor,VENTOS DE SAO GALVAO HOLDING S.A. é devedor/emissor de ativos de renda fixa no mercado de capitais.
13319286000114,13.319.286/0001-14,VENTOS DE SANTO ELOY HOLDING S.A.,VENTOS DE SANTO ELOY HOLDING S.A.,Energia Elétrica,Emissor / Devedor,Ativo,,,,,Emissor / Devedor,VENTOS DE SANTO ELOY HOLDING S.A. é devedor/emissor de ativos de renda fixa no mercado de capitais.
13382604000191,13.382.604/0001-91,PEQUENA CENTRAL HIDRELETRICA SL S/A,PEQUENA CENTRAL HIDRELETRICA SL S/A,Empreendimentos e Participações,Emissor / Devedor,Ativo,,,,,Emissor / Devedor,PEQUENA CENTRAL HIDRELETRICA SL S/A é devedor/emissor de ativos de renda fixa no mercado de capitais.
13487195000198,13.487.195/0001-98,CROMOSSOMO PARTICIPACOES III S/A,CROMOSSOMO PARTICIPACOES III S/A,Assistência Médica,Emissor / Devedor,Ativo,,,,,Emissor / Devedor,CROMOSSOMO PARTICIPACOES III S/A é devedor/emissor de ativos de renda fixa no mercado de capitais.
13584310000142,13.584.310/0001-42,SUGOI S/A,SUGOI S/A,Construção Civil,Emissor / Devedor,Ativo,,,,,Emissor / Devedor,SUGOI S/A é devedor/emissor de ativos de renda fixa no mercado de capitais.
13593766000179,13.593.766/0001-79,PBH ATIVOS S/A.,PBH ATIVOS S/A.,Renda Fixa / Crédito Privado,Emissor / Devedor,Ativo,,,,,Emissor / Devedor,PBH ATIVOS S/A. é devedor/emissor de ativos de renda fixa no mercado de capitais.
13788120000147,13.788.120/0001-47,ELEKEIROZ S.A,ELEKEIROZ S.A,Química e Petroquímica,Emissor / Devedor,Ativo,,,,,Emissor / Devedor,ELEKEIROZ S.A é devedor/emissor de ativos de renda fixa no mercado de capitais.
13794869000105,13.794.869/0001-05,TEMBICI PARTICIPACOES S.A,TEMBICI PARTICIPACOES S.A,Transporte e Logística,Emissor / Devedor,Ativo,,,,,Emissor / Devedor,TEMBICI PARTICIPACOES S.A é devedor/emissor de ativos de renda fixa no mercado de capitais.
13799190000109,13.799.190/0001-09,CONCESSIONARIA ROTA DO ATLANTICO S.A.,CONCESSIONARIA ROTA DO ATLANTICO S.A.,Transporte e Logística,Emissor / Devedor,Ativo,,,,,Emissor / Devedor,CONCESSIONARIA ROTA DO ATLANTICO S.A. é devedor/emissor de ativos de renda fixa no mercado de capitais.
13808130000105,13.808.130/0001-05,BIOFLEX AGROINDUSTRIAL S.A.,BIOFLEX AGROINDUSTRIAL S.A.,Bioenergia,Emissor / Devedor,Ativo,,,,,Emissor / Devedor,BIOFLEX AGROINDUSTRIAL S.A. é devedor/emissor de ativos de renda fixa no mercado de capitais.
13869907000133,13.869.907/0001-33,GREEN LUCE SOLUCOES ENERGETICAS SA,GREEN LUCE SOLUCOES ENERGETICAS SA,Energia Elétrica,Emissor / Devedor,Ativo,,,,,Emissor / Devedor,GREEN LUCE SOLUCOES ENERGETICAS SA é devedor/emissor de ativos de renda fixa no mercado de capitais.
14011425000100,14.011.425/0001-00,SISTEMA ELITE DE ENSINO S.A.,SISTEMA ELITE DE ENSINO S.A.,Educação,Emissor / Devedor,Ativo,,,,,Emissor / Devedor,SISTEMA ELITE DE ENSINO S.A. é devedor/emissor de ativos de renda fixa no mercado de capitais.
14031191000163,14.031.191/0001-63,HINOVE  AGROCIENCIA S.A.,HINOVE  AGROCIENCIA S.A.,Comércio Atacadista e Varejista,Emissor / Devedor,Ativo,,,,,Emissor / Devedor,HINOVE  AGROCIENCIA S.A. é devedor/emissor de ativos de renda fixa no mercado de capitais.
14080223000110,14.080.223/0001-10,GERADORA EOLICA BONS VENTOS DA SERRA I SA.,GERADORA EOLICA BONS VENTOS DA SERRA I SA.,Energia Elétrica,Emissor / Devedor,Ativo,,,,,Emissor / Devedor,GERADORA EOLICA BONS VENTOS DA SERRA I SA. é devedor/emissor de ativos de renda fixa no mercado de capitais.
14117458000130,14.117.458/0001-30,CEABS SERVICOS S.A.,CEABS SERVICOS S.A.,Empreendimentos e Participações,Emissor / Devedor,Ativo,,,,,Emissor / Devedor,CEABS SERVICOS S.A. é devedor/emissor de ativos de renda fixa no mercado de capitais.
14191441000122,14.191.441/0001-22,GRANINVESTIMENTOS S/A,GRANINVESTIMENTOS S/A,Empreendimentos e Participações,Emissor / Devedor,Ativo,,,,,Emissor / Devedor,GRANINVESTIMENTOS S/A é devedor/emissor de ativos de renda fixa no mercado de capitais.
14206371000139,14.206.371/0001-39,BR TOWERS SPE1 S.A.,BR TOWERS SPE1 S.A.,Serviços Imobiliários,Emissor / Devedor,Ativo,,,,,Emissor / Devedor,BR TOWERS SPE1 S.A. é devedor/emissor de ativos de renda fixa no mercado de capitais.
14265207000100,14.265.207/0001-00,XMASSETO PARTICIPACOES S/A,XMASSETO PARTICIPACOES S/A,TI e Telecomunicações,Emissor / Devedor,Ativo,,,,,Emissor / Devedor,XMASSETO PARTICIPACOES S/A é devedor/emissor de ativos de renda fixa no mercado de capitais.
14395590000103,14.395.590/0001-03,LINHAS DE TAUBATE TRANSMISSORA DE ENERGIA S.A.,LINHAS DE TAUBATE TRANSMISSORA DE ENERGIA S.A.,Energia Elétrica,Emissor / Devedor,Ativo,,,,,Emissor / Devedor,LINHAS DE TAUBATE TRANSMISSORA DE ENERGIA S.A. é devedor/emissor de ativos de renda fixa no mercado de capitais.
14429795000162,14.429.795/0001-62,BAUMINAS LOG E TRANSPORTES S.A,BAUMINAS LOG E TRANSPORTES S.A,Renda Fixa / Crédito Privado,Emissor / Devedor,Ativo,,,,,Emissor / Devedor,BAUMINAS LOG E TRANSPORTES S.A é devedor/emissor de ativos de renda fixa no mercado de capitais.
14435130000161,14.435.130/0001-61,BRK AMBIENTAL CENTRO NORTE PARTICIPACOES S.A.,BRK AMBIENTAL CENTRO NORTE PARTICIPACOES S.A.,Saneamento,Emissor / Devedor,Ativo,,,,,Emissor / Devedor,BRK AMBIENTAL CENTRO NORTE PARTICIPACOES S.A. é devedor/emissor de ativos de renda fixa no mercado de capitais.
14522178000107,14.522.178/0001-07,AEROPORTOS BRASIL -  VIRACOPOS S.A.,AEROPORTOS BRASIL -  VIRACOPOS S.A.,Transporte e Logística,Emissor / Devedor,Ativo,,,,,Emissor / Devedor,AEROPORTOS BRASIL -  VIRACOPOS S.A. é devedor/emissor de ativos de renda fixa no mercado de capitais.
14559815000110,14.559.815/0001-10,VENTOS DE SAO BENTO HOLDING S/A,VENTOS DE SAO BENTO HOLDING S/A,Energia Elétrica,Emissor / Devedor,Ativo,,,,,Emissor / Devedor,VENTOS DE SAO BENTO HOLDING S/A é devedor/emissor de ativos de renda fixa no mercado de capitais.
14578002000177,14.578.002/0001-77,PARNAIBA II GERACAO DE ENERGIA SA,PARNAIBA II GERACAO DE ENERGIA SA,Energia Elétrica,Emissor / Devedor,Ativo,,,,,Emissor / Devedor,PARNAIBA II GERACAO DE ENERGIA SA é devedor/emissor de ativos de renda fixa no mercado de capitais.
14797436000168,14.797.436/0001-68,DELTA 3 ENERGIA S.A.,DELTA 3 ENERGIA S.A.,Energia Elétrica,Emissor / Devedor,Ativo,,,,,Emissor / Devedor,DELTA 3 ENERGIA S.A. é devedor/emissor de ativos de renda fixa no mercado de capitais.
14811848000105,14.811.848/0001-05,OAS S/A - EM RECUPERACAO JUDICIAL,OAS S/A - EM RECUPERACAO JUDICIAL,Construção Civil,Emissor / Devedor,Ativo,,,,,Emissor / Devedor,OAS S/A - EM RECUPERACAO JUDICIAL é devedor/emissor de ativos de renda fixa no mercado de capitais.
14841323000112,14.841.323/0001-12,BR MARINAS S.A.,BR MARINAS S.A.,Transporte e Logística,Emissor / Devedor,Ativo,,,,,Emissor / Devedor,BR MARINAS S.A. é devedor/emissor de ativos de renda fixa no mercado de capitais.
14995581000153,14.995.581/0001-53,AGUAS CUIABA S/A - CONCESSIONARIA DE SERVICOS PUBLICOS DE AGUA E ESGOTO,AGUAS CUIABA S/A - CONCESSIONARIA DE SERVICOS PUBLICOS DE AGUA E ESGOTO,Saneamento,Emissor / Devedor,Ativo,,,,,Emissor / Devedor,AGUAS CUIABA S/A - CONCESSIONARIA DE SERVICOS PUBLICOS DE AGUA E ESGOTO é devedor/emissor de ativos de renda fixa no mercado de capitais.
15019317000147,15.019.317/0001-47,AB CONCESSOES S.A.,AB CONCESSOES S.A.,Transporte e Logística,Emissor / Devedor,Ativo,,,,,Emissor / Devedor,AB CONCESSOES S.A. é devedor/emissor de ativos de renda fixa no mercado de capitais.
15019552000119,15.019.552/0001-19,LPP I EMPREENDIMENTOS E PARTICIPACOES S.A.,LPP I EMPREENDIMENTOS E PARTICIPACOES S.A.,Empreendimentos e Participações,Emissor / Devedor,Ativo,,,,,Emissor / Devedor,LPP I EMPREENDIMENTOS E PARTICIPACOES S.A. é devedor/emissor de ativos de renda fixa no mercado de capitais.
15042149000100,15.042.149/0001-00,LOG ENERGIA COMERCIALIZADORA S/A,LOG ENERGIA COMERCIALIZADORA S/A,Energia Elétrica,Emissor / Devedor,Ativo,,,,,Emissor / Devedor,LOG ENERGIA COMERCIALIZADORA S/A é devedor/emissor de ativos de renda fixa no mercado de capitais.
15090690000194,15.090.690/0001-94,CONCESSIONARIA ECOVIAS DO ARAGUAIA S.A.,CONCESSIONARIA ECOVIAS DO ARAGUAIA S.A.,Transporte e Logística,Emissor / Devedor,Ativo,,,,,Emissor / Devedor,CONCESSIONARIA ECOVIAS DO ARAGUAIA S.A. é devedor/emissor de ativos de renda fixa no mercado de capitais.
15114494000102,15.114.494/0001-02,CORREDOR LOGISTICA E INFRAESTRUTURA S.A,CORREDOR LOGISTICA E INFRAESTRUTURA S.A,Transporte e Logística,Emissor / Devedor,Ativo,,,,,Emissor / Devedor,CORREDOR LOGISTICA E INFRAESTRUTURA S.A é devedor/emissor de ativos de renda fixa no mercado de capitais.
15129010000107,15.129.010/0001-07,CIMAR - CIMENTOS DO MARANHAO S.A.,CIMAR - CIMENTOS DO MARANHAO S.A.,Materiais de Construção e Agregados,Emissor / Devedor,Ativo,,,,,Emissor / Devedor,CIMAR - CIMENTOS DO MARANHAO S.A. é devedor/emissor de ativos de renda fixa no mercado de capitais.
15190480000178,15.190.480/0001-78,DELTA 2 ENERGIA S/A,DELTA 2 ENERGIA S/A,Energia Elétrica,Emissor / Devedor,Ativo,,,,,Emissor / Devedor,DELTA 2 ENERGIA S/A é devedor/emissor de ativos de renda fixa no mercado de capitais.
15286382000139,15.286.382/0001-39,MATRINCHA TRANSMISSORA DE ENERGIA TP NORTE S/A,MATRINCHA TRANSMISSORA DE ENERGIA TP NORTE S/A,Energia Elétrica,Emissor / Devedor,Ativo,,,,,Emissor / Devedor,MATRINCHA TRANSMISSORA DE ENERGIA TP NORTE S/A é devedor/emissor de ativos de renda fixa no mercado de capitais.
15286437000100,15.286.437/0001-00,GUARACIABA TRANSMISSORA DE ENERGIA TP SUL SA,GUARACIABA TRANSMISSORA DE ENERGIA TP SUL SA,Energia Elétrica,Emissor / Devedor,Ativo,,,,,Emissor / Devedor,GUARACIABA TRANSMISSORA DE ENERGIA TP SUL SA é devedor/emissor de ativos de renda fixa no mercado de capitais.
15426874000182,15.426.874/0001-82,ITR COMERCIO DE PNEUS E PECAS S.A,ITR COMERCIO DE PNEUS E PECAS S.A,Comércio Atacadista e Varejista,Emissor / Devedor,Ativo,,,,,Emissor / Devedor,ITR COMERCIO DE PNEUS E PECAS S.A é devedor/emissor de ativos de renda fixa no mercado de capitais.
15483161000150,15.483.161/0001-50,ALSOL ENERGIAS RENOVAVEIS S/A,ALSOL ENERGIAS RENOVAVEIS S/A,Energia Elétrica,Emissor / Devedor,Ativo,,,,,Emissor / Devedor,ALSOL ENERGIAS RENOVAVEIS S/A é devedor/emissor de ativos de renda fixa no mercado de capitais.
15494541000190,15.494.541/0001-90,SALUS INFRAESTRUTURA PORTUARIA S.A.,SALUS INFRAESTRUTURA PORTUARIA S.A.,Transporte e Logística,Emissor / Devedor,Ativo,,,,,Emissor / Devedor,SALUS INFRAESTRUTURA PORTUARIA S.A. é devedor/emissor de ativos de renda fixa no mercado de capitais.
15578569000106,15.578.569/0001-06,CONCESSIONARIA DO AEROPORTO INTERNACIONAL DE GUARULHOS S.A.,CONCESSIONARIA DO AEROPORTO INTERNACIONAL DE GUARULHOS S.A.,Transporte e Logística,Emissor / Devedor,Ativo,,,,,Emissor / Devedor,CONCESSIONARIA DO AEROPORTO INTERNACIONAL DE GUARULHOS S.A. é devedor/emissor de ativos de renda fixa no mercado de capitais.
15674478000174,15.674.478/0001-74,VENTOS  DE SAO VICENTE ENERGIAS RENOVAVEIS S.A.,VENTOS  DE SAO VICENTE ENERGIAS RENOVAVEIS S.A.,Energia Elétrica,Emissor / Devedor,Ativo,,,,,Emissor / Devedor,VENTOS  DE SAO VICENTE ENERGIAS RENOVAVEIS S.A. é devedor/emissor de ativos de renda fixa no mercado de capitais.
15674688000162,15.674.688/0001-62,VENTOS DE SAO CLEMENTE HOLDING S.A.,VENTOS DE SAO CLEMENTE HOLDING S.A.,Energia Elétrica,Emissor / Devedor,Ativo,,,,,Emissor / Devedor,VENTOS DE SAO CLEMENTE HOLDING S.A. é devedor/emissor de ativos de renda fixa no mercado de capitais.
15675033000109,15.675.033/0001-09,VENTOS DE SAO TOME HOLDING S.A.,VENTOS DE SAO TOME HOLDING S.A.,Energia Elétrica,Emissor / Devedor,Ativo,,,,,Emissor / Devedor,VENTOS DE SAO TOME HOLDING S.A. é devedor/emissor de ativos de renda fixa no mercado de capitais.
15695664000190,15.695.664/0001-90,USINA SOBRASIL S.A.,USINA SOBRASIL S.A.,Bioenergia,Emissor / Devedor,Ativo,,,,,Emissor / Devedor,USINA SOBRASIL S.A. é devedor/emissor de ativos de renda fixa no mercado de capitais.
15721727000135,15.721.727/0001-35,CER - COMPANHIA DE ENERGIAS RENOVAVEIS,CER - COMPANHIA DE ENERGIAS RENOVAVEIS,Energia Elétrica,Emissor / Devedor,Ativo,,,,,Emissor / Devedor,CER - COMPANHIA DE ENERGIAS RENOVAVEIS é devedor/emissor de ativos de renda fixa no mercado de capitais.
15743303000171,15.743.303/0001-71,PARNAIBA GERACAO E COMERCIALIZACAO DE ENERGIA S.A,PARNAIBA GERACAO E COMERCIALIZACAO DE ENERGIA S.A,Energia Elétrica,Emissor / Devedor,Ativo,,,,,Emissor / Devedor,PARNAIBA GERACAO E COMERCIALIZACAO DE ENERGIA S.A é devedor/emissor de ativos de renda fixa no mercado de capitais.
16575828000108,16.575.828/0001-08,NASCENTES DO XINGU PARTICIPACOES E ADMINISTRACAO S.A.,NASCENTES DO XINGU PARTICIPACOES E ADMINISTRACAO S.A.,Saneamento,Emissor / Devedor,Ativo,,,,,Emissor / Devedor,NASCENTES DO XINGU PARTICIPACOES E ADMINISTRACAO S.A. é devedor/emissor de ativos de renda fixa no mercado de capitais.
16603346000114,16.603.346/0001-14,VENTOS DE SANTO ESTEVAO HOLDING S/A,VENTOS DE SANTO ESTEVAO HOLDING S/A,Energia Elétrica,Emissor / Devedor,Ativo,,,,,Emissor / Devedor,VENTOS DE SANTO ESTEVAO HOLDING S/A é devedor/emissor de ativos de renda fixa no mercado de capitais.
16614075000100,16.614.075/0001-00,DIRECIONAL ENGENHARIA S/A,DIRECIONAL ENGENHARIA S/A,Construção Civil,Emissor / Devedor,Ativo,,,,,Emissor / Devedor,DIRECIONAL ENGENHARIA S/A é devedor/emissor de ativos de renda fixa no mercado de capitais.
16642469000164,16.642.469/0001-64,SKYSITES AMERICAS S/A,SKYSITES AMERICAS S/A,TI e Telecomunicações,Emissor / Devedor,Ativo,,,,,Emissor / Devedor,SKYSITES AMERICAS S/A é devedor/emissor de ativos de renda fixa no mercado de capitais.
16838421000126,16.838.421/0001-26,XP INVESTIMENTOS S.A.,XP INVESTIMENTOS S.A.,Financeiro,Emissor / Devedor,Ativo,,,,,Emissor / Devedor,XP INVESTIMENTOS S.A. é devedor/emissor de ativos de renda fixa no mercado de capitais.
16990436000105,16.990.436/0001-05,CAMPO LARGO PATRIMONIAL S/A,CAMPO LARGO PATRIMONIAL S/A,Serviços Imobiliários,Emissor / Devedor,Ativo,,,,,Emissor / Devedor,CAMPO LARGO PATRIMONIAL S/A é devedor/emissor de ativos de renda fixa no mercado de capitais.
17002138000122,17.002.138/0001-22,BRK AMBIENTAL - MACAE S.A.,BRK AMBIENTAL - MACAE S.A.,Saneamento,Emissor / Devedor,Ativo,,,,,Emissor / Devedor,BRK AMBIENTAL - MACAE S.A. é devedor/emissor de ativos de renda fixa no mercado de capitais.
17115437000173,17.115.437/0001-73,LABORATORIO GLOBO S.A.,LABORATORIO GLOBO S.A.,Indústria e Comércio,Emissor / Devedor,Ativo,,,,,Emissor / Devedor,LABORATORIO GLOBO S.A. é devedor/emissor de ativos de renda fixa no mercado de capitais.
17119291000134,17.119.291/0001-34,BRK AMBIENTAL REGIAO METROPOLITANA DO RECIFE/GOIANA SPE S.A.,BRK AMBIENTAL REGIAO METROPOLITANA DO RECIFE/GOIANA SPE S.A.,Saneamento,Emissor / Devedor,Ativo,,,,,Emissor / Devedor,BRK AMBIENTAL REGIAO METROPOLITANA DO RECIFE/GOIANA SPE S.A. é devedor/emissor de ativos de renda fixa no mercado de capitais.
17162082000173,17.162.082/0001-73,MENDES JUNIOR ENGENHARIA S/A,MENDES JUNIOR ENGENHARIA S/A,Construção Civil,Emissor / Devedor,Ativo,,,,,Emissor / Devedor,MENDES JUNIOR ENGENHARIA S/A é devedor/emissor de ativos de renda fixa no mercado de capitais.
17200920000156,17.200.920/0001-56,EMPRESA DE ENERGIA CACHOEIRA CALDEIRAO S.A.,EMPRESA DE ENERGIA CACHOEIRA CALDEIRAO S.A.,Energia Elétrica,Emissor / Devedor,Ativo,,,,,Emissor / Devedor,EMPRESA DE ENERGIA CACHOEIRA CALDEIRAO S.A. é devedor/emissor de ativos de renda fixa no mercado de capitais.
17250558000128,17.250.558/0001-28,LSH BARRA EMPREENDIMENTOS IMOBILIARIOS S A,LSH BARRA EMPREENDIMENTOS IMOBILIARIOS S A,Serviços Imobiliários,Emissor / Devedor,Ativo,,,,,Emissor / Devedor,LSH BARRA EMPREENDIMENTOS IMOBILIARIOS S A é devedor/emissor de ativos de renda fixa no mercado de capitais.
17553029000101,17.553.029/0001-01,PARANAIBA TRANSMISSORA DE ENERGIA S.A.,PARANAIBA TRANSMISSORA DE ENERGIA S.A.,Energia Elétrica,Emissor / Devedor,Ativo,,,,,Emissor / Devedor,PARANAIBA TRANSMISSORA DE ENERGIA S.A. é devedor/emissor de ativos de renda fixa no mercado de capitais.
17659081000139,17.659.081/0001-39,R039 EXTREMA 2 EMPREENDIMENTOS E PARTICIPACOES S.A.,R039 EXTREMA 2 EMPREENDIMENTOS E PARTICIPACOES S.A.,Empreendimentos e Participações,Emissor / Devedor,Ativo,,,,,Emissor / Devedor,R039 EXTREMA 2 EMPREENDIMENTOS E PARTICIPACOES S.A. é devedor/emissor de ativos de renda fixa no mercado de capitais.
17718542000105,17.718.542/0001-05,ALLONDA PARTICIPACOES S.A.,ALLONDA PARTICIPACOES S.A.,Empreendimentos e Participações,Emissor / Devedor,Ativo,,,,,Emissor / Devedor,ALLONDA PARTICIPACOES S.A. é devedor/emissor de ativos de renda fixa no mercado de capitais.
17745613000150,17.745.613/0001-50,SUPERMERCADO BAHAMAS S/A,SUPERMERCADO BAHAMAS S/A,Comércio Atacadista e Varejista,Emissor / Devedor,Ativo,,,,,Emissor / Devedor,SUPERMERCADO BAHAMAS S/A é devedor/emissor de ativos de renda fixa no mercado de capitais.
17831131000113,17.831.131/0001-13,COMPLEXO MARACANA ENTRETENIMENTO S.A.,COMPLEXO MARACANA ENTRETENIMENTO S.A.,Outros Serviços,Emissor / Devedor,Ativo,,,,,Emissor / Devedor,COMPLEXO MARACANA ENTRETENIMENTO S.A. é devedor/emissor de ativos de renda fixa no mercado de capitais.
17855050000153,17.855.050/0001-53,CULTURA INGLESA IDIOMAS S/A..,CULTURA INGLESA IDIOMAS S/A..,Educação,Emissor / Devedor,Ativo,,,,,Emissor / Devedor,CULTURA INGLESA IDIOMAS S/A.. é devedor/emissor de ativos de renda fixa no mercado de capitais.
17875156000119,17.875.156/0001-19,VENTOS DE SAO TITO HOLDING S/A,VENTOS DE SAO TITO HOLDING S/A,Energia Elétrica,Emissor / Devedor,Ativo,,,,,Emissor / Devedor,VENTOS DE SAO TITO HOLDING S/A é devedor/emissor de ativos de renda fixa no mercado de capitais.
17875396000113,17.875.396/0001-13,VENTOS DE SAO JORGE HOLDING S.A.,VENTOS DE SAO JORGE HOLDING S.A.,Energia Elétrica,Emissor / Devedor,Ativo,,,,,Emissor / Devedor,VENTOS DE SAO JORGE HOLDING S.A. é devedor/emissor de ativos de renda fixa no mercado de capitais.
17894611000123,17.894.611/0001-23,ALLONDA AMBIENTAL SANEAMENTO S.A.,ALLONDA AMBIENTAL SANEAMENTO S.A.,Saneamento,Emissor / Devedor,Ativo,,,,,Emissor / Devedor,ALLONDA AMBIENTAL SANEAMENTO S.A. é devedor/emissor de ativos de renda fixa no mercado de capitais.
17919649000103,17.919.649/0001-03,WAM BRASIL NEGOCIOS INTELIGENTES S.A.,WAM BRASIL NEGOCIOS INTELIGENTES S.A.,Outros Serviços,Emissor / Devedor,Ativo,,,,,Emissor / Devedor,WAM BRASIL NEGOCIOS INTELIGENTES S.A. é devedor/emissor de ativos de renda fixa no mercado de capitais.
18156217000150,18.156.217/0001-50,SANTA VITORIA DO PALMAR ENERGIAS RENOVAVEIS S.A.,SANTA VITORIA DO PALMAR ENERGIAS RENOVAVEIS S.A.,Energia Elétrica,Emissor / Devedor,Ativo,,,,,Emissor / Devedor,SANTA VITORIA DO PALMAR ENERGIAS RENOVAVEIS S.A. é devedor/emissor de ativos de renda fixa no mercado de capitais.
18384930000151,18.384.930/0001-51,DATORA MOBILE TELECOMUNICACOES S.A.,DATORA MOBILE TELECOMUNICACOES S.A.,TI e Telecomunicações,Emissor / Devedor,Ativo,,,,,Emissor / Devedor,DATORA MOBILE TELECOMUNICACOES S.A. é devedor/emissor de ativos de renda fixa no mercado de capitais.
18494537000110,18.494.537/0001-10,EMPRESA DE ENERGIA SAO MANOEL S.A.,EMPRESA DE ENERGIA SAO MANOEL S.A.,Energia Elétrica,Emissor / Devedor,Ativo,,,,,Emissor / Devedor,EMPRESA DE ENERGIA SAO MANOEL S.A. é devedor/emissor de ativos de renda fixa no mercado de capitais.
18496440000147,18.496.440/0001-47,DELTA 6 ENERGIA S.A.,DELTA 6 ENERGIA S.A.,Energia Elétrica,Emissor / Devedor,Ativo,,,,,Emissor / Devedor,DELTA 6 ENERGIA S.A. é devedor/emissor de ativos de renda fixa no mercado de capitais.
18540906000164,18.540.906/0001-64,UEM MINERACAO E CONSTRUCAO S.A.,UEM MINERACAO E CONSTRUCAO S.A.,Mineração,Emissor / Devedor,Ativo,,,,,Emissor / Devedor,UEM MINERACAO E CONSTRUCAO S.A. é devedor/emissor de ativos de renda fixa no mercado de capitais.
18546405000195,18.546.405/0001-95,ABAPORU PARTICIPACOES S/A,ABAPORU PARTICIPACOES S/A,Empreendimentos e Participações,Emissor / Devedor,Ativo,,,,,Emissor / Devedor,ABAPORU PARTICIPACOES S/A é devedor/emissor de ativos de renda fixa no mercado de capitais.
18891185000137,18.891.185/0001-37,COMPANHIA DO METRO DA BAHIA,COMPANHIA DO METRO DA BAHIA,Transporte e Logística,Emissor / Devedor,Ativo,,,,,Emissor / Devedor,COMPANHIA DO METRO DA BAHIA é devedor/emissor de ativos de renda fixa no mercado de capitais.
18903785000178,18.903.785/0001-78,HOLDING DO ARAGUAIA S.A.,HOLDING DO ARAGUAIA S.A.,Renda Fixa / Crédito Privado,Emissor / Devedor,Ativo,,,,,Emissor / Devedor,HOLDING DO ARAGUAIA S.A. é devedor/emissor de ativos de renda fixa no mercado de capitais.
18990682000192,18.990.682/0001-92,EDITORA SANAR S.A.,EDITORA SANAR S.A.,Educação,Emissor / Devedor,Ativo,,,,,Emissor / Devedor,EDITORA SANAR S.A. é devedor/emissor de ativos de renda fixa no mercado de capitais.
19011479000190,19.011.479/0001-90,ENEL GREEN POWER MANICOBA EOLICA SA,ENEL GREEN POWER MANICOBA EOLICA SA,Energia Elétrica,Emissor / Devedor,Ativo,,,,,Emissor / Devedor,ENEL GREEN POWER MANICOBA EOLICA SA é devedor/emissor de ativos de renda fixa no mercado de capitais.
19046080000144,19.046.080/0001-44,ENEL GREEN POWER DAMASCENA EOLICA S.A.,ENEL GREEN POWER DAMASCENA EOLICA S.A.,Energia Elétrica,Emissor / Devedor,Ativo,,,,,Emissor / Devedor,ENEL GREEN POWER DAMASCENA EOLICA S.A. é devedor/emissor de ativos de renda fixa no mercado de capitais.
19091996000116,19.091.996/0001-16,MOBITECH LOCADORA DE VEICULOS S.A.,MOBITECH LOCADORA DE VEICULOS S.A.,Transporte e Logística,Emissor / Devedor,Ativo,,,,,Emissor / Devedor,MOBITECH LOCADORA DE VEICULOS S.A. é devedor/emissor de ativos de renda fixa no mercado de capitais.
19133012000112,19.133.012/0001-12,RENOVA COMPANHIA SECURITIZADORA DE CREDITOS FINANCEIROS S.A..,RENOVA COMPANHIA SECURITIZADORA DE CREDITOS FINANCEIROS S.A..,Financeiro,Emissor / Devedor,Ativo,,,,,Emissor / Devedor,RENOVA COMPANHIA SECURITIZADORA DE CREDITOS FINANCEIROS S.A.. é devedor/emissor de ativos de renda fixa no mercado de capitais.
19276528000116,19.276.528/0001-16,BCBF PARTICIPACOES S.A.,BCBF PARTICIPACOES S.A.,Assistência Médica,Emissor / Devedor,Ativo,,,,,Emissor / Devedor,BCBF PARTICIPACOES S.A. é devedor/emissor de ativos de renda fixa no mercado de capitais.
19296342000129,19.296.342/0001-29,MGI - MINAS GERAIS PARTICIPACOES S/A,MGI - MINAS GERAIS PARTICIPACOES S/A,Empreendimentos e Participações,Emissor / Devedor,Ativo,,,,,Emissor / Devedor,MGI - MINAS GERAIS PARTICIPACOES S/A é devedor/emissor de ativos de renda fixa no mercado de capitais.
19378769000176,19.378.769/0001-76,INSTITUTO HERMES PARDINI S/A,INSTITUTO HERMES PARDINI S/A,Assistência Médica,Emissor / Devedor,Ativo,,,,,Emissor / Devedor,INSTITUTO HERMES PARDINI S/A é devedor/emissor de ativos de renda fixa no mercado de capitais.
19382073000113,19.382.073/0001-13,UFV PITOMBEIRA S.A.,UFV PITOMBEIRA S.A.,Energia Elétrica,Emissor / Devedor,Ativo,,,,,Emissor / Devedor,UFV PITOMBEIRA S.A. é devedor/emissor de ativos de renda fixa no mercado de capitais.
19389560000108,19.389.560/0001-08,MARECHAL RONDON TRANSMISSORA DE ENERGIA S.A.,MARECHAL RONDON TRANSMISSORA DE ENERGIA S.A.,Energia Elétrica,Emissor / Devedor,Ativo,,,,,Emissor / Devedor,MARECHAL RONDON TRANSMISSORA DE ENERGIA S.A. é devedor/emissor de ativos de renda fixa no mercado de capitais.
19403252000190,19.403.252/0001-90,EMCCAMP RESIDENCIAL S.A.,EMCCAMP RESIDENCIAL S.A.,Construção Civil,Emissor / Devedor,Ativo,,,,,Emissor / Devedor,EMCCAMP RESIDENCIAL S.A. é devedor/emissor de ativos de renda fixa no mercado de capitais.
19403406000143,19.403.406/0001-43,MAGNUM DISTRIBUIDORA DE PNEUS S/A,MAGNUM DISTRIBUIDORA DE PNEUS S/A,Indústria e Comércio,Emissor / Devedor,Ativo,,,,,Emissor / Devedor,MAGNUM DISTRIBUIDORA DE PNEUS S/A é devedor/emissor de ativos de renda fixa no mercado de capitais.
19527586000175,19.527.586/0001-75,COMPANHIA ENERGETICA SINOP S.A,COMPANHIA ENERGETICA SINOP S.A,Energia Elétrica,Emissor / Devedor,Ativo,,,,,Emissor / Devedor,COMPANHIA ENERGETICA SINOP S.A é devedor/emissor de ativos de renda fixa no mercado de capitais.
19560837000113,19.560.837/0001-13,CALANGO 6 ENERGIA RENOVAVEL  S.A.,CALANGO 6 ENERGIA RENOVAVEL  S.A.,Energia Elétrica,Emissor / Devedor,Ativo,,,,,Emissor / Devedor,CALANGO 6 ENERGIA RENOVAVEL  S.A. é devedor/emissor de ativos de renda fixa no mercado de capitais.
19699063000106,19.699.063/0001-06,MATA DE SANTA GENEBRA TRANSMISSAO S/A,MATA DE SANTA GENEBRA TRANSMISSAO S/A,Energia Elétrica,Emissor / Devedor,Ativo,,,,,Emissor / Devedor,MATA DE SANTA GENEBRA TRANSMISSAO S/A é devedor/emissor de ativos de renda fixa no mercado de capitais.
19788923000188,19.788.923/0001-88,VDB F2 GERACAO DE ENERGIA S.A.,VDB F2 GERACAO DE ENERGIA S.A.,Energia Elétrica,Emissor / Devedor,Ativo,,,,,Emissor / Devedor,VDB F2 GERACAO DE ENERGIA S.A. é devedor/emissor de ativos de renda fixa no mercado de capitais.
19835035000179,19.835.035/0001-79,REC DUQUE DE CAXIAS I S.A.,REC DUQUE DE CAXIAS I S.A.,Empreendimentos e Participações,Emissor / Devedor,Ativo,,,,,Emissor / Devedor,REC DUQUE DE CAXIAS I S.A. é devedor/emissor de ativos de renda fixa no mercado de capitais.
19905679000196,19.905.679/0001-96,BARAUNAS II ENERGETICA S/A,BARAUNAS II ENERGETICA S/A,Energia Elétrica,Emissor / Devedor,Ativo,,,,,Emissor / Devedor,BARAUNAS II ENERGETICA S/A é devedor/emissor de ativos de renda fixa no mercado de capitais.
19905727000146,19.905.727/0001-46,BANDA DE COURO ENERGETICA S/A,BANDA DE COURO ENERGETICA S/A,Energia Elétrica,Emissor / Devedor,Ativo,,,,,Emissor / Devedor,BANDA DE COURO ENERGETICA S/A é devedor/emissor de ativos de renda fixa no mercado de capitais.
19924678000199,19.924.678/0001-99,SCG IV HOLDING S/A,SCG IV HOLDING S/A,Empreendimentos e Participações,Emissor / Devedor,Ativo,,,,,Emissor / Devedor,SCG IV HOLDING S/A é devedor/emissor de ativos de renda fixa no mercado de capitais.
19943730000154,19.943.730/0001-54,VOLTALIA  SAO  MIGUEL DO GOSTOSO PARTICIPACOES S.A,VOLTALIA  SAO  MIGUEL DO GOSTOSO PARTICIPACOES S.A,Energia Elétrica,Emissor / Devedor,Ativo,,,,,Emissor / Devedor,VOLTALIA  SAO  MIGUEL DO GOSTOSO PARTICIPACOES S.A é devedor/emissor de ativos de renda fixa no mercado de capitais.
19953139000188,19.953.139/0001-88,GERADORA EOLICA BONS VENTOS DA SERRA 2 S.A.,GERADORA EOLICA BONS VENTOS DA SERRA 2 S.A.,Energia Elétrica,Emissor / Devedor,Ativo,,,,,Emissor / Devedor,GERADORA EOLICA BONS VENTOS DA SERRA 2 S.A. é devedor/emissor de ativos de renda fixa no mercado de capitais.
20089631000136,20.089.631/0001-36,SEEDCORP HO PRODUCAO E COMERCIALIZACAO DE SEMENTES S/A,SEEDCORP HO PRODUCAO E COMERCIALIZACAO DE SEMENTES S/A,Agropecuária,Emissor / Devedor,Ativo,,,,,Emissor / Devedor,SEEDCORP HO PRODUCAO E COMERCIALIZACAO DE SEMENTES S/A é devedor/emissor de ativos de renda fixa no mercado de capitais.
20223016000170,20.223.016/0001-70,BELO MONTE TRANSMISSORA DE ENERGIA SPE S.A.,BELO MONTE TRANSMISSORA DE ENERGIA SPE S.A.,Energia Elétrica,Emissor / Devedor,Ativo,,,,,Emissor / Devedor,BELO MONTE TRANSMISSORA DE ENERGIA SPE S.A. é devedor/emissor de ativos de renda fixa no mercado de capitais.
20228158000120,20.228.158/0001-20,PHOENIX TOWER PARTICIPACOES S /A,PHOENIX TOWER PARTICIPACOES S /A,TI e Telecomunicações,Emissor / Devedor,Ativo,,,,,Emissor / Devedor,PHOENIX TOWER PARTICIPACOES S /A é devedor/emissor de ativos de renda fixa no mercado de capitais.
20247322000147,20.247.322/0001-47,ALLIED TECNOLOGIA S.A.,ALLIED TECNOLOGIA S.A.,Comércio Atacadista e Varejista,Emissor / Devedor,Ativo,,,,,Emissor / Devedor,ALLIED TECNOLOGIA S.A. é devedor/emissor de ativos de renda fixa no mercado de capitais.
20502525000132,20.502.525/0001-32,RB CAPITAL S.A,RB CAPITAL S.A,Financeiro,Emissor / Devedor,Ativo,,,,,Emissor / Devedor,RB CAPITAL S.A é devedor/emissor de ativos de renda fixa no mercado de capitais.
20512213000100,20.512.213/0001-00,CHAPADA DO PIAUI  I  HOLDING S.A.,CHAPADA DO PIAUI  I  HOLDING S.A.,Energia Elétrica,Emissor / Devedor,Ativo,,,,,Emissor / Devedor,CHAPADA DO PIAUI  I  HOLDING S.A. é devedor/emissor de ativos de renda fixa no mercado de capitais.
20514555000169,20.514.555/0001-69,ARGO VI TRANSMISSAO DE ENERGIA S.A,ARGO VI TRANSMISSAO DE ENERGIA S.A,Energia Elétrica,Emissor / Devedor,Ativo,,,,,Emissor / Devedor,ARGO VI TRANSMISSAO DE ENERGIA S.A é devedor/emissor de ativos de renda fixa no mercado de capitais.
20514590000188,20.514.590/0001-88,ARGO V TRANSMISSAO DE ENERGIA S.A.,ARGO V TRANSMISSAO DE ENERGIA S.A.,Energia Elétrica,Emissor / Devedor,Ativo,,,,,Emissor / Devedor,ARGO V TRANSMISSAO DE ENERGIA S.A. é devedor/emissor de ativos de renda fixa no mercado de capitais.
20611180000236,20.611.180/0002-36,SETELOC S.A.,SETELOC S.A.,Renda Fixa / Crédito Privado,Emissor / Devedor,Ativo,,,,,Emissor / Devedor,SETELOC S.A. é devedor/emissor de ativos de renda fixa no mercado de capitais.
20732109000120,20.732.109/0001-20,CANTAREIRA TRANSMISSORA DE ENERGIA S/A,CANTAREIRA TRANSMISSORA DE ENERGIA S/A,Energia Elétrica,Emissor / Devedor,Ativo,,,,,Emissor / Devedor,CANTAREIRA TRANSMISSORA DE ENERGIA S/A é devedor/emissor de ativos de renda fixa no mercado de capitais.
20815862000180,20.815.862/0001-80,INOVA SAUDE SAO PAULO SPE S.A.,INOVA SAUDE SAO PAULO SPE S.A.,Assistência Médica,Emissor / Devedor,Ativo,,,,,Emissor / Devedor,INOVA SAUDE SAO PAULO SPE S.A. é devedor/emissor de ativos de renda fixa no mercado de capitais.
20815868000157,20.815.868/0001-57,INOVA SAUDE SOROCABA SPE S.A,INOVA SAUDE SOROCABA SPE S.A,Assistência Médica,Emissor / Devedor,Ativo,,,,,Emissor / Devedor,INOVA SAUDE SOROCABA SPE S.A é devedor/emissor de ativos de renda fixa no mercado de capitais.
20829557000147,20.829.557/0001-47,COMPLEXO MORRINHOS ENERGIAS RENOVAVEIS S.A.,COMPLEXO MORRINHOS ENERGIAS RENOVAVEIS S.A.,Energia Elétrica,Emissor / Devedor,Ativo,,,,,Emissor / Devedor,COMPLEXO MORRINHOS ENERGIAS RENOVAVEIS S.A. é devedor/emissor de ativos de renda fixa no mercado de capitais.
20917721000178,20.917.721/0001-78,SERRAS HOLDING S.A.,SERRAS HOLDING S.A.,Energia Elétrica,Emissor / Devedor,Ativo,,,,,Emissor / Devedor,SERRAS HOLDING S.A. é devedor/emissor de ativos de renda fixa no mercado de capitais.
21042930000188,21.042.930/0001-88,GREENBRIER MAXION - EQUIPAMENTOS E SERVICOS FERROVIARIOS S.A.,GREENBRIER MAXION - EQUIPAMENTOS E SERVICOS FERROVIARIOS S.A.,Máquinas e Equipamentos,Emissor / Devedor,Ativo,,,,,Emissor / Devedor,GREENBRIER MAXION - EQUIPAMENTOS E SERVICOS FERROVIARIOS S.A. é devedor/emissor de ativos de renda fixa no mercado de capitais.
21052772000147,21.052.772/0001-47,ROMPRO PARTICIPACOES S.A.,ROMPRO PARTICIPACOES S.A.,Empreendimentos e Participações,Emissor / Devedor,Ativo,,,,,Emissor / Devedor,ROMPRO PARTICIPACOES S.A. é devedor/emissor de ativos de renda fixa no mercado de capitais.
21246699000144,21.246.699/0001-44,ALGAR TECNOLOGIA E CONSULTORIA  S.A.,ALGAR TECNOLOGIA E CONSULTORIA  S.A.,TI e Telecomunicações,Emissor / Devedor,Ativo,,,,,Emissor / Devedor,ALGAR TECNOLOGIA E CONSULTORIA  S.A. é devedor/emissor de ativos de renda fixa no mercado de capitais.
21314575000159,21.314.575/0001-59,PRIMAV  INFRAESTRUTURA S/A,PRIMAV  INFRAESTRUTURA S/A,Empreendimentos e Participações,Emissor / Devedor,Ativo,,,,,Emissor / Devedor,PRIMAV  INFRAESTRUTURA S/A é devedor/emissor de ativos de renda fixa no mercado de capitais.
21320221000117,21.320.221/0001-17,UBY AGROQUIMICA S.A..,UBY AGROQUIMICA S.A..,Química e Petroquímica,Emissor / Devedor,Ativo,,,,,Emissor / Devedor,UBY AGROQUIMICA S.A.. é devedor/emissor de ativos de renda fixa no mercado de capitais.
21540697000163,21.540.697/0001-63,LAGOA 1 ENERGIA RENOVAVEL S.A.,LAGOA 1 ENERGIA RENOVAVEL S.A.,Energia Elétrica,Emissor / Devedor,Ativo,,,,,Emissor / Devedor,LAGOA 1 ENERGIA RENOVAVEL S.A. é devedor/emissor de ativos de renda fixa no mercado de capitais.
21581284000127,21.581.284/0001-27,CONCESSIONARIA RODOVIA DOS TAMOIOS S.A.,CONCESSIONARIA RODOVIA DOS TAMOIOS S.A.,Transporte e Logística,Emissor / Devedor,Ativo,,,,,Emissor / Devedor,CONCESSIONARIA RODOVIA DOS TAMOIOS S.A. é devedor/emissor de ativos de renda fixa no mercado de capitais.
21728083000100,21.728.083/0001-00,ARGO VII TRANSMISSAO DE ENERGIA S.A,ARGO VII TRANSMISSAO DE ENERGIA S.A,Energia Elétrica,Emissor / Devedor,Ativo,,,,,Emissor / Devedor,ARGO VII TRANSMISSAO DE ENERGIA S.A é devedor/emissor de ativos de renda fixa no mercado de capitais.
21778678000170,21.778.678/0001-70,VAST INFRAESTRUTURA S.A.,VAST INFRAESTRUTURA S.A.,Transporte e Logística,Emissor / Devedor,Ativo,,,,,Emissor / Devedor,VAST INFRAESTRUTURA S.A. é devedor/emissor de ativos de renda fixa no mercado de capitais.
21804983000199,21.804.983/0001-99,NAMPONT HOLDINGS S.A.,NAMPONT HOLDINGS S.A.,Empreendimentos e Participações,Emissor / Devedor,Ativo,,,,,Emissor / Devedor,NAMPONT HOLDINGS S.A. é devedor/emissor de ativos de renda fixa no mercado de capitais.
21815934000151,21.815.934/0001-51,PARQUE EOLICO LARANJEIRAS IX S.A.,PARQUE EOLICO LARANJEIRAS IX S.A.,Energia Elétrica,Emissor / Devedor,Ativo,,,,,Emissor / Devedor,PARQUE EOLICO LARANJEIRAS IX S.A. é devedor/emissor de ativos de renda fixa no mercado de capitais.
21816037000162,21.816.037/0001-62,PARQUE EOLICO LARANJEIRAS III S.A.,PARQUE EOLICO LARANJEIRAS III S.A.,Energia Elétrica,Emissor / Devedor,Ativo,,,,,Emissor / Devedor,PARQUE EOLICO LARANJEIRAS III S.A. é devedor/emissor de ativos de renda fixa no mercado de capitais.
21967607000115,21.967.607/0001-15,REC CAJAMAR S.A,REC CAJAMAR S.A,Serviços Imobiliários,Emissor / Devedor,Ativo,,,,,Emissor / Devedor,REC CAJAMAR S.A é devedor/emissor de ativos de renda fixa no mercado de capitais.
21976484000189,21.976.484/0001-89,RUGE SECURITIZADORA DE CREDITOS  FINANCEIROS  S/A,RUGE SECURITIZADORA DE CREDITOS  FINANCEIROS  S/A,Financeiro,Emissor / Devedor,Ativo,,,,,Emissor / Devedor,RUGE SECURITIZADORA DE CREDITOS  FINANCEIROS  S/A é devedor/emissor de ativos de renda fixa no mercado de capitais.
22069057000180,22.069.057/0001-80,PRUMO PARTICIPACOES E INVESTIMENTOS S/A,PRUMO PARTICIPACOES E INVESTIMENTOS S/A,Empreendimentos e Participações,Emissor / Devedor,Ativo,,,,,Emissor / Devedor,PRUMO PARTICIPACOES E INVESTIMENTOS S/A é devedor/emissor de ativos de renda fixa no mercado de capitais.
22163297000149,22.163.297/0001-49,CONCESSIONARIA PONTE RIO-NITEROI S/A - ECOPONTE,CONCESSIONARIA PONTE RIO-NITEROI S/A - ECOPONTE,Transporte e Logística,Emissor / Devedor,Ativo,,,,,Emissor / Devedor,CONCESSIONARIA PONTE RIO-NITEROI S/A - ECOPONTE é devedor/emissor de ativos de renda fixa no mercado de capitais.
22606673000122,22.606.673/0001-22,NSP INVESTIMENTOS S.A. - EM RECUPERACAO JUDICIAL,NSP INVESTIMENTOS S.A. - EM RECUPERACAO JUDICIAL,Empreendimentos e Participações,Emissor / Devedor,Ativo,,,,,Emissor / Devedor,NSP INVESTIMENTOS S.A. - EM RECUPERACAO JUDICIAL é devedor/emissor de ativos de renda fixa no mercado de capitais.
22609006000101,22.609.006/0001-01,SR N PARTICIPACOES S.A.,SR N PARTICIPACOES S.A.,Empreendimentos e Participações,Emissor / Devedor,Ativo,,,,,Emissor / Devedor,SR N PARTICIPACOES S.A. é devedor/emissor de ativos de renda fixa no mercado de capitais.
22636117000107,22.636.117/0001-07,ITAPOA PARTICIPACOES S.A,ITAPOA PARTICIPACOES S.A,Transporte e Logística,Emissor / Devedor,Ativo,,,,,Emissor / Devedor,ITAPOA PARTICIPACOES S.A é devedor/emissor de ativos de renda fixa no mercado de capitais.
22763502000107,22.763.502/0001-07,PMZ DISTRIBUIDORA S.A.,PMZ DISTRIBUIDORA S.A.,Comércio Atacadista e Varejista,Emissor / Devedor,Ativo,,,,,Emissor / Devedor,PMZ DISTRIBUIDORA S.A. é devedor/emissor de ativos de renda fixa no mercado de capitais.
22841361000101,22.841.361/0001-01,REC JUNDIAI III EMPREENDIMENTOS IMOBILIARIOS S.A.,REC JUNDIAI III EMPREENDIMENTOS IMOBILIARIOS S.A.,Serviços Imobiliários,Emissor / Devedor,Ativo,,,,,Emissor / Devedor,REC JUNDIAI III EMPREENDIMENTOS IMOBILIARIOS S.A. é devedor/emissor de ativos de renda fixa no mercado de capitais.
22899020000189,22.899.020/0001-89,ANO BOM INCORPORACAO E EMPREENDIMENTOS S.A..,ANO BOM INCORPORACAO E EMPREENDIMENTOS S.A..,Serviços Imobiliários,Emissor / Devedor,Ativo,,,,,Emissor / Devedor,ANO BOM INCORPORACAO E EMPREENDIMENTOS S.A.. é devedor/emissor de ativos de renda fixa no mercado de capitais.
23080281000135,23.080.281/0001-35,TIBAGI ENERGIA SPE S/A,TIBAGI ENERGIA SPE S/A,Energia Elétrica,Emissor / Devedor,Ativo,,,,,Emissor / Devedor,TIBAGI ENERGIA SPE S/A é devedor/emissor de ativos de renda fixa no mercado de capitais.
23093056000133,23.093.056/0001-33,XINGU RIO TRANSMISSORA DE ENERGIA S.A.,XINGU RIO TRANSMISSORA DE ENERGIA S.A.,Energia Elétrica,Emissor / Devedor,Ativo,,,,,Emissor / Devedor,XINGU RIO TRANSMISSORA DE ENERGIA S.A. é devedor/emissor de ativos de renda fixa no mercado de capitais.
23096269000119,23.096.269/0001-19,RIO PARANA ENERGIA S/A,RIO PARANA ENERGIA S/A,Energia Elétrica,Emissor / Devedor,Ativo,,,,,Emissor / Devedor,RIO PARANA ENERGIA S/A é devedor/emissor de ativos de renda fixa no mercado de capitais.
23104747000195,23.104.747/0001-95,ALENTEJO EMPREENDIMENTOS E PARTICIPACOES S.A.,ALENTEJO EMPREENDIMENTOS E PARTICIPACOES S.A.,Empreendimentos e Participações,Emissor / Devedor,Ativo,,,,,Emissor / Devedor,ALENTEJO EMPREENDIMENTOS E PARTICIPACOES S.A. é devedor/emissor de ativos de renda fixa no mercado de capitais.
23274194000119,23.274.194/0001-19,FURNAS CENTRAIS ELETRICAS S/A,FURNAS CENTRAIS ELETRICAS S/A,Energia Elétrica,Emissor / Devedor,Ativo,,,,,Emissor / Devedor,FURNAS CENTRAIS ELETRICAS S/A é devedor/emissor de ativos de renda fixa no mercado de capitais.
23314594000100,23.314.594/0001-00,ALESAT COMBUSTIVEIS  S/A,ALESAT COMBUSTIVEIS  S/A,Comércio Atacadista e Varejista,Emissor / Devedor,Ativo,,,,,Emissor / Devedor,ALESAT COMBUSTIVEIS  S/A é devedor/emissor de ativos de renda fixa no mercado de capitais.
23318135000103,23.318.135/0001-03,COPACABANA GERACAO DE ENERGIA E PARTICIPACOES S.A.,COPACABANA GERACAO DE ENERGIA E PARTICIPACOES S.A.,Energia Elétrica,Emissor / Devedor,Ativo,,,,,Emissor / Devedor,COPACABANA GERACAO DE ENERGIA E PARTICIPACOES S.A. é devedor/emissor de ativos de renda fixa no mercado de capitais.
23399329000172,23.399.329/0001-72,AFYA PARTICIPACOES S.A.,AFYA PARTICIPACOES S.A.,Empreendimentos e Participações,Emissor / Devedor,Ativo,,,,,Emissor / Devedor,AFYA PARTICIPACOES S.A. é devedor/emissor de ativos de renda fixa no mercado de capitais.
23439441001323,23.439.441/0013-23,ARMAZEM MATEUS S.A.,ARMAZEM MATEUS S.A.,Comércio Atacadista e Varejista,Emissor / Devedor,Ativo,,,,,Emissor / Devedor,ARMAZEM MATEUS S.A. é devedor/emissor de ativos de renda fixa no mercado de capitais.
23441056000187,23.441.056/0001-87,EOLICA SERRA DAS VACAS HOLDING  S.A.,EOLICA SERRA DAS VACAS HOLDING  S.A.,Energia Elétrica,Emissor / Devedor,Ativo,,,,,Emissor / Devedor,EOLICA SERRA DAS VACAS HOLDING  S.A. é devedor/emissor de ativos de renda fixa no mercado de capitais.
23449511000190,23.449.511/0001-90,UTE GNA I GERACAO DE ENERGIA S.A.,UTE GNA I GERACAO DE ENERGIA S.A.,Energia Elétrica,Emissor / Devedor,Ativo,,,,,Emissor / Devedor,UTE GNA I GERACAO DE ENERGIA S.A. é devedor/emissor de ativos de renda fixa no mercado de capitais.
23485534000150,23.485.534/0001-50,CENTRAL HIDRELETRICA PALMEIRAS DO TOCANTINS S/A,CENTRAL HIDRELETRICA PALMEIRAS DO TOCANTINS S/A,Energia Elétrica,Emissor / Devedor,Ativo,,,,,Emissor / Devedor,CENTRAL HIDRELETRICA PALMEIRAS DO TOCANTINS S/A é devedor/emissor de ativos de renda fixa no mercado de capitais.
23509244000108,23.509.244/0001-08,CENTRAL HIDRELETRICA SUCURI S.A.,CENTRAL HIDRELETRICA SUCURI S.A.,Energia Elétrica,Emissor / Devedor,Ativo,,,,,Emissor / Devedor,CENTRAL HIDRELETRICA SUCURI S.A. é devedor/emissor de ativos de renda fixa no mercado de capitais.
23520790000131,23.520.790/0001-31,EQUATORIAL TRANSMISSAO S.A,EQUATORIAL TRANSMISSAO S.A,Energia Elétrica,Emissor / Devedor,Ativo,,,,,Emissor / Devedor,EQUATORIAL TRANSMISSAO S.A é devedor/emissor de ativos de renda fixa no mercado de capitais.
23698040000154,23.698.040/0001-54,CEOS ADMINISTRADORA DE BENS S.A.,CEOS ADMINISTRADORA DE BENS S.A.,Outros Serviços,Emissor / Devedor,Ativo,,,,,Emissor / Devedor,CEOS ADMINISTRADORA DE BENS S.A. é devedor/emissor de ativos de renda fixa no mercado de capitais.
23733733000130,23.733.733/0001-30,WINDEPAR HOLDING S.  A.,WINDEPAR HOLDING S.  A.,Energia Elétrica,Emissor / Devedor,Ativo,,,,,Emissor / Devedor,WINDEPAR HOLDING S.  A. é devedor/emissor de ativos de renda fixa no mercado de capitais.
23776376000198,23.776.376/0001-98,VEREDAS TRANSMISSORA DE ELETRICIDADE S/A,VEREDAS TRANSMISSORA DE ELETRICIDADE S/A,Energia Elétrica,Emissor / Devedor,Ativo,,,,,Emissor / Devedor,VEREDAS TRANSMISSORA DE ELETRICIDADE S/A é devedor/emissor de ativos de renda fixa no mercado de capitais.
23778492000146,23.778.492/0001-46,ASSURUA 1 ENERGIA S.A.,ASSURUA 1 ENERGIA S.A.,Energia Elétrica,Emissor / Devedor,Ativo,,,,,Emissor / Devedor,ASSURUA 1 ENERGIA S.A. é devedor/emissor de ativos de renda fixa no mercado de capitais.
23865997000148,23.865.997/0001-48,SAO FRANCISCO ENERGIA S.A.,SAO FRANCISCO ENERGIA S.A.,Energia Elétrica,Emissor / Devedor,Ativo,,,,,Emissor / Devedor,SAO FRANCISCO ENERGIA S.A. é devedor/emissor de ativos de renda fixa no mercado de capitais.
23907723000174,23.907.723/0001-74,SERTAO I SOLAR ENERGIA SPE S.A.,SERTAO I SOLAR ENERGIA SPE S.A.,Energia Elétrica,Emissor / Devedor,Ativo,,,,,Emissor / Devedor,SERTAO I SOLAR ENERGIA SPE S.A. é devedor/emissor de ativos de renda fixa no mercado de capitais.
23912366000132,23.912.366/0001-32,SOBRAL I SOLAR ENERGIA SPE S.A.,SOBRAL I SOLAR ENERGIA SPE S.A.,Energia Elétrica,Emissor / Devedor,Ativo,,,,,Emissor / Devedor,SOBRAL I SOLAR ENERGIA SPE S.A. é devedor/emissor de ativos de renda fixa no mercado de capitais.
24011952000179,24.011.952/0001-79,EOLICA SERRA DAS VACAS HOLDING II S/A,EOLICA SERRA DAS VACAS HOLDING II S/A,Energia Elétrica,Emissor / Devedor,Ativo,,,,,Emissor / Devedor,EOLICA SERRA DAS VACAS HOLDING II S/A é devedor/emissor de ativos de renda fixa no mercado de capitais.
24064185000166,24.064.185/0001-66,REC REGIS EMPREENDIMENTOS E PARTICIPACOES S.A.,REC REGIS EMPREENDIMENTOS E PARTICIPACOES S.A.,Serviços Imobiliários,Emissor / Devedor,Ativo,,,,,Emissor / Devedor,REC REGIS EMPREENDIMENTOS E PARTICIPACOES S.A. é devedor/emissor de ativos de renda fixa no mercado de capitais.
24068977000109,24.068.977/0001-09,CENTRAL FOTOVOLTAICA SAO PEDRO II S/A,CENTRAL FOTOVOLTAICA SAO PEDRO II S/A,Energia Elétrica,Emissor / Devedor,Ativo,,,,,Emissor / Devedor,CENTRAL FOTOVOLTAICA SAO PEDRO II S/A é devedor/emissor de ativos de renda fixa no mercado de capitais.
24069089000100,24.069.089/0001-00,CENTRAL FOTOVOLTAICA SAO PEDRO IV S/A,CENTRAL FOTOVOLTAICA SAO PEDRO IV S/A,Energia Elétrica,Emissor / Devedor,Ativo,,,,,Emissor / Devedor,CENTRAL FOTOVOLTAICA SAO PEDRO IV S/A é devedor/emissor de ativos de renda fixa no mercado de capitais.
24100518000165,24.100.518/0001-65,LEST – LINHAS DE ENERGIA DO SERTAO TRANSMISSORA S/A,LEST – LINHAS DE ENERGIA DO SERTAO TRANSMISSORA S/A,Energia Elétrica,Emissor / Devedor,Ativo,,,,,Emissor / Devedor,LEST – LINHAS DE ENERGIA DO SERTAO TRANSMISSORA S/A é devedor/emissor de ativos de renda fixa no mercado de capitais.
24176892000144,24.176.892/0001-44,MANTIQUEIRA TRANSMISSORA DE ENERGIA S.A.,MANTIQUEIRA TRANSMISSORA DE ENERGIA S.A.,Energia Elétrica,Emissor / Devedor,Ativo,,,,,Emissor / Devedor,MANTIQUEIRA TRANSMISSORA DE ENERGIA S.A. é devedor/emissor de ativos de renda fixa no mercado de capitais.
24230275000180,24.230.275/0001-80,PLANO E PLANO DESENVOLVIMENTO IMOBILIARIO S.A,PLANO E PLANO DESENVOLVIMENTO IMOBILIARIO S.A,Construção Civil,Emissor / Devedor,Ativo,,,,,Emissor / Devedor,PLANO E PLANO DESENVOLVIMENTO IMOBILIARIO S.A é devedor/emissor de ativos de renda fixa no mercado de capitais.
24274124000123,24.274.124/0001-23,ASSURUA 2 ENERGIA S.A.,ASSURUA 2 ENERGIA S.A.,Energia Elétrica,Emissor / Devedor,Ativo,,,,,Emissor / Devedor,ASSURUA 2 ENERGIA S.A. é devedor/emissor de ativos de renda fixa no mercado de capitais.
24440015000139,24.440.015/0001-39,GUIMARANIA I SOLAR SPE S/A,GUIMARANIA I SOLAR SPE S/A,Energia Elétrica,Emissor / Devedor,Ativo,,,,,Emissor / Devedor,GUIMARANIA I SOLAR SPE S/A é devedor/emissor de ativos de renda fixa no mercado de capitais.
24440032000176,24.440.032/0001-76,GUIMARANIA II SOLAR SPE S.A.,GUIMARANIA II SOLAR SPE S.A.,Energia Elétrica,Emissor / Devedor,Ativo,,,,,Emissor / Devedor,GUIMARANIA II SOLAR SPE S.A. é devedor/emissor de ativos de renda fixa no mercado de capitais.
24624490000165,24.624.490/0001-65,ARGO TRANSMISSAO DE ENERGIA S.A.,ARGO TRANSMISSAO DE ENERGIA S.A.,Energia Elétrica,Emissor / Devedor,Ativo,,,,,Emissor / Devedor,ARGO TRANSMISSAO DE ENERGIA S.A. é devedor/emissor de ativos de renda fixa no mercado de capitais.
24713849000170,24.713.849/0001-70,REC CAJAMAR II S.A.,REC CAJAMAR II S.A.,Serviços Imobiliários,Emissor / Devedor,Ativo,,,,,Emissor / Devedor,REC CAJAMAR II S.A. é devedor/emissor de ativos de renda fixa no mercado de capitais.
24743678000122,24.743.678/0001-22,ECHOENERGIA PARTICIPACOES S/A,ECHOENERGIA PARTICIPACOES S/A,Energia Elétrica,Emissor / Devedor,Ativo,,,,,Emissor / Devedor,ECHOENERGIA PARTICIPACOES S/A é devedor/emissor de ativos de renda fixa no mercado de capitais.
24870139000154,24.870.139/0001-54,TROPICALIA TRANSMISSORA DE ENERGIA S.A.,TROPICALIA TRANSMISSORA DE ENERGIA S.A.,Energia Elétrica,Emissor / Devedor,Ativo,,,,,Emissor / Devedor,TROPICALIA TRANSMISSORA DE ENERGIA S.A. é devedor/emissor de ativos de renda fixa no mercado de capitais.
24870961000115,24.870.961/0001-15,ETB - EMPRESA DE TRANSMISSAO BAIANA S.A.,ETB - EMPRESA DE TRANSMISSAO BAIANA S.A.,Energia Elétrica,Emissor / Devedor,Ativo,,,,,Emissor / Devedor,ETB - EMPRESA DE TRANSMISSAO BAIANA S.A. é devedor/emissor de ativos de renda fixa no mercado de capitais.
24870962000160,24.870.962/0001-60,EDTE - EMPRESA DIAMANTINA DE TRANSMISSAO DE ENERGIA S.A.,EDTE - EMPRESA DIAMANTINA DE TRANSMISSAO DE ENERGIA S.A.,Energia Elétrica,Emissor / Devedor,Ativo,,,,,Emissor / Devedor,EDTE - EMPRESA DIAMANTINA DE TRANSMISSAO DE ENERGIA S.A. é devedor/emissor de ativos de renda fixa no mercado de capitais.
24905442000145,24.905.442/0001-45,SUBESTACAO AGUA AZUL SPE S/A,SUBESTACAO AGUA AZUL SPE S/A,Energia Elétrica,Emissor / Devedor,Ativo,,,,,Emissor / Devedor,SUBESTACAO AGUA AZUL SPE S/A é devedor/emissor de ativos de renda fixa no mercado de capitais.
24917078000133,24.917.078/0001-33,TRANSMISSORA DE ENERGIA CAMPINAS-ITATIBA SPE S.A.,TRANSMISSORA DE ENERGIA CAMPINAS-ITATIBA SPE S.A.,Energia Elétrica,Emissor / Devedor,Ativo,,,,,Emissor / Devedor,TRANSMISSORA DE ENERGIA CAMPINAS-ITATIBA SPE S.A. é devedor/emissor de ativos de renda fixa no mercado de capitais.
24962466000136,24.962.466/0001-36,RUMO MALHA NORTE S/A,RUMO MALHA NORTE S/A,Transporte e Logística,Emissor / Devedor,Ativo,,,,,Emissor / Devedor,RUMO MALHA NORTE S/A é devedor/emissor de ativos de renda fixa no mercado de capitais.
25116715000135,25.116.715/0001-35,GAIA CRED II COMPANHIA SECURITIZADORA DE CREDITOS FINANCEIROS S.A.,GAIA CRED II COMPANHIA SECURITIZADORA DE CREDITOS FINANCEIROS S.A.,Financeiro,Emissor / Devedor,Ativo,,,,,Emissor / Devedor,GAIA CRED II COMPANHIA SECURITIZADORA DE CREDITOS FINANCEIROS S.A. é devedor/emissor de ativos de renda fixa no mercado de capitais.
25117259000148,25.117.259/0001-48,PIRAPORA SOLAR HOLDING S.A.,PIRAPORA SOLAR HOLDING S.A.,Energia Elétrica,Emissor / Devedor,Ativo,,,,,Emissor / Devedor,PIRAPORA SOLAR HOLDING S.A. é devedor/emissor de ativos de renda fixa no mercado de capitais.
25142831000129,25.142.831/0001-29,R046 RIO DE JANEIRO EMPREENDIMENTOS E PARTICIPACOES S.A.,R046 RIO DE JANEIRO EMPREENDIMENTOS E PARTICIPACOES S.A.,Empreendimentos e Participações,Emissor / Devedor,Ativo,,,,,Emissor / Devedor,R046 RIO DE JANEIRO EMPREENDIMENTOS E PARTICIPACOES S.A. é devedor/emissor de ativos de renda fixa no mercado de capitais.
25176391000120,25.176.391/0001-20,ENEL GREEN POWER VOLTA GRANDE S.A,ENEL GREEN POWER VOLTA GRANDE S.A,Energia Elétrica,Emissor / Devedor,Ativo,,,,,Emissor / Devedor,ENEL GREEN POWER VOLTA GRANDE S.A é devedor/emissor de ativos de renda fixa no mercado de capitais.
25243894000171,25.243.894/0001-71,PETRA GOLD SERVICOS FINANCEIROS S A,PETRA GOLD SERVICOS FINANCEIROS S A,Renda Fixa / Crédito Privado,Emissor / Devedor,Ativo,,,,,Emissor / Devedor,PETRA GOLD SERVICOS FINANCEIROS S A é devedor/emissor de ativos de renda fixa no mercado de capitais.
25298162000189,25.298.162/0001-89,OURILANDIA DO NORTE TRANSMISSORA DE ENERGIA S/A,OURILANDIA DO NORTE TRANSMISSORA DE ENERGIA S/A,Energia Elétrica,Emissor / Devedor,Ativo,,,,,Emissor / Devedor,OURILANDIA DO NORTE TRANSMISSORA DE ENERGIA S/A é devedor/emissor de ativos de renda fixa no mercado de capitais.
26051817000182,26.051.817/0001-82,POLO FILMS INDUSTRIA E COMERCIO SA..,POLO FILMS INDUSTRIA E COMERCIO SA..,Química e Petroquímica,Emissor / Devedor,Ativo,,,,,Emissor / Devedor,POLO FILMS INDUSTRIA E COMERCIO SA.. é devedor/emissor de ativos de renda fixa no mercado de capitais.
26210970000105,26.210.970/0001-05,GREEN4T PARTICIPACOES S.A.,GREEN4T PARTICIPACOES S.A.,Renda Fixa / Crédito Privado,Emissor / Devedor,Ativo,,,,,Emissor / Devedor,GREEN4T PARTICIPACOES S.A. é devedor/emissor de ativos de renda fixa no mercado de capitais.
26280433000131,26.280.433/0001-31,HVB PARTICIPACOES S.A.,HVB PARTICIPACOES S.A.,Empreendimentos e Participações,Emissor / Devedor,Ativo,,,,,Emissor / Devedor,HVB PARTICIPACOES S.A. é devedor/emissor de ativos de renda fixa no mercado de capitais.
26355027000190,26.355.027/0001-90,GOIAS GERADORA DE ENERGIA RENOVAVEL S.A.,GOIAS GERADORA DE ENERGIA RENOVAVEL S.A.,Energia Elétrica,Emissor / Devedor,Ativo,,,,,Emissor / Devedor,GOIAS GERADORA DE ENERGIA RENOVAVEL S.A. é devedor/emissor de ativos de renda fixa no mercado de capitais.
26366052000170,26.366.052/0001-70,COMPANHIA BRASILEIRA DE PLANOS FUNERARIOS S.A.,COMPANHIA BRASILEIRA DE PLANOS FUNERARIOS S.A.,Outros Serviços,Emissor / Devedor,Ativo,,,,,Emissor / Devedor,COMPANHIA BRASILEIRA DE PLANOS FUNERARIOS S.A. é devedor/emissor de ativos de renda fixa no mercado de capitais.
26404731000196,26.404.731/0001-96,ELETROZEMA S.A.,ELETROZEMA S.A.,Comércio Atacadista e Varejista,Emissor / Devedor,Ativo,,,,,Emissor / Devedor,ELETROZEMA S.A. é devedor/emissor de ativos de renda fixa no mercado de capitais.
26433778000188,26.433.778/0001-88,GAIA CRED III COMPANHIA SECURITIZADORA DE CREDITOS FINANCEIROS,GAIA CRED III COMPANHIA SECURITIZADORA DE CREDITOS FINANCEIROS,Financeiro,Emissor / Devedor,Ativo,,,,,Emissor / Devedor,GAIA CRED III COMPANHIA SECURITIZADORA DE CREDITOS FINANCEIROS é devedor/emissor de ativos de renda fixa no mercado de capitais.
26469628000124,26.469.628/0001-24,SAO BARTOLOMEU GERADORA DE ENERGIA RENOVAVEL  S.A.,SAO BARTOLOMEU GERADORA DE ENERGIA RENOVAVEL  S.A.,Energia Elétrica,Emissor / Devedor,Ativo,,,,,Emissor / Devedor,SAO BARTOLOMEU GERADORA DE ENERGIA RENOVAVEL  S.A. é devedor/emissor de ativos de renda fixa no mercado de capitais.
26617923000180,26.617.923/0001-80,JANAUBA TRANSMISSORA DE ENERGIA ELETRICA S.A.,JANAUBA TRANSMISSORA DE ENERGIA ELETRICA S.A.,Energia Elétrica,Emissor / Devedor,Ativo,,,,,Emissor / Devedor,JANAUBA TRANSMISSORA DE ENERGIA ELETRICA S.A. é devedor/emissor de ativos de renda fixa no mercado de capitais.
26643756000142,26.643.756/0001-42,USINAGEM EDLYN PARTICIPACOES SA,USINAGEM EDLYN PARTICIPACOES SA,Empreendimentos e Participações,Emissor / Devedor,Ativo,,,,,Emissor / Devedor,USINAGEM EDLYN PARTICIPACOES SA é devedor/emissor de ativos de renda fixa no mercado de capitais.
26643937000179,26.643.937/0001-79,EMPRESA SUDESTE DE TRANSMISSAO DE ENERGIA S/A,EMPRESA SUDESTE DE TRANSMISSAO DE ENERGIA S/A,Energia Elétrica,Emissor / Devedor,Ativo,,,,,Emissor / Devedor,EMPRESA SUDESTE DE TRANSMISSAO DE ENERGIA S/A é devedor/emissor de ativos de renda fixa no mercado de capitais.
26680187000105,26.680.187/0001-05,BABILONIA HOLDING S.A.,BABILONIA HOLDING S.A.,Energia Elétrica,Emissor / Devedor,Ativo,,,,,Emissor / Devedor,BABILONIA HOLDING S.A. é devedor/emissor de ativos de renda fixa no mercado de capitais.
26796739000145,26.796.739/0001-45,TPE - TRANSMISSORA PARAISO DE ENERGIA S.A.,TPE - TRANSMISSORA PARAISO DE ENERGIA S.A.,Energia Elétrica,Emissor / Devedor,Ativo,,,,,Emissor / Devedor,TPE - TRANSMISSORA PARAISO DE ENERGIA S.A. é devedor/emissor de ativos de renda fixa no mercado de capitais.
26796760000140,26.796.760/0001-40,TCC - TRANSMISSORA CAMINHO DO CAFE S.A.,TCC - TRANSMISSORA CAMINHO DO CAFE S.A.,Energia Elétrica,Emissor / Devedor,Ativo,,,,,Emissor / Devedor,TCC - TRANSMISSORA CAMINHO DO CAFE S.A. é devedor/emissor de ativos de renda fixa no mercado de capitais.
26845283000166,26.845.283/0001-66,EQUATORIAL TRANSMISSORA 5 SPE S.A.,EQUATORIAL TRANSMISSORA 5 SPE S.A.,Energia Elétrica,Emissor / Devedor,Ativo,,,,,Emissor / Devedor,EQUATORIAL TRANSMISSORA 5 SPE S.A. é devedor/emissor de ativos de renda fixa no mercado de capitais.
26845460000104,26.845.460/0001-04,EQUATORIAL TRANSMISSORA 3 SPE S.A,EQUATORIAL TRANSMISSORA 3 SPE S.A,Energia Elétrica,Emissor / Devedor,Ativo,,,,,Emissor / Devedor,EQUATORIAL TRANSMISSORA 3 SPE S.A é devedor/emissor de ativos de renda fixa no mercado de capitais.
26845497000132,26.845.497/0001-32,EQUATORIAL TRANSMISSORA 2 SPE S.A,EQUATORIAL TRANSMISSORA 2 SPE S.A,Energia Elétrica,Emissor / Devedor,Ativo,,,,,Emissor / Devedor,EQUATORIAL TRANSMISSORA 2 SPE S.A é devedor/emissor de ativos de renda fixa no mercado de capitais.
26845650000121,26.845.650/0001-21,EQUATORIAL TRANSMISSORA 1 SPE S.A,EQUATORIAL TRANSMISSORA 1 SPE S.A,Energia Elétrica,Emissor / Devedor,Ativo,,,,,Emissor / Devedor,EQUATORIAL TRANSMISSORA 1 SPE S.A é devedor/emissor de ativos de renda fixa no mercado de capitais.
26845702000160,26.845.702/0001-60,EQUATORIAL TRANSMISSORA 7 SPE S.A.,EQUATORIAL TRANSMISSORA 7 SPE S.A.,Energia Elétrica,Emissor / Devedor,Ativo,,,,,Emissor / Devedor,EQUATORIAL TRANSMISSORA 7 SPE S.A. é devedor/emissor de ativos de renda fixa no mercado de capitais.
26855869000101,26.855.869/0001-01,AGUA VERMELHA TRANSMISSORA DE ENERGIA S.A,AGUA VERMELHA TRANSMISSORA DE ENERGIA S.A,Energia Elétrica,Emissor / Devedor,Ativo,,,,,Emissor / Devedor,AGUA VERMELHA TRANSMISSORA DE ENERGIA S.A é devedor/emissor de ativos de renda fixa no mercado de capitais.
26885182000119,26.885.182/0001-19,TRANSMISSORA SERTANEJA DE ELETRICIDADE S.A.,TRANSMISSORA SERTANEJA DE ELETRICIDADE S.A.,Energia Elétrica,Emissor / Devedor,Ativo,,,,,Emissor / Devedor,TRANSMISSORA SERTANEJA DE ELETRICIDADE S.A. é devedor/emissor de ativos de renda fixa no mercado de capitais.
26896005000138,26.896.005/0001-38,GIOVANNI SANGUINETTI TRANSMISSORA DE ENERGIA S.A.,GIOVANNI SANGUINETTI TRANSMISSORA DE ENERGIA S.A.,Energia Elétrica,Emissor / Devedor,Ativo,,,,,Emissor / Devedor,GIOVANNI SANGUINETTI TRANSMISSORA DE ENERGIA S.A. é devedor/emissor de ativos de renda fixa no mercado de capitais.
26929617000180,26.929.617/0001-80,REC 2017 EMPREENDIMENTOS E PARTICIPACOES VI SA,REC 2017 EMPREENDIMENTOS E PARTICIPACOES VI SA,Serviços Imobiliários,Emissor / Devedor,Ativo,,,,,Emissor / Devedor,REC 2017 EMPREENDIMENTOS E PARTICIPACOES VI SA é devedor/emissor de ativos de renda fixa no mercado de capitais.
26982634000180,26.982.634/0001-80,TURBI COMPARTILHAMENTO DE VEICULOS S.A.,TURBI COMPARTILHAMENTO DE VEICULOS S.A.,Transporte e Logística,Emissor / Devedor,Ativo,,,,,Emissor / Devedor,TURBI COMPARTILHAMENTO DE VEICULOS S.A. é devedor/emissor de ativos de renda fixa no mercado de capitais.
27074078000107,27.074.078/0001-07,VDB F3 GERACAO DE ENERGIA S.A.,VDB F3 GERACAO DE ENERGIA S.A.,Energia Elétrica,Emissor / Devedor,Ativo,,,,,Emissor / Devedor,VDB F3 GERACAO DE ENERGIA S.A. é devedor/emissor de ativos de renda fixa no mercado de capitais.
27135800000176,27.135.800/0001-76,SENSATTO ENERGIA SA,SENSATTO ENERGIA SA,Energia Elétrica,Emissor / Devedor,Ativo,,,,,Emissor / Devedor,SENSATTO ENERGIA SA é devedor/emissor de ativos de renda fixa no mercado de capitais.
27137879000174,27.137.879/0001-74,COMP SECURITIZADORA DE CREDITOS FINANCEIROS CARTOES CONSIGNADOS I,COMP SECURITIZADORA DE CREDITOS FINANCEIROS CARTOES CONSIGNADOS I,Financeiro,Emissor / Devedor,Ativo,,,,,Emissor / Devedor,COMP SECURITIZADORA DE CREDITOS FINANCEIROS CARTOES CONSIGNADOS I é devedor/emissor de ativos de renda fixa no mercado de capitais.
27218960000189,27.218.960/0001-89,WW HOLDING S.A,WW HOLDING S.A,Empreendimentos e Participações,Emissor / Devedor,Ativo,,,,,Emissor / Devedor,WW HOLDING S.A é devedor/emissor de ativos de renda fixa no mercado de capitais.
27219024000192,27.219.024/0001-92,PIRAPORA II SOLAR HOLDING S.A.,PIRAPORA II SOLAR HOLDING S.A.,Energia Elétrica,Emissor / Devedor,Ativo,,,,,Emissor / Devedor,PIRAPORA II SOLAR HOLDING S.A. é devedor/emissor de ativos de renda fixa no mercado de capitais.
27314933000100,27.314.933/0001-00,GRANSOL TERMINAIS MARITIMOS S/A,GRANSOL TERMINAIS MARITIMOS S/A,Transporte e Logística,Emissor / Devedor,Ativo,,,,,Emissor / Devedor,GRANSOL TERMINAIS MARITIMOS S/A é devedor/emissor de ativos de renda fixa no mercado de capitais.
27317154000168,27.317.154/0001-68,ARES 2 PARTICIPACOES S.A.,ARES 2 PARTICIPACOES S.A.,Empreendimentos e Participações,Emissor / Devedor,Ativo,,,,,Emissor / Devedor,ARES 2 PARTICIPACOES S.A. é devedor/emissor de ativos de renda fixa no mercado de capitais.
27352303000120,27.352.303/0001-20,UHE SAO SIMAO ENERGIA S/A,UHE SAO SIMAO ENERGIA S/A,Energia Elétrica,Emissor / Devedor,Ativo,,,,,Emissor / Devedor,UHE SAO SIMAO ENERGIA S/A é devedor/emissor de ativos de renda fixa no mercado de capitais.
27373249000107,27.373.249/0001-07,PROTON ENERGY PARTICIPACOES S.A.,PROTON ENERGY PARTICIPACOES S.A.,Energia Elétrica,Emissor / Devedor,Ativo,,,,,Emissor / Devedor,PROTON ENERGY PARTICIPACOES S.A. é devedor/emissor de ativos de renda fixa no mercado de capitais.
27512695000147,27.512.695/0001-47,ATHON ENERGIA S/A,ATHON ENERGIA S/A,Energia Elétrica,Emissor / Devedor,Ativo,,,,,Emissor / Devedor,ATHON ENERGIA S/A é devedor/emissor de ativos de renda fixa no mercado de capitais.
27664414000171,27.664.414/0001-71,AGRO TALENT PARTICIPACOES S/A,AGRO TALENT PARTICIPACOES S/A,Empreendimentos e Participações,Emissor / Devedor,Ativo,,,,,Emissor / Devedor,AGRO TALENT PARTICIPACOES S/A é devedor/emissor de ativos de renda fixa no mercado de capitais.
27665207000131,27.665.207/0001-31,BRASILPREV SEGUROS E PREVIDENCIA S/A,BRASILPREV SEGUROS E PREVIDENCIA S/A,Financeiro,Emissor / Devedor,Ativo,,,,,Emissor / Devedor,BRASILPREV SEGUROS E PREVIDENCIA S/A é devedor/emissor de ativos de renda fixa no mercado de capitais.
27757072000134,27.757.072/0001-34,BIZCAPITAL COMPANHIA SECURITIZADORA DE CREDITOS FINANCEIROS S/A,BIZCAPITAL COMPANHIA SECURITIZADORA DE CREDITOS FINANCEIROS S/A,Financeiro,Emissor / Devedor,Ativo,,,,,Emissor / Devedor,BIZCAPITAL COMPANHIA SECURITIZADORA DE CREDITOS FINANCEIROS S/A é devedor/emissor de ativos de renda fixa no mercado de capitais.
27831352000145,27.831.352/0001-45,EDP TRANSMISSAO ALIANCA SC S.A.,EDP TRANSMISSAO ALIANCA SC S.A.,Energia Elétrica,Emissor / Devedor,Ativo,,,,,Emissor / Devedor,EDP TRANSMISSAO ALIANCA SC S.A. é devedor/emissor de ativos de renda fixa no mercado de capitais.
27844178000175,27.844.178/0001-75,CONCESSIONARIA DO AEROPORTO INTERNACIONAL DE FLORIANOPOLIS S.A.,CONCESSIONARIA DO AEROPORTO INTERNACIONAL DE FLORIANOPOLIS S.A.,Transporte e Logística,Emissor / Devedor,Ativo,,,,,Emissor / Devedor,CONCESSIONARIA DO AEROPORTO INTERNACIONAL DE FLORIANOPOLIS S.A. é devedor/emissor de ativos de renda fixa no mercado de capitais.
27967244000102,27.967.244/0001-02,EQUATORIAL TRANSMISSORA 8 SPE S.A.,EQUATORIAL TRANSMISSORA 8 SPE S.A.,Energia Elétrica,Emissor / Devedor,Ativo,,,,,Emissor / Devedor,EQUATORIAL TRANSMISSORA 8 SPE S.A. é devedor/emissor de ativos de renda fixa no mercado de capitais.
28008699000155,28.008.699/0001-55,TSM - TRANSMISSORA SERRA DA MANTIQUEIRA S/A,TSM - TRANSMISSORA SERRA DA MANTIQUEIRA S/A,Energia Elétrica,Emissor / Devedor,Ativo,,,,,Emissor / Devedor,TSM - TRANSMISSORA SERRA DA MANTIQUEIRA S/A é devedor/emissor de ativos de renda fixa no mercado de capitais.
28008733000191,28.008.733/0001-91,SE VINEYARDS TRANSMISSAO DE ENERGIA S/A,SE VINEYARDS TRANSMISSAO DE ENERGIA S/A,Energia Elétrica,Emissor / Devedor,Ativo,,,,,Emissor / Devedor,SE VINEYARDS TRANSMISSAO DE ENERGIA S/A é devedor/emissor de ativos de renda fixa no mercado de capitais.
28008887000183,28.008.887/0001-83,ARCOVERDE TRANSMISSAO DE ENERGIA S.A.,ARCOVERDE TRANSMISSAO DE ENERGIA S.A.,Energia Elétrica,Emissor / Devedor,Ativo,,,,,Emissor / Devedor,ARCOVERDE TRANSMISSAO DE ENERGIA S.A. é devedor/emissor de ativos de renda fixa no mercado de capitais.
28019100000189,28.019.100/0001-89,VIAPAULISTA  S/A,VIAPAULISTA  S/A,Transporte e Logística,Emissor / Devedor,Ativo,,,,,Emissor / Devedor,VIAPAULISTA  S/A é devedor/emissor de ativos de renda fixa no mercado de capitais.
28029249000149,28.029.249/0001-49,MV PARTICIPACOES S.A.,MV PARTICIPACOES S.A.,Comércio Atacadista e Varejista,Emissor / Devedor,Ativo,,,,,Emissor / Devedor,MV PARTICIPACOES S.A. é devedor/emissor de ativos de renda fixa no mercado de capitais.
28037759000168,28.037.759/0001-68,EVOLTZ PARTICIPACOES S/A,EVOLTZ PARTICIPACOES S/A,Energia Elétrica,Emissor / Devedor,Ativo,,,,,Emissor / Devedor,EVOLTZ PARTICIPACOES S/A é devedor/emissor de ativos de renda fixa no mercado de capitais.
28052123000195,28.052.123/0001-95,INTERLIGACAO ELETRICA IVAI S/A,INTERLIGACAO ELETRICA IVAI S/A,Energia Elétrica,Emissor / Devedor,Ativo,,,,,Emissor / Devedor,INTERLIGACAO ELETRICA IVAI S/A é devedor/emissor de ativos de renda fixa no mercado de capitais.
28131713000103,28.131.713/0001-03,SPE JFL V HOUSE EMPREENDIMENTO IMOBILIARIO S.A.,SPE JFL V HOUSE EMPREENDIMENTO IMOBILIARIO S.A.,Serviços Imobiliários,Emissor / Devedor,Ativo,,,,,Emissor / Devedor,SPE JFL V HOUSE EMPREENDIMENTO IMOBILIARIO S.A. é devedor/emissor de ativos de renda fixa no mercado de capitais.
28132263000173,28.132.263/0001-73,CA INVESTMENT BRAZIL S.A,CA INVESTMENT BRAZIL S.A,Papel e Celulose,Emissor / Devedor,Ativo,,,,,Emissor / Devedor,CA INVESTMENT BRAZIL S.A é devedor/emissor de ativos de renda fixa no mercado de capitais.
28409693000190,28.409.693/0001-90,BC GERACAO E COMERCIALIZACAO DE ENERGIA S.A,BC GERACAO E COMERCIALIZACAO DE ENERGIA S.A,Energia Elétrica,Emissor / Devedor,Ativo,,,,,Emissor / Devedor,BC GERACAO E COMERCIALIZACAO DE ENERGIA S.A é devedor/emissor de ativos de renda fixa no mercado de capitais.
28439049000164,28.439.049/0001-64,NEOENERGIA ITABAPOANA TRANSMISSAO DE ENERGIA S/A,NEOENERGIA ITABAPOANA TRANSMISSAO DE ENERGIA S/A,Energia Elétrica,Emissor / Devedor,Ativo,,,,,Emissor / Devedor,NEOENERGIA ITABAPOANA TRANSMISSAO DE ENERGIA S/A é devedor/emissor de ativos de renda fixa no mercado de capitais.
28442718000157,28.442.718/0001-57,RIOLOAN 2 COMPANHIA SECURITIZADORA DE CREDITOS FINANCEIROS .,RIOLOAN 2 COMPANHIA SECURITIZADORA DE CREDITOS FINANCEIROS .,Financeiro,Emissor / Devedor,Ativo,,,,,Emissor / Devedor,RIOLOAN 2 COMPANHIA SECURITIZADORA DE CREDITOS FINANCEIROS . é devedor/emissor de ativos de renda fixa no mercado de capitais.
28655521000104,28.655.521/0001-04,RJGTIA COMPANHIA SECURITIZADORA DE CREDITOS FINANCEIROS,RJGTIA COMPANHIA SECURITIZADORA DE CREDITOS FINANCEIROS,Financeiro,Emissor / Devedor,Ativo,,,,,Emissor / Devedor,RJGTIA COMPANHIA SECURITIZADORA DE CREDITOS FINANCEIROS é devedor/emissor de ativos de renda fixa no mercado de capitais.
28758267000161,28.758.267/0001-61,TRAVESSIA SECURITIZADORA DE CREDITOS FINANCEIROS I S.A.,TRAVESSIA SECURITIZADORA DE CREDITOS FINANCEIROS I S.A.,Financeiro,Emissor / Devedor,Ativo,,,,,Emissor / Devedor,TRAVESSIA SECURITIZADORA DE CREDITOS FINANCEIROS I S.A. é devedor/emissor de ativos de renda fixa no mercado de capitais.
28789998000174,28.789.998/0001-74,KATRIUM INDUSTRIAS QUIMICAS S/A,KATRIUM INDUSTRIAS QUIMICAS S/A,Química e Petroquímica,Emissor / Devedor,Ativo,,,,,Emissor / Devedor,KATRIUM INDUSTRIAS QUIMICAS S/A é devedor/emissor de ativos de renda fixa no mercado de capitais.
28913030000108,28.913.030/0001-08,TRAVESSIA SECURITIZADORA DE CREDITOS FINANCEIROS II S.A.,TRAVESSIA SECURITIZADORA DE CREDITOS FINANCEIROS II S.A.,Financeiro,Emissor / Devedor,Ativo,,,,,Emissor / Devedor,TRAVESSIA SECURITIZADORA DE CREDITOS FINANCEIROS II S.A. é devedor/emissor de ativos de renda fixa no mercado de capitais.
28925264000175,28.925.264/0001-75,COMPANHIA ENERGETICA JAGUARA..,COMPANHIA ENERGETICA JAGUARA..,Energia Elétrica,Emissor / Devedor,Ativo,,,,,Emissor / Devedor,COMPANHIA ENERGETICA JAGUARA.. é devedor/emissor de ativos de renda fixa no mercado de capitais.
28942127000149,28.942.127/0001-49,COMPANHIA ENERGETICA MIRANDA,COMPANHIA ENERGETICA MIRANDA,Energia Elétrica,Emissor / Devedor,Ativo,,,,,Emissor / Devedor,COMPANHIA ENERGETICA MIRANDA é devedor/emissor de ativos de renda fixa no mercado de capitais.
29183782000123,29.183.782/0001-23,MORI ENERGIA HOLDING S/A,MORI ENERGIA HOLDING S/A,Energia Elétrica,Emissor / Devedor,Ativo,,,,,Emissor / Devedor,MORI ENERGIA HOLDING S/A é devedor/emissor de ativos de renda fixa no mercado de capitais.
29194128000115,29.194.128/0001-15,REC 2017 EMPREENDIMENTOS E PARTICIPACOES VII S.A.,REC 2017 EMPREENDIMENTOS E PARTICIPACOES VII S.A.,Serviços Imobiliários,Emissor / Devedor,Ativo,,,,,Emissor / Devedor,REC 2017 EMPREENDIMENTOS E PARTICIPACOES VII S.A. é devedor/emissor de ativos de renda fixa no mercado de capitais.
29206424000199,29.206.424/0001-99,REC 2017 EMPREENDIMENTOS E PARTICIPACOES IX S.A.,REC 2017 EMPREENDIMENTOS E PARTICIPACOES IX S.A.,Serviços Imobiliários,Emissor / Devedor,Ativo,,,,,Emissor / Devedor,REC 2017 EMPREENDIMENTOS E PARTICIPACOES IX S.A. é devedor/emissor de ativos de renda fixa no mercado de capitais.
29267972000129,29.267.972/0001-29,CARBON HOLDING FINANCEIRA S.A.,CARBON HOLDING FINANCEIRA S.A.,Financeiro,Emissor / Devedor,Ativo,,,,,Emissor / Devedor,CARBON HOLDING FINANCEIRA S.A. é devedor/emissor de ativos de renda fixa no mercado de capitais.
29303897000104,29.303.897/0001-04,DELTA 5 ENERGIA S.A.,DELTA 5 ENERGIA S.A.,Energia Elétrica,Emissor / Devedor,Ativo,,,,,Emissor / Devedor,DELTA 5 ENERGIA S.A. é devedor/emissor de ativos de renda fixa no mercado de capitais.
29320977000178,29.320.977/0001-78,VILA RIO GRANDE DO NORTE 2 EMPREENDIMENTOS E PARTICIPACOES S/A,VILA RIO GRANDE DO NORTE 2 EMPREENDIMENTOS E PARTICIPACOES S/A,Energia Elétrica,Emissor / Devedor,Ativo,,,,,Emissor / Devedor,VILA RIO GRANDE DO NORTE 2 EMPREENDIMENTOS E PARTICIPACOES S/A é devedor/emissor de ativos de renda fixa no mercado de capitais.
29330011000111,29.330.011/0001-11,VILA SERGIPE 1 EMPREENDIMENTOS E PARTICIPACOES S/A,VILA SERGIPE 1 EMPREENDIMENTOS E PARTICIPACOES S/A,Energia Elétrica,Emissor / Devedor,Ativo,,,,,Emissor / Devedor,VILA SERGIPE 1 EMPREENDIMENTOS E PARTICIPACOES S/A é devedor/emissor de ativos de renda fixa no mercado de capitais.
29401264000139,29.401.264/0001-39,VILA RIO GRANDE DO NORTE 1 EMPREENDIMENTOS E PARTICIPACOES S/A,VILA RIO GRANDE DO NORTE 1 EMPREENDIMENTOS E PARTICIPACOES S/A,Energia Elétrica,Emissor / Devedor,Ativo,,,,,Emissor / Devedor,VILA RIO GRANDE DO NORTE 1 EMPREENDIMENTOS E PARTICIPACOES S/A é devedor/emissor de ativos de renda fixa no mercado de capitais.
29414779000173,29.414.779/0001-73,VILA LEOPOLDINA EMPREENDIMENTOS IMOBILIARIOS S/A,VILA LEOPOLDINA EMPREENDIMENTOS IMOBILIARIOS S/A,Serviços Imobiliários,Emissor / Devedor,Ativo,,,,,Emissor / Devedor,VILA LEOPOLDINA EMPREENDIMENTOS IMOBILIARIOS S/A é devedor/emissor de ativos de renda fixa no mercado de capitais.
29423638000117,29.423.638/0001-17,ENC ENERGY BRASIL PARTICIPACOES S.A,ENC ENERGY BRASIL PARTICIPACOES S.A,Empreendimentos e Participações,Emissor / Devedor,Ativo,,,,,Emissor / Devedor,ENC ENERGY BRASIL PARTICIPACOES S.A é devedor/emissor de ativos de renda fixa no mercado de capitais.
29479531000190,29.479.531/0001-90,SUPRIMED PARTICIPACOES S.A.,SUPRIMED PARTICIPACOES S.A.,Assistência Médica,Emissor / Devedor,Ativo,,,,,Emissor / Devedor,SUPRIMED PARTICIPACOES S.A. é devedor/emissor de ativos de renda fixa no mercado de capitais.
29532071000117,29.532.071/0001-17,SPE TRANSMISSORA DE ENERGIA LINHA VERDE II S.A.,SPE TRANSMISSORA DE ENERGIA LINHA VERDE II S.A.,Energia Elétrica,Emissor / Devedor,Ativo,,,,,Emissor / Devedor,SPE TRANSMISSORA DE ENERGIA LINHA VERDE II S.A. é devedor/emissor de ativos de renda fixa no mercado de capitais.
29554549000100,29.554.549/0001-00,SERRA DE IBIAPABA TRANSMISSORA DE ENERGIA S.A.,SERRA DE IBIAPABA TRANSMISSORA DE ENERGIA S.A.,Energia Elétrica,Emissor / Devedor,Ativo,,,,,Emissor / Devedor,SERRA DE IBIAPABA TRANSMISSORA DE ENERGIA S.A. é devedor/emissor de ativos de renda fixa no mercado de capitais.
29641242000146,29.641.242/0001-46,PARK EMPREENDIMENTOS COMERCIAIS S.A.,PARK EMPREENDIMENTOS COMERCIAIS S.A.,Construção Civil,Emissor / Devedor,Ativo,,,,,Emissor / Devedor,PARK EMPREENDIMENTOS COMERCIAIS S.A. é devedor/emissor de ativos de renda fixa no mercado de capitais.
29736734000115,29.736.734/0001-15,LAGO DA PEDRA PARTICIPACOES S/A,LAGO DA PEDRA PARTICIPACOES S/A,Empreendimentos e Participações,Emissor / Devedor,Ativo,,,,,Emissor / Devedor,LAGO DA PEDRA PARTICIPACOES S/A é devedor/emissor de ativos de renda fixa no mercado de capitais.
29774606000166,29.774.606/0001-66,ITAMARACA TRANSMISSORA SPE S.A,ITAMARACA TRANSMISSORA SPE S.A,Energia Elétrica,Emissor / Devedor,Ativo,,,,,Emissor / Devedor,ITAMARACA TRANSMISSORA SPE S.A é devedor/emissor de ativos de renda fixa no mercado de capitais.
29780061000109,29.780.061/0001-09,SAO CARLOS EMPREENDIMENTOS E PARTICIPACOES S/A,SAO CARLOS EMPREENDIMENTOS E PARTICIPACOES S/A,Empreendimentos e Participações,Emissor / Devedor,Ativo,,,,,Emissor / Devedor,SAO CARLOS EMPREENDIMENTOS E PARTICIPACOES S/A é devedor/emissor de ativos de renda fixa no mercado de capitais.
29894663000189,29.894.663/0001-89,CONSIGNADOS I COMPANHIA SECURITIZADORA DE CREDITOS FINANCEIROS,CONSIGNADOS I COMPANHIA SECURITIZADORA DE CREDITOS FINANCEIROS,Financeiro,Emissor / Devedor,Ativo,,,,,Emissor / Devedor,CONSIGNADOS I COMPANHIA SECURITIZADORA DE CREDITOS FINANCEIROS é devedor/emissor de ativos de renda fixa no mercado de capitais.
29896310000118,29.896.310/0001-18,BRASAL ENERGIA S/A,BRASAL ENERGIA S/A,Energia Elétrica,Emissor / Devedor,Ativo,,,,,Emissor / Devedor,BRASAL ENERGIA S/A é devedor/emissor de ativos de renda fixa no mercado de capitais.
29914974000162,29.914.974/0001-62,USINA JEQUITIBA SPE S/A,USINA JEQUITIBA SPE S/A,Energia Elétrica,Emissor / Devedor,Ativo,,,,,Emissor / Devedor,USINA JEQUITIBA SPE S/A é devedor/emissor de ativos de renda fixa no mercado de capitais.
29938085000135,29.938.085/0001-35,CONCESSIONARIA DAS LINHAS 5 E 17 DO METRO DE SAO PAULO S/A,CONCESSIONARIA DAS LINHAS 5 E 17 DO METRO DE SAO PAULO S/A,Transporte e Logística,Emissor / Devedor,Ativo,,,,,Emissor / Devedor,CONCESSIONARIA DAS LINHAS 5 E 17 DO METRO DE SAO PAULO S/A é devedor/emissor de ativos de renda fixa no mercado de capitais.
29970323000190,29.970.323/0001-90,FRANCISCO DE SA II GERACAO DE ENERGIA S/A,FRANCISCO DE SA II GERACAO DE ENERGIA S/A,Energia Elétrica,Emissor / Devedor,Ativo,,,,,Emissor / Devedor,FRANCISCO DE SA II GERACAO DE ENERGIA S/A é devedor/emissor de ativos de renda fixa no mercado de capitais.
29978814000187,29.978.814/0001-87,SUL AMERICA S/A,SUL AMERICA S/A,Financeiro,Emissor / Devedor,Ativo,,,,,Emissor / Devedor,SUL AMERICA S/A é devedor/emissor de ativos de renda fixa no mercado de capitais.
30017051000197,30.017.051/0001-97,EREN DRACENA PARTICIPACOES S/A,EREN DRACENA PARTICIPACOES S/A,Energia Elétrica,Emissor / Devedor,Ativo,,,,,Emissor / Devedor,EREN DRACENA PARTICIPACOES S/A é devedor/emissor de ativos de renda fixa no mercado de capitais.
30037009000138,30.037.009/0001-38,TRAVESSIA SECURITIZADORA DE CREDITOS FINANCEIROS III S.A.,TRAVESSIA SECURITIZADORA DE CREDITOS FINANCEIROS III S.A.,Financeiro,Emissor / Devedor,Ativo,,,,,Emissor / Devedor,TRAVESSIA SECURITIZADORA DE CREDITOS FINANCEIROS III S.A. é devedor/emissor de ativos de renda fixa no mercado de capitais.
30213493000109,30.213.493/0001-09,TEGRA INCORPORADORA S.A.,TEGRA INCORPORADORA S.A.,Construção Civil,Emissor / Devedor,Ativo,,,,,Emissor / Devedor,TEGRA INCORPORADORA S.A. é devedor/emissor de ativos de renda fixa no mercado de capitais.
30219233000140,30.219.233/0001-40,COMPANHIA SECURITIZADORA DE CREDITOS FINANCEIROS VERT-REBEL,COMPANHIA SECURITIZADORA DE CREDITOS FINANCEIROS VERT-REBEL,Financeiro,Emissor / Devedor,Ativo,,,,,Emissor / Devedor,COMPANHIA SECURITIZADORA DE CREDITOS FINANCEIROS VERT-REBEL é devedor/emissor de ativos de renda fixa no mercado de capitais.
30311116000102,30.311.116/0001-02,VILA PIAUI 2 EMPREENDIMENTOS E PARTICIPACOES S A,VILA PIAUI 2 EMPREENDIMENTOS E PARTICIPACOES S A,Energia Elétrica,Emissor / Devedor,Ativo,,,,,Emissor / Devedor,VILA PIAUI 2 EMPREENDIMENTOS E PARTICIPACOES S A é devedor/emissor de ativos de renda fixa no mercado de capitais.
30311141000196,30.311.141/0001-96,VILA PIAUI 3 EMPREENDIMENTOS E PARTICIPACOES S/A,VILA PIAUI 3 EMPREENDIMENTOS E PARTICIPACOES S/A,Energia Elétrica,Emissor / Devedor,Ativo,,,,,Emissor / Devedor,VILA PIAUI 3 EMPREENDIMENTOS E PARTICIPACOES S/A é devedor/emissor de ativos de renda fixa no mercado de capitais.
30311178000114,30.311.178/0001-14,VILA SERGIPE 3 EMPREENDIMENTOS E PARTICIPACOES S/A,VILA SERGIPE 3 EMPREENDIMENTOS E PARTICIPACOES S/A,Energia Elétrica,Emissor / Devedor,Ativo,,,,,Emissor / Devedor,VILA SERGIPE 3 EMPREENDIMENTOS E PARTICIPACOES S/A é devedor/emissor de ativos de renda fixa no mercado de capitais.
30321883000100,30.321.883/0001-00,VILA PIAUI 1 EMPREENDIMENTOS E PARTICIPACOES S.A.,VILA PIAUI 1 EMPREENDIMENTOS E PARTICIPACOES S.A.,Energia Elétrica,Emissor / Devedor,Ativo,,,,,Emissor / Devedor,VILA PIAUI 1 EMPREENDIMENTOS E PARTICIPACOES S.A. é devedor/emissor de ativos de renda fixa no mercado de capitais.
30321925000103,30.321.925/0001-03,VILA SERGIPE 2 EMPREENDIMENTOS E PARTICIPACOES S/A,VILA SERGIPE 2 EMPREENDIMENTOS E PARTICIPACOES S/A,Energia Elétrica,Emissor / Devedor,Ativo,,,,,Emissor / Devedor,VILA SERGIPE 2 EMPREENDIMENTOS E PARTICIPACOES S/A é devedor/emissor de ativos de renda fixa no mercado de capitais.
30342595000124,30.342.595/0001-24,SERRA DO MEL HOLDING S.A,SERRA DO MEL HOLDING S.A,Empreendimentos e Participações,Emissor / Devedor,Ativo,,,,,Emissor / Devedor,SERRA DO MEL HOLDING S.A é devedor/emissor de ativos de renda fixa no mercado de capitais.
30396855000144,30.396.855/0001-44,CENTARA INVESTIMENTO E PARTICIPACOES SA,CENTARA INVESTIMENTO E PARTICIPACOES SA,Financeiro,Emissor / Devedor,Ativo,,,,,Emissor / Devedor,CENTARA INVESTIMENTO E PARTICIPACOES SA é devedor/emissor de ativos de renda fixa no mercado de capitais.
30418547000172,30.418.547/0001-72,BELMONTE II PARQUE SOLAR S.A.,BELMONTE II PARQUE SOLAR S.A.,Energia Elétrica,Emissor / Devedor,Ativo,,,,,Emissor / Devedor,BELMONTE II PARQUE SOLAR S.A. é devedor/emissor de ativos de renda fixa no mercado de capitais.
30418658000189,30.418.658/0001-89,COMPANHIA SECURITIZADORA DE CREDITOS FINANCEIROS VERT-NEXOOS,COMPANHIA SECURITIZADORA DE CREDITOS FINANCEIROS VERT-NEXOOS,Financeiro,Emissor / Devedor,Ativo,,,,,Emissor / Devedor,COMPANHIA SECURITIZADORA DE CREDITOS FINANCEIROS VERT-NEXOOS é devedor/emissor de ativos de renda fixa no mercado de capitais.
30435310000108,30.435.310/0001-08,BPG AV MOFARREJ EMPREENDIMENTOS E PARTICIPACOES S.A,BPG AV MOFARREJ EMPREENDIMENTOS E PARTICIPACOES S.A,Empreendimentos e Participações,Emissor / Devedor,Ativo,,,,,Emissor / Devedor,BPG AV MOFARREJ EMPREENDIMENTOS E PARTICIPACOES S.A é devedor/emissor de ativos de renda fixa no mercado de capitais.
30545324000176,30.545.324/0001-76,COMPANHIA SECURITIZADORA DE CREDITOS FINANCEIROS VERT-RECARGAPAY,COMPANHIA SECURITIZADORA DE CREDITOS FINANCEIROS VERT-RECARGAPAY,Financeiro,Emissor / Devedor,Ativo,,,,,Emissor / Devedor,COMPANHIA SECURITIZADORA DE CREDITOS FINANCEIROS VERT-RECARGAPAY é devedor/emissor de ativos de renda fixa no mercado de capitais.
30715875000130,30.715.875/0001-30,ENGIE TRANSMISSAO DE ENERGIA PARTICIPACOES S/A,ENGIE TRANSMISSAO DE ENERGIA PARTICIPACOES S/A,Energia Elétrica,Emissor / Devedor,Ativo,,,,,Emissor / Devedor,ENGIE TRANSMISSAO DE ENERGIA PARTICIPACOES S/A é devedor/emissor de ativos de renda fixa no mercado de capitais.
30853820000197,30.853.820/0001-97,DELTA 8 ENERGIA S.A.,DELTA 8 ENERGIA S.A.,Energia Elétrica,Emissor / Devedor,Ativo,,,,,Emissor / Devedor,DELTA 8 ENERGIA S.A. é devedor/emissor de ativos de renda fixa no mercado de capitais.
30866030000146,30.866.030/0001-46,DELTA 7 ENERGIA S.A.,DELTA 7 ENERGIA S.A.,Energia Elétrica,Emissor / Devedor,Ativo,,,,,Emissor / Devedor,DELTA 7 ENERGIA S.A. é devedor/emissor de ativos de renda fixa no mercado de capitais.
30881433000164,30.881.433/0001-64,LAMBDA ENERGIA S.A..,LAMBDA ENERGIA S.A..,Energia Elétrica,Emissor / Devedor,Ativo,,,,,Emissor / Devedor,LAMBDA ENERGIA S.A.. é devedor/emissor de ativos de renda fixa no mercado de capitais.
30986413000158,30.986.413/0001-58,UNITY PARTICIPACOES S/A,UNITY PARTICIPACOES S/A,Empreendimentos e Participações,Emissor / Devedor,Ativo,,,,,Emissor / Devedor,UNITY PARTICIPACOES S/A é devedor/emissor de ativos de renda fixa no mercado de capitais.
31095265000144,31.095.265/0001-44,DUNAS TRANSMISSAO DE ENERGIA S.A.,DUNAS TRANSMISSAO DE ENERGIA S.A.,Energia Elétrica,Emissor / Devedor,Ativo,,,,,Emissor / Devedor,DUNAS TRANSMISSAO DE ENERGIA S.A. é devedor/emissor de ativos de renda fixa no mercado de capitais.
31095322000195,31.095.322/0001-95,SOLARIS TRANSMISSAO DE ENERGIA S.A.,SOLARIS TRANSMISSAO DE ENERGIA S.A.,Energia Elétrica,Emissor / Devedor,Ativo,,,,,Emissor / Devedor,SOLARIS TRANSMISSAO DE ENERGIA S.A. é devedor/emissor de ativos de renda fixa no mercado de capitais.
31096307000161,31.096.307/0001-61,MARITUBA TRANSMISSAO DE ENERGIA S.A.,MARITUBA TRANSMISSAO DE ENERGIA S.A.,Energia Elétrica,Emissor / Devedor,Ativo,,,,,Emissor / Devedor,MARITUBA TRANSMISSAO DE ENERGIA S.A. é devedor/emissor de ativos de renda fixa no mercado de capitais.
31109417000110,31.109.417/0001-10,BORBOREMA TRANSMISSAO DE ENERGIA S.A.,BORBOREMA TRANSMISSAO DE ENERGIA S.A.,Renda Fixa / Crédito Privado,Emissor / Devedor,Ativo,,,,,Emissor / Devedor,BORBOREMA TRANSMISSAO DE ENERGIA S.A. é devedor/emissor de ativos de renda fixa no mercado de capitais.
31191534000176,31.191.534/0001-76,FARO ENERGY I COMERCIO E LOCACAO DE PROJETOS  S.A.,FARO ENERGY I COMERCIO E LOCACAO DE PROJETOS  S.A.,Máquinas e Equipamentos,Emissor / Devedor,Ativo,,,,,Emissor / Devedor,FARO ENERGY I COMERCIO E LOCACAO DE PROJETOS  S.A. é devedor/emissor de ativos de renda fixa no mercado de capitais.
31231479000109,31.231.479/0001-09,MEZ 4 ENERGIA S.A.,MEZ 4 ENERGIA S.A.,Energia Elétrica,Emissor / Devedor,Ativo,,,,,Emissor / Devedor,MEZ 4 ENERGIA S.A. é devedor/emissor de ativos de renda fixa no mercado de capitais.
31231893000100,31.231.893/0001-00,MEZ 3 ENERGIA S.A.,MEZ 3 ENERGIA S.A.,Energia Elétrica,Emissor / Devedor,Ativo,,,,,Emissor / Devedor,MEZ 3 ENERGIA S.A. é devedor/emissor de ativos de renda fixa no mercado de capitais.
31318293000183,31.318.293/0001-83,FS TRANSMISSORA DE ENERGIA ELETRICA S/A,FS TRANSMISSORA DE ENERGIA ELETRICA S/A,Energia Elétrica,Emissor / Devedor,Ativo,,,,,Emissor / Devedor,FS TRANSMISSORA DE ENERGIA ELETRICA S/A é devedor/emissor de ativos de renda fixa no mercado de capitais.
31326865000176,31.326.865/0001-76,SIMOES TRANSMISSORA DE ENERGIA ELETRICA S/A,SIMOES TRANSMISSORA DE ENERGIA ELETRICA S/A,Energia Elétrica,Emissor / Devedor,Ativo,,,,,Emissor / Devedor,SIMOES TRANSMISSORA DE ENERGIA ELETRICA S/A é devedor/emissor de ativos de renda fixa no mercado de capitais.
31345064000158,31.345.064/0001-58,SRC COMPANHIA SECURITIZADORA DE CREDITOS FINANCEIROS,SRC COMPANHIA SECURITIZADORA DE CREDITOS FINANCEIROS,Financeiro,Emissor / Devedor,Ativo,,,,,Emissor / Devedor,SRC COMPANHIA SECURITIZADORA DE CREDITOS FINANCEIROS é devedor/emissor de ativos de renda fixa no mercado de capitais.
31406885000157,31.406.885/0001-57,DM 03 PARTICIPACOES S/A,DM 03 PARTICIPACOES S/A,Empreendimentos e Participações,Emissor / Devedor,Ativo,,,,,Emissor / Devedor,DM 03 PARTICIPACOES S/A é devedor/emissor de ativos de renda fixa no mercado de capitais.
31435086000109,31.435.086/0001-09,CARANDAI PARTICIPACOES S.A.,CARANDAI PARTICIPACOES S.A.,Empreendimentos e Participações,Emissor / Devedor,Ativo,,,,,Emissor / Devedor,CARANDAI PARTICIPACOES S.A. é devedor/emissor de ativos de renda fixa no mercado de capitais.
31445249000134,31.445.249/0001-34,WECLIX TELECOM S.A,WECLIX TELECOM S.A,TI e Telecomunicações,Emissor / Devedor,Ativo,,,,,Emissor / Devedor,WECLIX TELECOM S.A é devedor/emissor de ativos de renda fixa no mercado de capitais.
31446280000190,31.446.280/0001-90,ACQIO HOLDING PARTICIPACOES S.A.,ACQIO HOLDING PARTICIPACOES S.A.,Financeiro,Emissor / Devedor,Ativo,,,,,Emissor / Devedor,ACQIO HOLDING PARTICIPACOES S.A. é devedor/emissor de ativos de renda fixa no mercado de capitais.
31481107000122,31.481.107/0001-22,CARBONO PARTICIPACOES SOCIETARIAS S.A,CARBONO PARTICIPACOES SOCIETARIAS S.A,Financeiro,Emissor / Devedor,Ativo,,,,,Emissor / Devedor,CARBONO PARTICIPACOES SOCIETARIAS S.A é devedor/emissor de ativos de renda fixa no mercado de capitais.
31546476000156,31.546.476/0001-56,BB LEASING S/A ARREND MERCANTIL,BB LEASING S/A ARREND MERCANTIL,Financeiro,Emissor / Devedor,Ativo,,,,,Emissor / Devedor,BB LEASING S/A ARREND MERCANTIL é devedor/emissor de ativos de renda fixa no mercado de capitais.
31590862000145,31.590.862/0001-45,COPAPA COMPANHIA PADUANA DE PAPEIS,COPAPA COMPANHIA PADUANA DE PAPEIS,Papel e Celulose,Emissor / Devedor,Ativo,,,,,Emissor / Devedor,COPAPA COMPANHIA PADUANA DE PAPEIS é devedor/emissor de ativos de renda fixa no mercado de capitais.
31783431000103,31.783.431/0001-03,USINA DE ENERGIA FOTOVOLTAICA DE COROMANDEL S.A.,USINA DE ENERGIA FOTOVOLTAICA DE COROMANDEL S.A.,Energia Elétrica,Emissor / Devedor,Ativo,,,,,Emissor / Devedor,USINA DE ENERGIA FOTOVOLTAICA DE COROMANDEL S.A. é devedor/emissor de ativos de renda fixa no mercado de capitais.
31908068000105,31.908.068/0001-05,ALEX ENERGIA PARTICIPACOES S.A.,ALEX ENERGIA PARTICIPACOES S.A.,Energia Elétrica,Emissor / Devedor,Ativo,,,,,Emissor / Devedor,ALEX ENERGIA PARTICIPACOES S.A. é devedor/emissor de ativos de renda fixa no mercado de capitais.
31908224000120,31.908.224/0001-20,TRAVESSIA SECURITIZADORA DE CREDITOS FINANCEIROS IV S.A.,TRAVESSIA SECURITIZADORA DE CREDITOS FINANCEIROS IV S.A.,Financeiro,Emissor / Devedor,Ativo,,,,,Emissor / Devedor,TRAVESSIA SECURITIZADORA DE CREDITOS FINANCEIROS IV S.A. é devedor/emissor de ativos de renda fixa no mercado de capitais.
31917202000126,31.917.202/0001-26,BDWPART HOLDING E PARTICIPACOES SA,BDWPART HOLDING E PARTICIPACOES SA,Empreendimentos e Participações,Emissor / Devedor,Ativo,,,,,Emissor / Devedor,BDWPART HOLDING E PARTICIPACOES SA é devedor/emissor de ativos de renda fixa no mercado de capitais.
31921853000190,31.921.853/0001-90,BELA LUNA EMPREENDIMENTOS IMOBILIARIOS S/A,BELA LUNA EMPREENDIMENTOS IMOBILIARIOS S/A,Serviços Imobiliários,Emissor / Devedor,Ativo,,,,,Emissor / Devedor,BELA LUNA EMPREENDIMENTOS IMOBILIARIOS S/A é devedor/emissor de ativos de renda fixa no mercado de capitais.
32161916000110,32.161.916/0001-10,PADUA IV PARTICIPACOES S.A.,PADUA IV PARTICIPACOES S.A.,Empreendimentos e Participações,Emissor / Devedor,Ativo,,,,,Emissor / Devedor,PADUA IV PARTICIPACOES S.A. é devedor/emissor de ativos de renda fixa no mercado de capitais.
32185496000101,32.185.496/0001-01,URBEM S.A.,URBEM S.A.,Construção Civil,Emissor / Devedor,Ativo,,,,,Emissor / Devedor,URBEM S.A. é devedor/emissor de ativos de renda fixa no mercado de capitais.
32247733000111,32.247.733/0001-11,SOLFACIL SECURITIZADORA CREDITO FINANCEIRO S.A.,SOLFACIL SECURITIZADORA CREDITO FINANCEIRO S.A.,Financeiro,Emissor / Devedor,Ativo,,,,,Emissor / Devedor,SOLFACIL SECURITIZADORA CREDITO FINANCEIRO S.A. é devedor/emissor de ativos de renda fixa no mercado de capitais.
32321304000147,32.321.304/0001-47,VIA BRASIL MT 320 CONCESSIONARIA DE RODOVIAS S/A,VIA BRASIL MT 320 CONCESSIONARIA DE RODOVIAS S/A,Transporte e Logística,Emissor / Devedor,Ativo,,,,,Emissor / Devedor,VIA BRASIL MT 320 CONCESSIONARIA DE RODOVIAS S/A é devedor/emissor de ativos de renda fixa no mercado de capitais.
32431505000105,32.431.505/0001-05,VARZEA SOLAR PARTICIPACOES S.A.,VARZEA SOLAR PARTICIPACOES S.A.,Energia Elétrica,Emissor / Devedor,Ativo,,,,,Emissor / Devedor,VARZEA SOLAR PARTICIPACOES S.A. é devedor/emissor de ativos de renda fixa no mercado de capitais.
32431519000110,32.431.519/0001-10,HELIO VALGAS SOLAR PARTICIPACOES S.A.,HELIO VALGAS SOLAR PARTICIPACOES S.A.,Energia Elétrica,Emissor / Devedor,Ativo,,,,,Emissor / Devedor,HELIO VALGAS SOLAR PARTICIPACOES S.A. é devedor/emissor de ativos de renda fixa no mercado de capitais.
32667691000178,32.667.691/0001-78,PARINTINS AMAZONAS TRANSMISSORA DE ENERGIA S.A.,PARINTINS AMAZONAS TRANSMISSORA DE ENERGIA S.A.,Energia Elétrica,Emissor / Devedor,Ativo,,,,,Emissor / Devedor,PARINTINS AMAZONAS TRANSMISSORA DE ENERGIA S.A. é devedor/emissor de ativos de renda fixa no mercado de capitais.
32770457000171,32.770.457/0001-71,COMPANHIA SECURITIZADORA DE CREDITOS FINANCEIROS VERT-GYRA,COMPANHIA SECURITIZADORA DE CREDITOS FINANCEIROS VERT-GYRA,Financeiro,Emissor / Devedor,Ativo,,,,,Emissor / Devedor,COMPANHIA SECURITIZADORA DE CREDITOS FINANCEIROS VERT-GYRA é devedor/emissor de ativos de renda fixa no mercado de capitais.
32785527000165,32.785.527/0001-65,LAPAREN PARTICIPACOES S.A.,LAPAREN PARTICIPACOES S.A.,Empreendimentos e Participações,Emissor / Devedor,Ativo,,,,,Emissor / Devedor,LAPAREN PARTICIPACOES S.A. é devedor/emissor de ativos de renda fixa no mercado de capitais.
32997529000118,32.997.529/0001-18,LC ENERGIA HOLDING S.A.,LC ENERGIA HOLDING S.A.,Energia Elétrica,Emissor / Devedor,Ativo,,,,,Emissor / Devedor,LC ENERGIA HOLDING S.A. é devedor/emissor de ativos de renda fixa no mercado de capitais.
33014556000196,33.014.556/0001-96,LOJAS AMERICANAS S/A,LOJAS AMERICANAS S/A,Comércio Atacadista e Varejista,Emissor / Devedor,Ativo,,,,,Emissor / Devedor,LOJAS AMERICANAS S/A é devedor/emissor de ativos de renda fixa no mercado de capitais.
33035536000100,33.035.536/0001-00,JOAO FORTES ENGENHARIA S/A,JOAO FORTES ENGENHARIA S/A,Construção Civil,Emissor / Devedor,Ativo,,,,,Emissor / Devedor,JOAO FORTES ENGENHARIA S/A é devedor/emissor de ativos de renda fixa no mercado de capitais.
33068883000120,33.068.883/0001-20,SOCIEDADE COMERCIAL E IMPORTADORA HERMES S/A,SOCIEDADE COMERCIAL E IMPORTADORA HERMES S/A,Comércio Atacadista e Varejista,Emissor / Devedor,Ativo,,,,,Emissor / Devedor,SOCIEDADE COMERCIAL E IMPORTADORA HERMES S/A é devedor/emissor de ativos de renda fixa no mercado de capitais.
33175360000183,33.175.360/0001-83,CONTINUY SERVICOS EM TECNOLOGIA DA INFORMACAO S/A,CONTINUY SERVICOS EM TECNOLOGIA DA INFORMACAO S/A,TI e Telecomunicações,Emissor / Devedor,Ativo,,,,,Emissor / Devedor,CONTINUY SERVICOS EM TECNOLOGIA DA INFORMACAO S/A é devedor/emissor de ativos de renda fixa no mercado de capitais.
33200056000149,33.200.056/0001-49,LOJAS RIACHUELO S / A,LOJAS RIACHUELO S / A,Comércio Atacadista e Varejista,Emissor / Devedor,Ativo,,,,,Emissor / Devedor,LOJAS RIACHUELO S / A é devedor/emissor de ativos de renda fixa no mercado de capitais.
33229410000168,33.229.410/0001-68,CIA CAMINHO AEREO PAO DE ACUCAR,CIA CAMINHO AEREO PAO DE ACUCAR,Outros Serviços,Emissor / Devedor,Ativo,,,,,Emissor / Devedor,CIA CAMINHO AEREO PAO DE ACUCAR é devedor/emissor de ativos de renda fixa no mercado de capitais.
33249046000106,33.249.046/0001-06,ENERGISA NOVA FRIBURGO – DISTRIBUIDORA DE ENERGIA S/A,ENERGISA NOVA FRIBURGO – DISTRIBUIDORA DE ENERGIA S/A,Energia Elétrica,Emissor / Devedor,Ativo,,,,,Emissor / Devedor,ENERGISA NOVA FRIBURGO – DISTRIBUIDORA DE ENERGIA S/A é devedor/emissor de ativos de renda fixa no mercado de capitais.
33256439000139,33.256.439/0001-39,ULTRAPAR PARTICIPACOES S/A,ULTRAPAR PARTICIPACOES S/A,Empreendimentos e Participações,Emissor / Devedor,Ativo,,,,,Emissor / Devedor,ULTRAPAR PARTICIPACOES S/A é devedor/emissor de ativos de renda fixa no mercado de capitais.
33342023000133,33.342.023/0001-33,CARVALHO HOSKEN S/A ENGENHARIA E CONSTRUCOES,CARVALHO HOSKEN S/A ENGENHARIA E CONSTRUCOES,Construção Civil,Emissor / Devedor,Ativo,,,,,Emissor / Devedor,CARVALHO HOSKEN S/A ENGENHARIA E CONSTRUCOES é devedor/emissor de ativos de renda fixa no mercado de capitais.
33352394000104,33.352.394/0001-04,COMPANHIA EST. DE AGUAS E ESGOTOS- CEDAE,COMPANHIA EST. DE AGUAS E ESGOTOS- CEDAE,Saneamento,Emissor / Devedor,Ativo,,,,,Emissor / Devedor,COMPANHIA EST. DE AGUAS E ESGOTOS- CEDAE é devedor/emissor de ativos de renda fixa no mercado de capitais.
33412792000160,33.412.792/0001-60,ALYA CONSTRUTORA S.A,ALYA CONSTRUTORA S.A,Construção Civil,Emissor / Devedor,Ativo,,,,,Emissor / Devedor,ALYA CONSTRUTORA S.A é devedor/emissor de ativos de renda fixa no mercado de capitais.
33572572000102,33.572.572/0001-02,GUASSUPI PARTICIPACOES S.A.,GUASSUPI PARTICIPACOES S.A.,Energia Elétrica,Emissor / Devedor,Ativo,,,,,Emissor / Devedor,GUASSUPI PARTICIPACOES S.A. é devedor/emissor de ativos de renda fixa no mercado de capitais.
33600123000112,33.600.123/0001-12,ENERGETICA SAO PATRICIO S/A,ENERGETICA SAO PATRICIO S/A,Energia Elétrica,Emissor / Devedor,Ativo,,,,,Emissor / Devedor,ENERGETICA SAO PATRICIO S/A é devedor/emissor de ativos de renda fixa no mercado de capitais.
33824597000148,33.824.597/0001-48,SECURITIZADORA DE CREDITOS IMOBILIARIOS VERT S/A,SECURITIZADORA DE CREDITOS IMOBILIARIOS VERT S/A,Financeiro,Emissor / Devedor,Ativo,,,,,Emissor / Devedor,SECURITIZADORA DE CREDITOS IMOBILIARIOS VERT S/A é devedor/emissor de ativos de renda fixa no mercado de capitais.
33845322000190,33.845.322/0001-90,A  GERADORA  ALUGUEL DE MAQUINAS S.A.,A  GERADORA  ALUGUEL DE MAQUINAS S.A.,Comércio Atacadista e Varejista,Emissor / Devedor,Ativo,,,,,Emissor / Devedor,A  GERADORA  ALUGUEL DE MAQUINAS S.A. é devedor/emissor de ativos de renda fixa no mercado de capitais.
33950678000194,33.950.678/0001-94,MEZ 1 ENERGIA S.A.,MEZ 1 ENERGIA S.A.,Energia Elétrica,Emissor / Devedor,Ativo,,,,,Emissor / Devedor,MEZ 1 ENERGIA S.A. é devedor/emissor de ativos de renda fixa no mercado de capitais.
34130063000184,34.130.063/0001-84,ULTRACARGO SOLUCOES LOGISTICAS S.A,ULTRACARGO SOLUCOES LOGISTICAS S.A,Transporte e Logística,Emissor / Devedor,Ativo,,,,,Emissor / Devedor,ULTRACARGO SOLUCOES LOGISTICAS S.A é devedor/emissor de ativos de renda fixa no mercado de capitais.
34175529000168,34.175.529/0001-68,CASHME SOLUCOES FINANCEIRAS S.A.,CASHME SOLUCOES FINANCEIRAS S.A.,Financeiro,Emissor / Devedor,Ativo,,,,,Emissor / Devedor,CASHME SOLUCOES FINANCEIRAS S.A. é devedor/emissor de ativos de renda fixa no mercado de capitais.
34216487000166,34.216.487/0001-66,LAMBDA II ENERGIA S/A,LAMBDA II ENERGIA S/A,Energia Elétrica,Emissor / Devedor,Ativo,,,,,Emissor / Devedor,LAMBDA II ENERGIA S/A é devedor/emissor de ativos de renda fixa no mercado de capitais.
34354458000160,34.354.458/0001-60,COMPANHIA SECURITIZADORA DE CREDITOS FINANCEIROS VERT-2,COMPANHIA SECURITIZADORA DE CREDITOS FINANCEIROS VERT-2,Financeiro,Emissor / Devedor,Ativo,,,,,Emissor / Devedor,COMPANHIA SECURITIZADORA DE CREDITOS FINANCEIROS VERT-2 é devedor/emissor de ativos de renda fixa no mercado de capitais.
34469625000119,34.469.625/0001-19,COMPANHIA SECURITIZADORA DE CREDITOS FINANCEIROS VERT PROVI,COMPANHIA SECURITIZADORA DE CREDITOS FINANCEIROS VERT PROVI,Financeiro,Emissor / Devedor,Ativo,,,,,Emissor / Devedor,COMPANHIA SECURITIZADORA DE CREDITOS FINANCEIROS VERT PROVI é devedor/emissor de ativos de renda fixa no mercado de capitais.
34475373000130,34.475.373/0001-30,XP COMERCIALIZADORA DE ENERGIA LTDA.,XP COMERCIALIZADORA DE ENERGIA LTDA.,Energia Elétrica,Emissor / Devedor,Ativo,,,,,Emissor / Devedor,XP COMERCIALIZADORA DE ENERGIA LTDA. é devedor/emissor de ativos de renda fixa no mercado de capitais.
34480751000174,34.480.751/0001-74,BRK - NE/N/CO S.A.,BRK - NE/N/CO S.A.,Financeiro,Emissor / Devedor,Ativo,,,,,Emissor / Devedor,BRK - NE/N/CO S.A. é devedor/emissor de ativos de renda fixa no mercado de capitais.
34516088000110,34.516.088/0001-10,SECULUS DA AMAZONIA INDUSTRIA E COMERCIO S.A.,SECULUS DA AMAZONIA INDUSTRIA E COMERCIO S.A.,Indústria e Comércio,Emissor / Devedor,Ativo,,,,,Emissor / Devedor,SECULUS DA AMAZONIA INDUSTRIA E COMERCIO S.A. é devedor/emissor de ativos de renda fixa no mercado de capitais.
34623550000189,34.623.550/0001-89,TUCANO HOLDING II S.A.,TUCANO HOLDING II S.A.,Energia Elétrica,Emissor / Devedor,Ativo,,,,,Emissor / Devedor,TUCANO HOLDING II S.A. é devedor/emissor de ativos de renda fixa no mercado de capitais.
34714305000187,34.714.305/0001-87,PAU RAINHA GERACAO E COMERCIO DE ENERGIA SPE S/A,PAU RAINHA GERACAO E COMERCIO DE ENERGIA SPE S/A,Energia Elétrica,Emissor / Devedor,Ativo,,,,,Emissor / Devedor,PAU RAINHA GERACAO E COMERCIO DE ENERGIA SPE S/A é devedor/emissor de ativos de renda fixa no mercado de capitais.
34714313000123,34.714.313/0001-23,BONFIM GERACAO E COMERCIO DE ENERGIA SPE S/A,BONFIM GERACAO E COMERCIO DE ENERGIA SPE S/A,Energia Elétrica,Emissor / Devedor,Ativo,,,,,Emissor / Devedor,BONFIM GERACAO E COMERCIO DE ENERGIA SPE S/A é devedor/emissor de ativos de renda fixa no mercado de capitais.
34714322000114,34.714.322/0001-14,CANTA GERACAO E COMERCIO DE ENERGIA SPE S/A,CANTA GERACAO E COMERCIO DE ENERGIA SPE S/A,Energia Elétrica,Emissor / Devedor,Ativo,,,,,Emissor / Devedor,CANTA GERACAO E COMERCIO DE ENERGIA SPE S/A é devedor/emissor de ativos de renda fixa no mercado de capitais.
34745410000183,34.745.410/0001-83,SANTA LUZ GERACAO E COMERCIO DE ENERGIA SPE S/A.,SANTA LUZ GERACAO E COMERCIO DE ENERGIA SPE S/A.,Energia Elétrica,Emissor / Devedor,Ativo,,,,,Emissor / Devedor,SANTA LUZ GERACAO E COMERCIO DE ENERGIA SPE S/A. é devedor/emissor de ativos de renda fixa no mercado de capitais.
34999386000109,34.999.386/0001-09,N.O.L.S.P.E. EMPREENDIMENTOS E PARTICIPACOES S/A,N.O.L.S.P.E. EMPREENDIMENTOS E PARTICIPACOES S/A,Empreendimentos e Participações,Emissor / Devedor,Ativo,,,,,Emissor / Devedor,N.O.L.S.P.E. EMPREENDIMENTOS E PARTICIPACOES S/A é devedor/emissor de ativos de renda fixa no mercado de capitais.
35067262000158,35.067.262/0001-58,VISION FRANCISCO SA SPE S/A,VISION FRANCISCO SA SPE S/A,Renda Fixa / Crédito Privado,Emissor / Devedor,Ativo,,,,,Emissor / Devedor,VISION FRANCISCO SA SPE S/A é devedor/emissor de ativos de renda fixa no mercado de capitais.
35176011000101,35.176.011/0001-01,SALINAS ADMINISTRAÇÃO E PARTICIPAÇÕES S.A.,SALINAS ADMINISTRAÇÃO E PARTICIPAÇÕES S.A.,Renda Fixa / Crédito Privado,Emissor / Devedor,Ativo,,,,,Emissor / Devedor,SALINAS ADMINISTRAÇÃO E PARTICIPAÇÕES S.A. é devedor/emissor de ativos de renda fixa no mercado de capitais.
35198517000111,35.198.517/0001-11,OURO PRETO SERVICOS DE SANEAMENTO S/A-SANEOURO,OURO PRETO SERVICOS DE SANEAMENTO S/A-SANEOURO,Saneamento,Emissor / Devedor,Ativo,,,,,Emissor / Devedor,OURO PRETO SERVICOS DE SANEAMENTO S/A-SANEOURO é devedor/emissor de ativos de renda fixa no mercado de capitais.
35203155000100,35.203.155/0001-00,LFP PARTICIPACOES S/A,LFP PARTICIPACOES S/A,Empreendimentos e Participações,Emissor / Devedor,Ativo,,,,,Emissor / Devedor,LFP PARTICIPACOES S/A é devedor/emissor de ativos de renda fixa no mercado de capitais.
35502310000199,35.502.310/0001-99,CS BRASIL PARTICIPACOES E LOCACOES S/A,CS BRASIL PARTICIPACOES E LOCACOES S/A,Transporte e Logística,Emissor / Devedor,Ativo,,,,,Emissor / Devedor,CS BRASIL PARTICIPACOES E LOCACOES S/A é devedor/emissor de ativos de renda fixa no mercado de capitais.
35516163000106,35.516.163/0001-06,COREMAS HOLDING S/A,COREMAS HOLDING S/A,Empreendimentos e Participações,Emissor / Devedor,Ativo,,,,,Emissor / Devedor,COREMAS HOLDING S/A é devedor/emissor de ativos de renda fixa no mercado de capitais.
35522281000127,35.522.281/0001-27,COMPANHIA SECURITIZADORA DE CREDITOS FINANCEIROS VER-VIRTUS,COMPANHIA SECURITIZADORA DE CREDITOS FINANCEIROS VER-VIRTUS,Renda Fixa / Crédito Privado,Emissor / Devedor,Ativo,,,,,Emissor / Devedor,COMPANHIA SECURITIZADORA DE CREDITOS FINANCEIROS VER-VIRTUS é devedor/emissor de ativos de renda fixa no mercado de capitais.
35522391000199,35.522.391/0001-99,COMPANHIA SECURITIZADORA DE CREDITOS FINANCEIROS VERT-PARCELEX,COMPANHIA SECURITIZADORA DE CREDITOS FINANCEIROS VERT-PARCELEX,Financeiro,Emissor / Devedor,Ativo,,,,,Emissor / Devedor,COMPANHIA SECURITIZADORA DE CREDITOS FINANCEIROS VERT-PARCELEX é devedor/emissor de ativos de renda fixa no mercado de capitais.
35618250000174,35.618.250/0001-74,BLOCK FINANCIAL HOLDINGS DO BRASIL S.A,BLOCK FINANCIAL HOLDINGS DO BRASIL S.A,Empreendimentos e Participações,Emissor / Devedor,Ativo,,,,,Emissor / Devedor,BLOCK FINANCIAL HOLDINGS DO BRASIL S.A é devedor/emissor de ativos de renda fixa no mercado de capitais.
35632719000120,35.632.719/0001-20,NUVINI S.A.,NUVINI S.A.,Empreendimentos e Participações,Emissor / Devedor,Ativo,,,,,Emissor / Devedor,NUVINI S.A. é devedor/emissor de ativos de renda fixa no mercado de capitais.
35662545000148,35.662.545/0001-48,RS HOLDING E PARTICIPACOES S/A,RS HOLDING E PARTICIPACOES S/A,Empreendimentos e Participações,Emissor / Devedor,Ativo,,,,,Emissor / Devedor,RS HOLDING E PARTICIPACOES S/A é devedor/emissor de ativos de renda fixa no mercado de capitais.
35662569000105,35.662.569/0001-05,SANEAMENTO 100 INVESTIMENTO E PARTICIPACOES S/A,SANEAMENTO 100 INVESTIMENTO E PARTICIPACOES S/A,Saneamento,Emissor / Devedor,Ativo,,,,,Emissor / Devedor,SANEAMENTO 100 INVESTIMENTO E PARTICIPACOES S/A é devedor/emissor de ativos de renda fixa no mercado de capitais.
35714529000151,35.714.529/0001-51,TUCANO HOLDING III S.A,TUCANO HOLDING III S.A,Empreendimentos e Participações,Emissor / Devedor,Ativo,,,,,Emissor / Devedor,TUCANO HOLDING III S.A é devedor/emissor de ativos de renda fixa no mercado de capitais.
35785876000175,35.785.876/0001-75,SERRA DO SERIDO F1 HOLDING S.A.,SERRA DO SERIDO F1 HOLDING S.A.,Empreendimentos e Participações,Emissor / Devedor,Ativo,,,,,Emissor / Devedor,SERRA DO SERIDO F1 HOLDING S.A. é devedor/emissor de ativos de renda fixa no mercado de capitais.
35791391000194,35.791.391/0001-94,QUALITY SOFTWARE S/A,QUALITY SOFTWARE S/A,TI e Telecomunicações,Emissor / Devedor,Ativo,,,,,Emissor / Devedor,QUALITY SOFTWARE S/A é devedor/emissor de ativos de renda fixa no mercado de capitais.
35851074000116,35.851.074/0001-16,LOA ADMINISTRADORA E INCORPORADORA S.A.,LOA ADMINISTRADORA E INCORPORADORA S.A.,Construção Civil,Emissor / Devedor,Ativo,,,,,Emissor / Devedor,LOA ADMINISTRADORA E INCORPORADORA S.A. é devedor/emissor de ativos de renda fixa no mercado de capitais.
35865623000101,35.865.623/0001-01,VENTOS DE SANTA JUSTINA ENERGIAS RENOVAVEIS S.A.,VENTOS DE SANTA JUSTINA ENERGIAS RENOVAVEIS S.A.,Energia Elétrica,Emissor / Devedor,Ativo,,,,,Emissor / Devedor,VENTOS DE SANTA JUSTINA ENERGIAS RENOVAVEIS S.A. é devedor/emissor de ativos de renda fixa no mercado de capitais.
35865638000170,35.865.638/0001-70,VENTOS DE SAO JOAO XXIII ENERGIAS RENOVAVEIS S.A.,VENTOS DE SAO JOAO XXIII ENERGIAS RENOVAVEIS S.A.,Energia Elétrica,Emissor / Devedor,Ativo,,,,,Emissor / Devedor,VENTOS DE SAO JOAO XXIII ENERGIAS RENOVAVEIS S.A. é devedor/emissor de ativos de renda fixa no mercado de capitais.
35865649000150,35.865.649/0001-50,VENTOS DE SAO LUCIO I ENERGIAS RENOVAVEIS S.A.,VENTOS DE SAO LUCIO I ENERGIAS RENOVAVEIS S.A.,Energia Elétrica,Emissor / Devedor,Ativo,,,,,Emissor / Devedor,VENTOS DE SAO LUCIO I ENERGIAS RENOVAVEIS S.A. é devedor/emissor de ativos de renda fixa no mercado de capitais.
35874355000194,35.874.355/0001-94,VENTOS DE SAO JOAQUIM ENERGIAS RENOVAVEIS S.A.,VENTOS DE SAO JOAQUIM ENERGIAS RENOVAVEIS S.A.,Energia Elétrica,Emissor / Devedor,Ativo,,,,,Emissor / Devedor,VENTOS DE SAO JOAQUIM ENERGIAS RENOVAVEIS S.A. é devedor/emissor de ativos de renda fixa no mercado de capitais.
35881094000130,35.881.094/0001-30,SUPERSIM SECURITIZADORA DE CREDITOS FINANCEIROS S.A..,SUPERSIM SECURITIZADORA DE CREDITOS FINANCEIROS S.A..,Financeiro,Emissor / Devedor,Ativo,,,,,Emissor / Devedor,SUPERSIM SECURITIZADORA DE CREDITOS FINANCEIROS S.A.. é devedor/emissor de ativos de renda fixa no mercado de capitais.
36030967000163,36.030.967/0001-63,ENGIE SOLUCOES CIDADES INTELIGENTES E INFRAESTRUTURA DE UBERLANDIA S.A,ENGIE SOLUCOES CIDADES INTELIGENTES E INFRAESTRUTURA DE UBERLANDIA S.A,Máquinas e Equipamentos,Emissor / Devedor,Ativo,,,,,Emissor / Devedor,ENGIE SOLUCOES CIDADES INTELIGENTES E INFRAESTRUTURA DE UBERLANDIA S.A é devedor/emissor de ativos de renda fixa no mercado de capitais.
36125692000141,36.125.692/0001-41,SMART RJ CONCESSIONARIA DE ILUMINACAO PUBLICA SPE S.A.,SMART RJ CONCESSIONARIA DE ILUMINACAO PUBLICA SPE S.A.,Outros Serviços,Emissor / Devedor,Ativo,,,,,Emissor / Devedor,SMART RJ CONCESSIONARIA DE ILUMINACAO PUBLICA SPE S.A. é devedor/emissor de ativos de renda fixa no mercado de capitais.
36146575000164,36.146.575/0001-64,EIXO SP CONCESSIONARIA DE RODOVIAS S.A,EIXO SP CONCESSIONARIA DE RODOVIAS S.A,Transporte e Logística,Emissor / Devedor,Ativo,,,,,Emissor / Devedor,EIXO SP CONCESSIONARIA DE RODOVIAS S.A é devedor/emissor de ativos de renda fixa no mercado de capitais.
36238874000129,36.238.874/0001-29,DMCARD SECURITIZADORA S.A.,DMCARD SECURITIZADORA S.A.,Financeiro,Emissor / Devedor,Ativo,,,,,Emissor / Devedor,DMCARD SECURITIZADORA S.A. é devedor/emissor de ativos de renda fixa no mercado de capitais.
36401730000141,36.401.730/0001-41,COREMAS HOLDING II S/A,COREMAS HOLDING II S/A,Energia Elétrica,Emissor / Devedor,Ativo,,,,,Emissor / Devedor,COREMAS HOLDING II S/A é devedor/emissor de ativos de renda fixa no mercado de capitais.
36521478000104,36.521.478/0001-04,REENERGISA GERACAO FOTOVOLTAICA III S.A.,REENERGISA GERACAO FOTOVOLTAICA III S.A.,Energia Elétrica,Emissor / Devedor,Ativo,,,,,Emissor / Devedor,REENERGISA GERACAO FOTOVOLTAICA III S.A. é devedor/emissor de ativos de renda fixa no mercado de capitais.
36542025000164,36.542.025/0001-64,BRQ SOLUCOES EM INFORMATICA S/A,BRQ SOLUCOES EM INFORMATICA S/A,TI e Telecomunicações,Emissor / Devedor,Ativo,,,,,Emissor / Devedor,BRQ SOLUCOES EM INFORMATICA S/A é devedor/emissor de ativos de renda fixa no mercado de capitais.
36556327000191,36.556.327/0001-91,HELIUS CAPITAL GESTAO DE RECURSOS S.A.,HELIUS CAPITAL GESTAO DE RECURSOS S.A.,Financeiro,Emissor / Devedor,Ativo,,,,,Emissor / Devedor,HELIUS CAPITAL GESTAO DE RECURSOS S.A. é devedor/emissor de ativos de renda fixa no mercado de capitais.
36633625000138,36.633.625/0001-38,NORTE ASSET MANAGEMENT GESTAO DE RECURSOS S.A.,NORTE ASSET MANAGEMENT GESTAO DE RECURSOS S.A.,Financeiro,Emissor / Devedor,Ativo,,,,,Emissor / Devedor,NORTE ASSET MANAGEMENT GESTAO DE RECURSOS S.A. é devedor/emissor de ativos de renda fixa no mercado de capitais.
36699663000193,36.699.663/0001-93,TRAVESSIA SECURITIZADORA DE CREDITOS FINANCEIROS VIII S.A.,TRAVESSIA SECURITIZADORA DE CREDITOS FINANCEIROS VIII S.A.,Financeiro,Emissor / Devedor,Ativo,,,,,Emissor / Devedor,TRAVESSIA SECURITIZADORA DE CREDITOS FINANCEIROS VIII S.A. é devedor/emissor de ativos de renda fixa no mercado de capitais.
36699688000197,36.699.688/0001-97,COMPANHIA SECURITIZADORA DE CREDITOS FINANCEIROS VERT-LEVE,COMPANHIA SECURITIZADORA DE CREDITOS FINANCEIROS VERT-LEVE,Financeiro,Emissor / Devedor,Ativo,,,,,Emissor / Devedor,COMPANHIA SECURITIZADORA DE CREDITOS FINANCEIROS VERT-LEVE é devedor/emissor de ativos de renda fixa no mercado de capitais.
36729398000149,36.729.398/0001-49,COMPANHIA SECURITIZADORA DE CREDITOS FINANCEIROS VERT-PROVI II,COMPANHIA SECURITIZADORA DE CREDITOS FINANCEIROS VERT-PROVI II,Financeiro,Emissor / Devedor,Ativo,,,,,Emissor / Devedor,COMPANHIA SECURITIZADORA DE CREDITOS FINANCEIROS VERT-PROVI II é devedor/emissor de ativos de renda fixa no mercado de capitais.
36741993000108,36.741.993/0001-08,LEMVIG RJ INFRAESTRUTURA E REDES DE TELECOMUNICAC0ES S.A,LEMVIG RJ INFRAESTRUTURA E REDES DE TELECOMUNICAC0ES S.A,TI e Telecomunicações,Emissor / Devedor,Ativo,,,,,Emissor / Devedor,LEMVIG RJ INFRAESTRUTURA E REDES DE TELECOMUNICAC0ES S.A é devedor/emissor de ativos de renda fixa no mercado de capitais.
37070559000106,37.070.559/0001-06,IP SUL CONCESSIONARIA DE ILUMINACAO PUBLICA S.A.,IP SUL CONCESSIONARIA DE ILUMINACAO PUBLICA S.A.,Outros Serviços,Emissor / Devedor,Ativo,,,,,Emissor / Devedor,IP SUL CONCESSIONARIA DE ILUMINACAO PUBLICA S.A. é devedor/emissor de ativos de renda fixa no mercado de capitais.
37309079000147,37.309.079/0001-47,TRAVESSIA SECURITIZADORA DE CREDITOS FINANCEIROS IX S.A.,TRAVESSIA SECURITIZADORA DE CREDITOS FINANCEIROS IX S.A.,Financeiro,Emissor / Devedor,Ativo,,,,,Emissor / Devedor,TRAVESSIA SECURITIZADORA DE CREDITOS FINANCEIROS IX S.A. é devedor/emissor de ativos de renda fixa no mercado de capitais.
37368241000106,37.368.241/0001-06,COMPANHIA SECURITIZADORA DE CREDITOS IMOBILIARIOS VERT-7,COMPANHIA SECURITIZADORA DE CREDITOS IMOBILIARIOS VERT-7,Financeiro,Emissor / Devedor,Ativo,,,,,Emissor / Devedor,COMPANHIA SECURITIZADORA DE CREDITOS IMOBILIARIOS VERT-7 é devedor/emissor de ativos de renda fixa no mercado de capitais.
37368315000104,37.368.315/0001-04,COMPANHIA SECURITIZADORA DE CREDITOS FINANCEIROS VERT 5,COMPANHIA SECURITIZADORA DE CREDITOS FINANCEIROS VERT 5,Financeiro,Emissor / Devedor,Ativo,,,,,Emissor / Devedor,COMPANHIA SECURITIZADORA DE CREDITOS FINANCEIROS VERT 5 é devedor/emissor de ativos de renda fixa no mercado de capitais.
37606330000135,37.606.330/0001-35,APOLLO 17 PARTICIPACOES S.A,APOLLO 17 PARTICIPACOES S.A,Empreendimentos e Participações,Emissor / Devedor,Ativo,,,,,Emissor / Devedor,APOLLO 17 PARTICIPACOES S.A é devedor/emissor de ativos de renda fixa no mercado de capitais.
37678809000187,37.678.809/0001-87,RT 071 EMPREENDIMENTOS E PARTICIPACOES S.A.,RT 071 EMPREENDIMENTOS E PARTICIPACOES S.A.,Empreendimentos e Participações,Emissor / Devedor,Ativo,,,,,Emissor / Devedor,RT 071 EMPREENDIMENTOS E PARTICIPACOES S.A. é devedor/emissor de ativos de renda fixa no mercado de capitais.
37702340000174,37.702.340/0001-74,MONTE RODOVIAS S.A,MONTE RODOVIAS S.A,Empreendimentos e Participações,Emissor / Devedor,Ativo,,,,,Emissor / Devedor,MONTE RODOVIAS S.A é devedor/emissor de ativos de renda fixa no mercado de capitais.
37763835000103,37.763.835/0001-03,TRAVESSIA SECURITIZADORA DE CREDITOS FINANCEIROS XI S.A.,TRAVESSIA SECURITIZADORA DE CREDITOS FINANCEIROS XI S.A.,Financeiro,Emissor / Devedor,Ativo,,,,,Emissor / Devedor,TRAVESSIA SECURITIZADORA DE CREDITOS FINANCEIROS XI S.A. é devedor/emissor de ativos de renda fixa no mercado de capitais.
37837627000101,37.837.627/0001-01,GLP X PARTICIPACOES S.A.,GLP X PARTICIPACOES S.A.,Empreendimentos e Participações,Emissor / Devedor,Ativo,,,,,Emissor / Devedor,GLP X PARTICIPACOES S.A. é devedor/emissor de ativos de renda fixa no mercado de capitais.
37863381000142,37.863.381/0001-42,REVELO COMPANHIA SECURITIZADORA DE CREDITOS FINANCEIROS,REVELO COMPANHIA SECURITIZADORA DE CREDITOS FINANCEIROS,Financeiro,Emissor / Devedor,Ativo,,,,,Emissor / Devedor,REVELO COMPANHIA SECURITIZADORA DE CREDITOS FINANCEIROS é devedor/emissor de ativos de renda fixa no mercado de capitais.
37898615000197,37.898.615/0001-97,ASSURUA 4 HOLDING ENERGIA S.A.,ASSURUA 4 HOLDING ENERGIA S.A.,Energia Elétrica,Emissor / Devedor,Ativo,,,,,Emissor / Devedor,ASSURUA 4 HOLDING ENERGIA S.A. é devedor/emissor de ativos de renda fixa no mercado de capitais.
37901961000187,37.901.961/0001-87,TRAVESSIA SECURITIZADORA DE CREDITOS FINANCEIROS X SA,TRAVESSIA SECURITIZADORA DE CREDITOS FINANCEIROS X SA,Financeiro,Emissor / Devedor,Ativo,,,,,Emissor / Devedor,TRAVESSIA SECURITIZADORA DE CREDITOS FINANCEIROS X SA é devedor/emissor de ativos de renda fixa no mercado de capitais.
38013764000194,38.013.764/0001-94,GAMELEIRA GERADORA DE ENERGIA RENOVAVEL S.A,GAMELEIRA GERADORA DE ENERGIA RENOVAVEL S.A,Energia Elétrica,Emissor / Devedor,Ativo,,,,,Emissor / Devedor,GAMELEIRA GERADORA DE ENERGIA RENOVAVEL S.A é devedor/emissor de ativos de renda fixa no mercado de capitais.
38028620000101,38.028.620/0001-01,TRAVESSIA MPT 18 SECURITIZADORA DE CREDITOS FINANCEIROS S.A.,TRAVESSIA MPT 18 SECURITIZADORA DE CREDITOS FINANCEIROS S.A.,Financeiro,Emissor / Devedor,Ativo,,,,,Emissor / Devedor,TRAVESSIA MPT 18 SECURITIZADORA DE CREDITOS FINANCEIROS S.A. é devedor/emissor de ativos de renda fixa no mercado de capitais.
38044741000147,38.044.741/0001-47,ENSEADA DO SUA PARTICIPACOES S.A,ENSEADA DO SUA PARTICIPACOES S.A,Empreendimentos e Participações,Emissor / Devedor,Ativo,,,,,Emissor / Devedor,ENSEADA DO SUA PARTICIPACOES S.A é devedor/emissor de ativos de renda fixa no mercado de capitais.
38138329000196,38.138.329/0001-96,AMBIENTAL PARTICIPACOES S.A.,AMBIENTAL PARTICIPACOES S.A.,Empreendimentos e Participações,Emissor / Devedor,Ativo,,,,,Emissor / Devedor,AMBIENTAL PARTICIPACOES S.A. é devedor/emissor de ativos de renda fixa no mercado de capitais.
38199406000118,38.199.406/0001-18,RIO ALTO ENERGIAS RENOVAVEIS SA,RIO ALTO ENERGIAS RENOVAVEIS SA,Empreendimentos e Participações,Emissor / Devedor,Ativo,,,,,Emissor / Devedor,RIO ALTO ENERGIAS RENOVAVEIS SA é devedor/emissor de ativos de renda fixa no mercado de capitais.
38220895000142,38.220.895/0001-42,LC INVESTIMENTOS HOLDINGS S.A.,LC INVESTIMENTOS HOLDINGS S.A.,Empreendimentos e Participações,Emissor / Devedor,Ativo,,,,,Emissor / Devedor,LC INVESTIMENTOS HOLDINGS S.A. é devedor/emissor de ativos de renda fixa no mercado de capitais.
38419803000158,38.419.803/0001-58,ELLEVE E TRAVESSIA SECURITIZADORA DE CREDITOS FINANCEIROS S.A.,ELLEVE E TRAVESSIA SECURITIZADORA DE CREDITOS FINANCEIROS S.A.,Financeiro,Emissor / Devedor,Ativo,,,,,Emissor / Devedor,ELLEVE E TRAVESSIA SECURITIZADORA DE CREDITOS FINANCEIROS S.A. é devedor/emissor de ativos de renda fixa no mercado de capitais.
38419815000182,38.419.815/0001-82,TRAVESSIA SECURITIZADORA DE CREDITOS FINANCEIROS XVI S.A.,TRAVESSIA SECURITIZADORA DE CREDITOS FINANCEIROS XVI S.A.,Financeiro,Emissor / Devedor,Ativo,,,,,Emissor / Devedor,TRAVESSIA SECURITIZADORA DE CREDITOS FINANCEIROS XVI S.A. é devedor/emissor de ativos de renda fixa no mercado de capitais.
38482780000126,38.482.780/0001-26,ANEMUS WIND HOLDING S.A.,ANEMUS WIND HOLDING S.A.,Empreendimentos e Participações,Emissor / Devedor,Ativo,,,,,Emissor / Devedor,ANEMUS WIND HOLDING S.A. é devedor/emissor de ativos de renda fixa no mercado de capitais.
38733648000140,38.733.648/0001-40,EDITORA E DISTRIBUIDORA EDUCACIONAL S/A,EDITORA E DISTRIBUIDORA EDUCACIONAL S/A,Educação,Emissor / Devedor,Ativo,,,,,Emissor / Devedor,EDITORA E DISTRIBUIDORA EDUCACIONAL S/A é devedor/emissor de ativos de renda fixa no mercado de capitais.
39332327000104,39.332.327/0001-04,COMPANHIA SECURITIZADORA DE CREDITOS FINANCEIROS VOLCANO,COMPANHIA SECURITIZADORA DE CREDITOS FINANCEIROS VOLCANO,Financeiro,Emissor / Devedor,Ativo,,,,,Emissor / Devedor,COMPANHIA SECURITIZADORA DE CREDITOS FINANCEIROS VOLCANO é devedor/emissor de ativos de renda fixa no mercado de capitais.
39382913000155,39.382.913/0001-55,KOMPASS COMPANHIA SECURITIZADORA DE CREDITOS FINANCEIROS,KOMPASS COMPANHIA SECURITIZADORA DE CREDITOS FINANCEIROS,Financeiro,Emissor / Devedor,Ativo,,,,,Emissor / Devedor,KOMPASS COMPANHIA SECURITIZADORA DE CREDITOS FINANCEIROS é devedor/emissor de ativos de renda fixa no mercado de capitais.
39435090000189,39.435.090/0001-89,ANGULO45 EMPREENDIMENTOS S.A,ANGULO45 EMPREENDIMENTOS S.A,Energia Elétrica,Emissor / Devedor,Ativo,,,,,Emissor / Devedor,ANGULO45 EMPREENDIMENTOS S.A é devedor/emissor de ativos de renda fixa no mercado de capitais.
39540136000120,39.540.136/0001-20,RB COMMERCIAL PROPERTIES 61 EMPREENDIMENTOS IMOBILIARIOS S.A.,RB COMMERCIAL PROPERTIES 61 EMPREENDIMENTOS IMOBILIARIOS S.A.,Serviços Imobiliários,Emissor / Devedor,Ativo,,,,,Emissor / Devedor,RB COMMERCIAL PROPERTIES 61 EMPREENDIMENTOS IMOBILIARIOS S.A. é devedor/emissor de ativos de renda fixa no mercado de capitais.
39578864000120,39.578.864/0001-20,PROJETO LAKE S.A,PROJETO LAKE S.A,Saneamento,Emissor / Devedor,Ativo,,,,,Emissor / Devedor,PROJETO LAKE S.A é devedor/emissor de ativos de renda fixa no mercado de capitais.
39580673000101,39.580.673/0001-01,BRK AMBIENTAL - REGIAO METROPOLITANA DE MACEIO S.A.,BRK AMBIENTAL - REGIAO METROPOLITANA DE MACEIO S.A.,Saneamento,Emissor / Devedor,Ativo,,,,,Emissor / Devedor,BRK AMBIENTAL - REGIAO METROPOLITANA DE MACEIO S.A. é devedor/emissor de ativos de renda fixa no mercado de capitais.
39615622000160,39.615.622/0001-60,COMPANHIA SECURITIZADORA DE CREDITOS FINANCEIROS VOLCANO II,COMPANHIA SECURITIZADORA DE CREDITOS FINANCEIROS VOLCANO II,Financeiro,Emissor / Devedor,Ativo,,,,,Emissor / Devedor,COMPANHIA SECURITIZADORA DE CREDITOS FINANCEIROS VOLCANO II é devedor/emissor de ativos de renda fixa no mercado de capitais.
39617594000110,39.617.594/0001-10,RZK BIOGAS 02 SA.,RZK BIOGAS 02 SA.,Empreendimentos e Participações,Emissor / Devedor,Ativo,,,,,Emissor / Devedor,RZK BIOGAS 02 SA. é devedor/emissor de ativos de renda fixa no mercado de capitais.
39763833000140,39.763.833/0001-40,CONCESSIONARIA DE ILUMINACAO PUBLICA CONECTA ARACAJU S.A.,CONCESSIONARIA DE ILUMINACAO PUBLICA CONECTA ARACAJU S.A.,Energia Elétrica,Emissor / Devedor,Ativo,,,,,Emissor / Devedor,CONCESSIONARIA DE ILUMINACAO PUBLICA CONECTA ARACAJU S.A. é devedor/emissor de ativos de renda fixa no mercado de capitais.
39781156000192,39.781.156/0001-92,CONCESSIONARIA CONECTA FEIRA DE SANTANA SA,CONCESSIONARIA CONECTA FEIRA DE SANTANA SA,Energia Elétrica,Emissor / Devedor,Ativo,,,,,Emissor / Devedor,CONCESSIONARIA CONECTA FEIRA DE SANTANA SA é devedor/emissor de ativos de renda fixa no mercado de capitais.
39903325000110,39.903.325/0001-10,INTER HOLDING FINANCEIRA S.A.,INTER HOLDING FINANCEIRA S.A.,Empreendimentos e Participações,Emissor / Devedor,Ativo,,,,,Emissor / Devedor,INTER HOLDING FINANCEIRA S.A. é devedor/emissor de ativos de renda fixa no mercado de capitais.
40004380000157,40.004.380/0001-57,SOLFARMA SECURITIZADORA DE CREDITOS MERCANTIS S.A.,SOLFARMA SECURITIZADORA DE CREDITOS MERCANTIS S.A.,Financeiro,Emissor / Devedor,Ativo,,,,,Emissor / Devedor,SOLFARMA SECURITIZADORA DE CREDITOS MERCANTIS S.A. é devedor/emissor de ativos de renda fixa no mercado de capitais.
40004405000112,40.004.405/0001-12,TRAVESSIA SECURITIZADORA DE CREDITOS FINANCEIROS XXI S.A.,TRAVESSIA SECURITIZADORA DE CREDITOS FINANCEIROS XXI S.A.,Financeiro,Emissor / Devedor,Ativo,,,,,Emissor / Devedor,TRAVESSIA SECURITIZADORA DE CREDITOS FINANCEIROS XXI S.A. é devedor/emissor de ativos de renda fixa no mercado de capitais.
40120343000104,40.120.343/0001-04,PROXXIMA TELECOMUNICACOES S.A.,PROXXIMA TELECOMUNICACOES S.A.,TI e Telecomunicações,Emissor / Devedor,Ativo,,,,,Emissor / Devedor,PROXXIMA TELECOMUNICACOES S.A. é devedor/emissor de ativos de renda fixa no mercado de capitais.
40173398000182,40.173.398/0001-82,COMPANHIA SECURITIZADORA DE CREDITOS FINANCEIROS VERT 8,COMPANHIA SECURITIZADORA DE CREDITOS FINANCEIROS VERT 8,Financeiro,Emissor / Devedor,Ativo,,,,,Emissor / Devedor,COMPANHIA SECURITIZADORA DE CREDITOS FINANCEIROS VERT 8 é devedor/emissor de ativos de renda fixa no mercado de capitais.
40180943000168,40.180.943/0001-68,REFINARIA DE MANAUS S.A,REFINARIA DE MANAUS S.A,Petróleo e Gás,Emissor / Devedor,Ativo,,,,,Emissor / Devedor,REFINARIA DE MANAUS S.A é devedor/emissor de ativos de renda fixa no mercado de capitais.
40195572000198,40.195.572/0001-98,E1 SUBHOLDING S.A.,E1 SUBHOLDING S.A.,Empreendimentos e Participações,Emissor / Devedor,Ativo,,,,,Emissor / Devedor,E1 SUBHOLDING S.A. é devedor/emissor de ativos de renda fixa no mercado de capitais.
40215231000137,40.215.231/0001-37,MEZ 5 ENERGIA S.A.,MEZ 5 ENERGIA S.A.,Energia Elétrica,Emissor / Devedor,Ativo,,,,,Emissor / Devedor,MEZ 5 ENERGIA S.A. é devedor/emissor de ativos de renda fixa no mercado de capitais.
40215276000101,40.215.276/0001-01,MEZ 6 ENERGIA S.A.,MEZ 6 ENERGIA S.A.,Energia Elétrica,Emissor / Devedor,Ativo,,,,,Emissor / Devedor,MEZ 6 ENERGIA S.A. é devedor/emissor de ativos de renda fixa no mercado de capitais.
40336996000125,40.336.996/0001-25,O.A.M.S.P.E. EMPREENDIMENTOS E PARTICIPACOES SA,O.A.M.S.P.E. EMPREENDIMENTOS E PARTICIPACOES SA,Empreendimentos e Participações,Emissor / Devedor,Ativo,,,,,Emissor / Devedor,O.A.M.S.P.E. EMPREENDIMENTOS E PARTICIPACOES SA é devedor/emissor de ativos de renda fixa no mercado de capitais.
40480481000102,40.480.481/0001-02,RIO ALTO STL HOLDING I S.A,RIO ALTO STL HOLDING I S.A,Empreendimentos e Participações,Emissor / Devedor,Ativo,,,,,Emissor / Devedor,RIO ALTO STL HOLDING I S.A é devedor/emissor de ativos de renda fixa no mercado de capitais.
40593395000106,40.593.395/0001-06,IFIN PARTICIPACOES S.A.,IFIN PARTICIPACOES S.A.,Financeiro,Emissor / Devedor,Ativo,,,,,Emissor / Devedor,IFIN PARTICIPACOES S.A. é devedor/emissor de ativos de renda fixa no mercado de capitais.
40659026000160,40.659.026/0001-60,BREITENER HOLDING E PARTICIPACOES S.A.,BREITENER HOLDING E PARTICIPACOES S.A.,Empreendimentos e Participações,Emissor / Devedor,Ativo,,,,,Emissor / Devedor,BREITENER HOLDING E PARTICIPACOES S.A. é devedor/emissor de ativos de renda fixa no mercado de capitais.
40689824000135,40.689.824/0001-35,CIRANDA II HOLDING S.A.,CIRANDA II HOLDING S.A.,Empreendimentos e Participações,Emissor / Devedor,Ativo,,,,,Emissor / Devedor,CIRANDA II HOLDING S.A. é devedor/emissor de ativos de renda fixa no mercado de capitais.
40690178000126,40.690.178/0001-26,LAVRAS II HOLDING 2 S.A.,LAVRAS II HOLDING 2 S.A.,Empreendimentos e Participações,Emissor / Devedor,Ativo,,,,,Emissor / Devedor,LAVRAS II HOLDING 2 S.A. é devedor/emissor de ativos de renda fixa no mercado de capitais.
40699697000155,40.699.697/0001-55,LAVRAS II HOLDING S.A.,LAVRAS II HOLDING S.A.,Empreendimentos e Participações,Emissor / Devedor,Ativo,,,,,Emissor / Devedor,LAVRAS II HOLDING S.A. é devedor/emissor de ativos de renda fixa no mercado de capitais.
40885785000141,40.885.785/0001-41,COMPANHIA SECURITIZADORA DE CREDITOS FINANCEIROS VERT- UME,COMPANHIA SECURITIZADORA DE CREDITOS FINANCEIROS VERT- UME,Financeiro,Emissor / Devedor,Ativo,,,,,Emissor / Devedor,COMPANHIA SECURITIZADORA DE CREDITOS FINANCEIROS VERT- UME é devedor/emissor de ativos de renda fixa no mercado de capitais.
40997635000120,40.997.635/0001-20,TRAVESSIA SECURITIZADORA DE CREDITOS FINANCEIROS XXII S.A.,TRAVESSIA SECURITIZADORA DE CREDITOS FINANCEIROS XXII S.A.,Financeiro,Emissor / Devedor,Ativo,,,,,Emissor / Devedor,TRAVESSIA SECURITIZADORA DE CREDITOS FINANCEIROS XXII S.A. é devedor/emissor de ativos de renda fixa no mercado de capitais.
41315638000107,41.315.638/0001-07,CONCESSIONARIA DE RODOVIAS ROTA DOS GRAOS S/A,CONCESSIONARIA DE RODOVIAS ROTA DOS GRAOS S/A,Transporte e Logística,Emissor / Devedor,Ativo,,,,,Emissor / Devedor,CONCESSIONARIA DE RODOVIAS ROTA DOS GRAOS S/A é devedor/emissor de ativos de renda fixa no mercado de capitais.
41335131000107,41.335.131/0001-07,MOTTU I S.A,MOTTU I S.A,Indústria e Comércio,Emissor / Devedor,Ativo,,,,,Emissor / Devedor,MOTTU I S.A é devedor/emissor de ativos de renda fixa no mercado de capitais.
41508382000146,41.508.382/0001-46,RODOVIAS DO BRASIL HOLDING S.A.,RODOVIAS DO BRASIL HOLDING S.A.,Empreendimentos e Participações,Emissor / Devedor,Ativo,,,,,Emissor / Devedor,RODOVIAS DO BRASIL HOLDING S.A. é devedor/emissor de ativos de renda fixa no mercado de capitais.
41572391000104,41.572.391/0001-04,BOLTZMANN EMPREENDIMENTOS E PARTICIPACOES S.A,BOLTZMANN EMPREENDIMENTOS E PARTICIPACOES S.A,Empreendimentos e Participações,Emissor / Devedor,Ativo,,,,,Emissor / Devedor,BOLTZMANN EMPREENDIMENTOS E PARTICIPACOES S.A é devedor/emissor de ativos de renda fixa no mercado de capitais.
41643306000143,41.643.306/0001-43,CIRANDA II HOLDING 2 S.A.,CIRANDA II HOLDING 2 S.A.,Empreendimentos e Participações,Emissor / Devedor,Ativo,,,,,Emissor / Devedor,CIRANDA II HOLDING 2 S.A. é devedor/emissor de ativos de renda fixa no mercado de capitais.
41644220000135,41.644.220/0001-35,DB3 SERVICOS DE TELECOMUNICACOES S.A,DB3 SERVICOS DE TELECOMUNICACOES S.A,TI e Telecomunicações,Emissor / Devedor,Ativo,,,,,Emissor / Devedor,DB3 SERVICOS DE TELECOMUNICACOES S.A é devedor/emissor de ativos de renda fixa no mercado de capitais.
41719223000190,41.719.223/0001-90,TRAVESSIA E DELTA SECURITIZADORA DE CREDITOS MERCANTIS S.A.,TRAVESSIA E DELTA SECURITIZADORA DE CREDITOS MERCANTIS S.A.,Financeiro,Emissor / Devedor,Ativo,,,,,Emissor / Devedor,TRAVESSIA E DELTA SECURITIZADORA DE CREDITOS MERCANTIS S.A. é devedor/emissor de ativos de renda fixa no mercado de capitais.
41738810000127,41.738.810/0001-27,ESTRELA DO NORTE GERACAO DE ENERGIA SPE S.A,ESTRELA DO NORTE GERACAO DE ENERGIA SPE S.A,Energia Elétrica,Emissor / Devedor,Ativo,,,,,Emissor / Devedor,ESTRELA DO NORTE GERACAO DE ENERGIA SPE S.A é devedor/emissor de ativos de renda fixa no mercado de capitais.
41774224000138,41.774.224/0001-38,GBS PARTICIPACOES S.A.,GBS PARTICIPACOES S.A.,Empreendimentos e Participações,Emissor / Devedor,Ativo,,,,,Emissor / Devedor,GBS PARTICIPACOES S.A. é devedor/emissor de ativos de renda fixa no mercado de capitais.
41813235000180,41.813.235/0001-80,GREENYELLOW PERFORMANCE ENERGETICA S.A.,GREENYELLOW PERFORMANCE ENERGETICA S.A.,Energia Elétrica,Emissor / Devedor,Ativo,,,,,Emissor / Devedor,GREENYELLOW PERFORMANCE ENERGETICA S.A. é devedor/emissor de ativos de renda fixa no mercado de capitais.
41862720000143,41.862.720/0001-43,GRUPO PEREIRA SA,GRUPO PEREIRA SA,Comércio Atacadista e Varejista,Emissor / Devedor,Ativo,,,,,Emissor / Devedor,GRUPO PEREIRA SA é devedor/emissor de ativos de renda fixa no mercado de capitais.
41862766000162,41.862.766/0001-62,CIRANDA I HOLDING 2 S.A.,CIRANDA I HOLDING 2 S.A.,Empreendimentos e Participações,Emissor / Devedor,Ativo,,,,,Emissor / Devedor,CIRANDA I HOLDING 2 S.A. é devedor/emissor de ativos de renda fixa no mercado de capitais.
41886692000102,41.886.692/0001-02,CONCESSIONARIA ROTA DE SANTA MARIA S.A,CONCESSIONARIA ROTA DE SANTA MARIA S.A,Construção Civil,Emissor / Devedor,Ativo,,,,,Emissor / Devedor,CONCESSIONARIA ROTA DE SANTA MARIA S.A é devedor/emissor de ativos de renda fixa no mercado de capitais.
41890246000163,41.890.246/0001-63,FORTBRASIL SECURITIZADORA S.A.,FORTBRASIL SECURITIZADORA S.A.,Financeiro,Emissor / Devedor,Ativo,,,,,Emissor / Devedor,FORTBRASIL SECURITIZADORA S.A. é devedor/emissor de ativos de renda fixa no mercado de capitais.
41899757000146,41.899.757/0001-46,AG-08 PARTICIPACOES  S.A.,AG-08 PARTICIPACOES  S.A.,Empreendimentos e Participações,Emissor / Devedor,Ativo,,,,,Emissor / Devedor,AG-08 PARTICIPACOES  S.A. é devedor/emissor de ativos de renda fixa no mercado de capitais.
41934448000160,41.934.448/0001-60,SRC II COMPANHIA SECURITIZADORA DE CREDITOS FINANCEIROS,SRC II COMPANHIA SECURITIZADORA DE CREDITOS FINANCEIROS,Financeiro,Emissor / Devedor,Ativo,,,,,Emissor / Devedor,SRC II COMPANHIA SECURITIZADORA DE CREDITOS FINANCEIROS é devedor/emissor de ativos de renda fixa no mercado de capitais.
42113253000111,42.113.253/0001-11,ASTER INVESTIMENTOS S.A,ASTER INVESTIMENTOS S.A,Financeiro,Emissor / Devedor,Ativo,,,,,Emissor / Devedor,ASTER INVESTIMENTOS S.A é devedor/emissor de ativos de renda fixa no mercado de capitais.
42126994000137,42.126.994/0001-37,MENTAL HEALTH PARTICIPACOES S.A,MENTAL HEALTH PARTICIPACOES S.A,Empreendimentos e Participações,Emissor / Devedor,Ativo,,,,,Emissor / Devedor,MENTAL HEALTH PARTICIPACOES S.A é devedor/emissor de ativos de renda fixa no mercado de capitais.
42150391000170,42.150.391/0001-70,BRASKEM S/A,BRASKEM S/A,Química e Petroquímica,Emissor / Devedor,Ativo,,,,,Emissor / Devedor,BRASKEM S/A é devedor/emissor de ativos de renda fixa no mercado de capitais.
42152864000179,42.152.864/0001-79,THALASSIUS A033.21 PARTICIPACOES S.A.,THALASSIUS A033.21 PARTICIPACOES S.A.,Empreendimentos e Participações,Emissor / Devedor,Ativo,,,,,Emissor / Devedor,THALASSIUS A033.21 PARTICIPACOES S.A. é devedor/emissor de ativos de renda fixa no mercado de capitais.
42195692000110,42.195.692/0001-10,VERT-MONEY MONEY COMPANHIA SECURITIZADORA DE CREDITOS FINANCEIROS,VERT-MONEY MONEY COMPANHIA SECURITIZADORA DE CREDITOS FINANCEIROS,Renda Fixa / Crédito Privado,Emissor / Devedor,Ativo,,,,,Emissor / Devedor,VERT-MONEY MONEY COMPANHIA SECURITIZADORA DE CREDITOS FINANCEIROS é devedor/emissor de ativos de renda fixa no mercado de capitais.
42385499000142,42.385.499/0001-42,SERENA DESENVOLVIMENTO S.A,SERENA DESENVOLVIMENTO S.A,Energia Elétrica,Emissor / Devedor,Ativo,,,,,Emissor / Devedor,SERENA DESENVOLVIMENTO S.A é devedor/emissor de ativos de renda fixa no mercado de capitais.
42414912000150,42.414.912/0001-50,HILTON DO BRASIL S.A.,HILTON DO BRASIL S.A.,Empreendimentos e Participações,Emissor / Devedor,Ativo,,,,,Emissor / Devedor,HILTON DO BRASIL S.A. é devedor/emissor de ativos de renda fixa no mercado de capitais.
42509257000113,42.509.257/0001-13,MINERACAO CARAIBA S.A.,MINERACAO CARAIBA S.A.,Mineração,Emissor / Devedor,Ativo,,,,,Emissor / Devedor,MINERACAO CARAIBA S.A. é devedor/emissor de ativos de renda fixa no mercado de capitais.
42548035000100,42.548.035/0001-00,CONCESSIONARIA DOS AEROPORTOS DA AMAZONIA S.A.,CONCESSIONARIA DOS AEROPORTOS DA AMAZONIA S.A.,Transporte e Logística,Emissor / Devedor,Ativo,,,,,Emissor / Devedor,CONCESSIONARIA DOS AEROPORTOS DA AMAZONIA S.A. é devedor/emissor de ativos de renda fixa no mercado de capitais.
42579834000143,42.579.834/0001-43,MEZ T1 TRANSMISSORA E PARTICIPACOES S.A.,MEZ T1 TRANSMISSORA E PARTICIPACOES S.A.,Energia Elétrica,Emissor / Devedor,Ativo,,,,,Emissor / Devedor,MEZ T1 TRANSMISSORA E PARTICIPACOES S.A. é devedor/emissor de ativos de renda fixa no mercado de capitais.
42587182000199,42.587.182/0001-99,MC BRAZIL F&B PARTICIPACOES S.A.,MC BRAZIL F&B PARTICIPACOES S.A.,Empreendimentos e Participações,Emissor / Devedor,Ativo,,,,,Emissor / Devedor,MC BRAZIL F&B PARTICIPACOES S.A. é devedor/emissor de ativos de renda fixa no mercado de capitais.
42596330000131,42.596.330/0001-31,RDVE SUBHOLDING S.A.,RDVE SUBHOLDING S.A.,Empreendimentos e Participações,Emissor / Devedor,Ativo,,,,,Emissor / Devedor,RDVE SUBHOLDING S.A. é devedor/emissor de ativos de renda fixa no mercado de capitais.
42654267000142,42.654.267/0001-42,MC BRAZIL GALILEO PARTICIPACOES S.A,MC BRAZIL GALILEO PARTICIPACOES S.A,Empreendimentos e Participações,Emissor / Devedor,Ativo,,,,,Emissor / Devedor,MC BRAZIL GALILEO PARTICIPACOES S.A é devedor/emissor de ativos de renda fixa no mercado de capitais.
42712313000112,42.712.313/0001-12,VERTKOIN COMP SEC DE CRED FINANCEIROS,VERTKOIN COMP SEC DE CRED FINANCEIROS,Financeiro,Emissor / Devedor,Ativo,,,,,Emissor / Devedor,VERTKOIN COMP SEC DE CRED FINANCEIROS é devedor/emissor de ativos de renda fixa no mercado de capitais.
42771949000135,42.771.949/0001-35,CENTRO DE IMAGEM DIAGNOSTICOS S.A.,CENTRO DE IMAGEM DIAGNOSTICOS S.A.,Assistência Médica,Emissor / Devedor,Ativo,,,,,Emissor / Devedor,CENTRO DE IMAGEM DIAGNOSTICOS S.A. é devedor/emissor de ativos de renda fixa no mercado de capitais.
42771949001883,42.771.949/0018-83,ALLIANCA SAUDE E PARTICIPACOES S.A.,ALLIANCA SAUDE E PARTICIPACOES S.A.,Assistência Médica,Emissor / Devedor,Ativo,,,,,Emissor / Devedor,ALLIANCA SAUDE E PARTICIPACOES S.A. é devedor/emissor de ativos de renda fixa no mercado de capitais.
42914980000188,42.914.980/0001-88,PGE - CASCATA GERADORA DE ENERGIA S.A.,PGE - CASCATA GERADORA DE ENERGIA S.A.,Energia Elétrica,Emissor / Devedor,Ativo,,,,,Emissor / Devedor,PGE - CASCATA GERADORA DE ENERGIA S.A. é devedor/emissor de ativos de renda fixa no mercado de capitais.
43102277000138,43.102.277/0001-38,SOLFACIL SECURITIZADORA DE CREDITOS DO AGRONEGOCIO S.A.,SOLFACIL SECURITIZADORA DE CREDITOS DO AGRONEGOCIO S.A.,Financeiro,Emissor / Devedor,Ativo,,,,,Emissor / Devedor,SOLFACIL SECURITIZADORA DE CREDITOS DO AGRONEGOCIO S.A. é devedor/emissor de ativos de renda fixa no mercado de capitais.
43102521000162,43.102.521/0001-62,AMAZONIA SOLAR SECURITIZADORA DE CREDITOS FINANCEIROS,AMAZONIA SOLAR SECURITIZADORA DE CREDITOS FINANCEIROS,Financeiro,Emissor / Devedor,Ativo,,,,,Emissor / Devedor,AMAZONIA SOLAR SECURITIZADORA DE CREDITOS FINANCEIROS é devedor/emissor de ativos de renda fixa no mercado de capitais.
43261542000120,43.261.542/0001-20,PGE - GUARAU GERADORA DE ENERGIA S.A.,PGE - GUARAU GERADORA DE ENERGIA S.A.,Energia Elétrica,Emissor / Devedor,Ativo,,,,,Emissor / Devedor,PGE - GUARAU GERADORA DE ENERGIA S.A. é devedor/emissor de ativos de renda fixa no mercado de capitais.
43409450000145,43.409.450/0001-45,E1 SUBHOLDING 2 S.A.,E1 SUBHOLDING 2 S.A.,Empreendimentos e Participações,Emissor / Devedor,Ativo,,,,,Emissor / Devedor,E1 SUBHOLDING 2 S.A. é devedor/emissor de ativos de renda fixa no mercado de capitais.
43513998000130,43.513.998/0001-30,KAMARI PARTICIPACOES S.A.,KAMARI PARTICIPACOES S.A.,Empreendimentos e Participações,Emissor / Devedor,Ativo,,,,,Emissor / Devedor,KAMARI PARTICIPACOES S.A. é devedor/emissor de ativos de renda fixa no mercado de capitais.
43530613000143,43.530.613/0001-43,GAIA IMPACTO VIVENDA SECURITIZADORA DE CREDITOS FINANCEIROS S/A,GAIA IMPACTO VIVENDA SECURITIZADORA DE CREDITOS FINANCEIROS S/A,Financeiro,Emissor / Devedor,Ativo,,,,,Emissor / Devedor,GAIA IMPACTO VIVENDA SECURITIZADORA DE CREDITOS FINANCEIROS S/A é devedor/emissor de ativos de renda fixa no mercado de capitais.
43688224000140,43.688.224/0001-40,CB COMPANHIA SECURITIZADORA DE CREDITOS FINANCEIROS,CB COMPANHIA SECURITIZADORA DE CREDITOS FINANCEIROS,Financeiro,Emissor / Devedor,Ativo,,,,,Emissor / Devedor,CB COMPANHIA SECURITIZADORA DE CREDITOS FINANCEIROS é devedor/emissor de ativos de renda fixa no mercado de capitais.
43714857000186,43.714.857/0001-86,BRASIL BIOFUELS ACRE S/A,BRASIL BIOFUELS ACRE S/A,Energia Elétrica,Emissor / Devedor,Ativo,,,,,Emissor / Devedor,BRASIL BIOFUELS ACRE S/A é devedor/emissor de ativos de renda fixa no mercado de capitais.
43737145000182,43.737.145/0001-82,VERT-MAGALU CREDITO PESSOAL COMPANHIA SECURITIZADORA DE CREDITOS FINANCEIROS,VERT-MAGALU CREDITO PESSOAL COMPANHIA SECURITIZADORA DE CREDITOS FINANCEIROS,Financeiro,Emissor / Devedor,Ativo,,,,,Emissor / Devedor,VERT-MAGALU CREDITO PESSOAL COMPANHIA SECURITIZADORA DE CREDITOS FINANCEIROS é devedor/emissor de ativos de renda fixa no mercado de capitais.
43880268000178,43.880.268/0001-78,AXIS SOLARIX EMPR,AXIS SOLARIX EMPR,Empreendimentos e Participações,Emissor / Devedor,Ativo,,,,,Emissor / Devedor,AXIS SOLARIX EMPR é devedor/emissor de ativos de renda fixa no mercado de capitais.
44067725000172,44.067.725/0001-72,VIA BRASIL BR 163 CONCESSIONARIA DE RODOVIAS S.A.,VIA BRASIL BR 163 CONCESSIONARIA DE RODOVIAS S.A.,Transporte e Logística,Emissor / Devedor,Ativo,,,,,Emissor / Devedor,VIA BRASIL BR 163 CONCESSIONARIA DE RODOVIAS S.A. é devedor/emissor de ativos de renda fixa no mercado de capitais.
44121917000110,44.121.917/0001-10,ASCENSUS TV PAR SPE S.A.,ASCENSUS TV PAR SPE S.A.,Empreendimentos e Participações,Emissor / Devedor,Ativo,,,,,Emissor / Devedor,ASCENSUS TV PAR SPE S.A. é devedor/emissor de ativos de renda fixa no mercado de capitais.
44173962000118,44.173.962/0001-18,NAVI ENERGIAS SUSTENTAVEIS S.A.,NAVI ENERGIAS SUSTENTAVEIS S.A.,Energia Elétrica,Emissor / Devedor,Ativo,,,,,Emissor / Devedor,NAVI ENERGIAS SUSTENTAVEIS S.A. é devedor/emissor de ativos de renda fixa no mercado de capitais.
44256073000114,44.256.073/0001-14,SOLAR SERRA DO MEL B S/A,SOLAR SERRA DO MEL B S/A,Renda Fixa / Crédito Privado,Emissor / Devedor,Ativo,,,,,Emissor / Devedor,SOLAR SERRA DO MEL B S/A é devedor/emissor de ativos de renda fixa no mercado de capitais.
44379280000166,44.379.280/0001-66,TRAVESSIA SECURITIZADORA DE CREDITOS MERCANTIS VII S.A.,TRAVESSIA SECURITIZADORA DE CREDITOS MERCANTIS VII S.A.,Financeiro,Emissor / Devedor,Ativo,,,,,Emissor / Devedor,TRAVESSIA SECURITIZADORA DE CREDITOS MERCANTIS VII S.A. é devedor/emissor de ativos de renda fixa no mercado de capitais.
44649812000138,44.649.812/0001-38,NOTRE DAME INTERMEDICA SAUDE S/A,NOTRE DAME INTERMEDICA SAUDE S/A,Assistência Médica,Emissor / Devedor,Ativo,,,,,Emissor / Devedor,NOTRE DAME INTERMEDICA SAUDE S/A é devedor/emissor de ativos de renda fixa no mercado de capitais.
44650210000109,44.650.210/0001-09,CSIXERS 3 HOLDING S.A.,CSIXERS 3 HOLDING S.A.,Renda Fixa / Crédito Privado,Emissor / Devedor,Ativo,,,,,Emissor / Devedor,CSIXERS 3 HOLDING S.A. é devedor/emissor de ativos de renda fixa no mercado de capitais.
44762192000149,44.762.192/0001-49,GCB SECURITIZADORA S.A.,GCB SECURITIZADORA S.A.,Financeiro,Emissor / Devedor,Ativo,,,,,Emissor / Devedor,GCB SECURITIZADORA S.A. é devedor/emissor de ativos de renda fixa no mercado de capitais.
44841035000129,44.841.035/0001-29,SAP  SECURITIZADORA DE CREDITOS FINANCEIROS S.A.,SAP  SECURITIZADORA DE CREDITOS FINANCEIROS S.A.,Financeiro,Emissor / Devedor,Ativo,,,,,Emissor / Devedor,SAP  SECURITIZADORA DE CREDITOS FINANCEIROS S.A. é devedor/emissor de ativos de renda fixa no mercado de capitais.
44944668000162,44.944.668/0001-62,JUMIL - JUSTINO DE MORAIS IRMAOS S.A,JUMIL - JUSTINO DE MORAIS IRMAOS S.A,Máquinas e Equipamentos,Emissor / Devedor,Ativo,,,,,Emissor / Devedor,JUMIL - JUSTINO DE MORAIS IRMAOS S.A é devedor/emissor de ativos de renda fixa no mercado de capitais.
45024644000158,45.024.644/0001-58,CAJUINA AB1 HOLDINGS S.A.,CAJUINA AB1 HOLDINGS S.A.,Empreendimentos e Participações,Emissor / Devedor,Ativo,,,,,Emissor / Devedor,CAJUINA AB1 HOLDINGS S.A. é devedor/emissor de ativos de renda fixa no mercado de capitais.
45741898000197,45.741.898/0001-97,TRAVESSIA SECURITIZADORA DE CREDITOS FINANCEIROS XXV S.A.,TRAVESSIA SECURITIZADORA DE CREDITOS FINANCEIROS XXV S.A.,Financeiro,Emissor / Devedor,Ativo,,,,,Emissor / Devedor,TRAVESSIA SECURITIZADORA DE CREDITOS FINANCEIROS XXV S.A. é devedor/emissor de ativos de renda fixa no mercado de capitais.
45870799000105,45.870.799/0001-05,AXS ENERGIA UNIDADE 02 S.A.,AXS ENERGIA UNIDADE 02 S.A.,Energia Elétrica,Emissor / Devedor,Ativo,,,,,Emissor / Devedor,AXS ENERGIA UNIDADE 02 S.A. é devedor/emissor de ativos de renda fixa no mercado de capitais.
46054219000174,46.054.219/0001-74,SOLFARMA COMERCIO DE PRODUTOS FARMACEUTICOS S/A,SOLFARMA COMERCIO DE PRODUTOS FARMACEUTICOS S/A,Indústria e Comércio,Emissor / Devedor,Ativo,,,,,Emissor / Devedor,SOLFARMA COMERCIO DE PRODUTOS FARMACEUTICOS S/A é devedor/emissor de ativos de renda fixa no mercado de capitais.
46077051000112,46.077.051/0001-12,TRAVESSIA SECURITIZADORA DE CREDITOS FINANCEIROS XXIX S.A.,TRAVESSIA SECURITIZADORA DE CREDITOS FINANCEIROS XXIX S.A.,Financeiro,Emissor / Devedor,Ativo,,,,,Emissor / Devedor,TRAVESSIA SECURITIZADORA DE CREDITOS FINANCEIROS XXIX S.A. é devedor/emissor de ativos de renda fixa no mercado de capitais.
46081128000128,46.081.128/0001-28,TRAVESSIA SECURITIZADORA DE CREDITOS FINANCEIROS XXVII S.A,TRAVESSIA SECURITIZADORA DE CREDITOS FINANCEIROS XXVII S.A,Financeiro,Emissor / Devedor,Ativo,,,,,Emissor / Devedor,TRAVESSIA SECURITIZADORA DE CREDITOS FINANCEIROS XXVII S.A é devedor/emissor de ativos de renda fixa no mercado de capitais.
46642596000124,46.642.596/0001-24,MUTUAL CREDITO SOLAR I COMPANHIA SECURITIZADORA DE CREDITOS FINANCEIROS,MUTUAL CREDITO SOLAR I COMPANHIA SECURITIZADORA DE CREDITOS FINANCEIROS,Financeiro,Emissor / Devedor,Ativo,,,,,Emissor / Devedor,MUTUAL CREDITO SOLAR I COMPANHIA SECURITIZADORA DE CREDITOS FINANCEIROS é devedor/emissor de ativos de renda fixa no mercado de capitais.
46791648000124,46.791.648/0001-24,CENTRAL CAPITAL GESTAO DE RECURSOS S.A.,CENTRAL CAPITAL GESTAO DE RECURSOS S.A.,Empreendimentos e Participações,Emissor / Devedor,Ativo,,,,,Emissor / Devedor,CENTRAL CAPITAL GESTAO DE RECURSOS S.A. é devedor/emissor de ativos de renda fixa no mercado de capitais.
47080619000117,47.080.619/0001-17,TEREOS ACUCAR E ENERGIA BRASIL S.A.,TEREOS ACUCAR E ENERGIA BRASIL S.A.,Alimentos e Bebidas,Emissor / Devedor,Ativo,,,,,Emissor / Devedor,TEREOS ACUCAR E ENERGIA BRASIL S.A. é devedor/emissor de ativos de renda fixa no mercado de capitais.
47193149000106,47.193.149/0001-06,SANTANDER LEASING S/A ARRENDAMENTO MERCANTIL,SANTANDER LEASING S/A ARRENDAMENTO MERCANTIL,Financeiro,Emissor / Devedor,Ativo,,,,,Emissor / Devedor,SANTANDER LEASING S/A ARRENDAMENTO MERCANTIL é devedor/emissor de ativos de renda fixa no mercado de capitais.
47256820000102,47.256.820/0001-02,BZ EMPREENDIMENTOS E PARTICIPACOES S.A.,BZ EMPREENDIMENTOS E PARTICIPACOES S.A.,Empreendimentos e Participações,Emissor / Devedor,Ativo,,,,,Emissor / Devedor,BZ EMPREENDIMENTOS E PARTICIPACOES S.A. é devedor/emissor de ativos de renda fixa no mercado de capitais.
47427653000115,47.427.653/0001-15,MAKRO ATACADISTA SOCIEDADE ANONIMA,MAKRO ATACADISTA SOCIEDADE ANONIMA,Comércio Atacadista e Varejista,Emissor / Devedor,Ativo,,,,,Emissor / Devedor,MAKRO ATACADISTA SOCIEDADE ANONIMA é devedor/emissor de ativos de renda fixa no mercado de capitais.
47509120000182,47.509.120/0001-82,BRADESCO LEASING S/A - ARRENDAMENTO MERCANTIL,BRADESCO LEASING S/A - ARRENDAMENTO MERCANTIL,Financeiro,Emissor / Devedor,Ativo,,,,,Emissor / Devedor,BRADESCO LEASING S/A - ARRENDAMENTO MERCANTIL é devedor/emissor de ativos de renda fixa no mercado de capitais.
47957696000102,47.957.696/0001-02,TRACTUS CAPITAL INVESTIMENTOS E PARTICIPACOES DEBTCO S.A.,TRACTUS CAPITAL INVESTIMENTOS E PARTICIPACOES DEBTCO S.A.,Empreendimentos e Participações,Emissor / Devedor,Ativo,,,,,Emissor / Devedor,TRACTUS CAPITAL INVESTIMENTOS E PARTICIPACOES DEBTCO S.A. é devedor/emissor de ativos de renda fixa no mercado de capitais.
47965456000150,47.965.456/0001-50,TRAVESSIA SECURITIZADORA DE CREDITOS FINANCEIROS XXXII S.A.,TRAVESSIA SECURITIZADORA DE CREDITOS FINANCEIROS XXXII S.A.,Financeiro,Emissor / Devedor,Ativo,,,,,Emissor / Devedor,TRAVESSIA SECURITIZADORA DE CREDITOS FINANCEIROS XXXII S.A. é devedor/emissor de ativos de renda fixa no mercado de capitais.
48114367000162,48.114.367/0001-62,LAZAM-MDS CORRETORA E ADMINISTRADORA DE SEGUROS S/A,LAZAM-MDS CORRETORA E ADMINISTRADORA DE SEGUROS S/A,Financeiro,Emissor / Devedor,Ativo,,,,,Emissor / Devedor,LAZAM-MDS CORRETORA E ADMINISTRADORA DE SEGUROS S/A é devedor/emissor de ativos de renda fixa no mercado de capitais.
48255552000177,48.255.552/0001-77,NOVO CARACOL E TAINHAS S.A.,NOVO CARACOL E TAINHAS S.A.,Indústria e Comércio,Emissor / Devedor,Ativo,,,,,Emissor / Devedor,NOVO CARACOL E TAINHAS S.A. é devedor/emissor de ativos de renda fixa no mercado de capitais.
48344725000719,48.344.725/0007-19,ALTHAIA S.A. INDUSTRIA FARMACEUTICA,ALTHAIA S.A. INDUSTRIA FARMACEUTICA,Indústria e Comércio,Emissor / Devedor,Ativo,,,,,Emissor / Devedor,ALTHAIA S.A. INDUSTRIA FARMACEUTICA é devedor/emissor de ativos de renda fixa no mercado de capitais.
49263189000102,49.263.189/0001-02,HELBOR EMPREENDIMENTOS S.A.,HELBOR EMPREENDIMENTOS S.A.,Construção Civil,Emissor / Devedor,Ativo,,,,,Emissor / Devedor,HELBOR EMPREENDIMENTOS S.A. é devedor/emissor de ativos de renda fixa no mercado de capitais.
49323314000114,49.323.314/0001-14,SOMOS SISTEMAS DE ENSINO S/A,SOMOS SISTEMAS DE ENSINO S/A,Outros Serviços,Emissor / Devedor,Ativo,,,,,Emissor / Devedor,SOMOS SISTEMAS DE ENSINO S/A é devedor/emissor de ativos de renda fixa no mercado de capitais.
49669856000143,49.669.856/0001-43,VESTE S.A. ESTILO,VESTE S.A. ESTILO,Comércio Atacadista e Varejista,Emissor / Devedor,Ativo,,,,,Emissor / Devedor,VESTE S.A. ESTILO é devedor/emissor de ativos de renda fixa no mercado de capitais.
50252998000190,50.252.998/0001-90,CURA – CENTRO DE ULTRASSONOGRAFIA E RADIOLOGIA S.A.,CURA – CENTRO DE ULTRASSONOGRAFIA E RADIOLOGIA S.A.,Assistência Médica,Emissor / Devedor,Ativo,,,,,Emissor / Devedor,CURA – CENTRO DE ULTRASSONOGRAFIA E RADIOLOGIA S.A. é devedor/emissor de ativos de renda fixa no mercado de capitais.
50955707000120,50.955.707/0001-20,HEINZ BRASIL S/A,HEINZ BRASIL S/A,Alimentos e Bebidas,Emissor / Devedor,Ativo,,,,,Emissor / Devedor,HEINZ BRASIL S/A é devedor/emissor de ativos de renda fixa no mercado de capitais.
52164662000109,52.164.662/0001-09,CENTRO PAULISTA DE ONCOLOGIA S.A.,CENTRO PAULISTA DE ONCOLOGIA S.A.,Assistência Médica,Emissor / Devedor,Ativo,,,,,Emissor / Devedor,CENTRO PAULISTA DE ONCOLOGIA S.A. é devedor/emissor de ativos de renda fixa no mercado de capitais.
52541307000101,52.541.307/0001-01,HELIO BORENSTEIN S/A ADMINISTRACAO PARTICIPACOES E COMERCIO,HELIO BORENSTEIN S/A ADMINISTRACAO PARTICIPACOES E COMERCIO,Serviços Imobiliários,Emissor / Devedor,Ativo,,,,,Emissor / Devedor,HELIO BORENSTEIN S/A ADMINISTRACAO PARTICIPACOES E COMERCIO é devedor/emissor de ativos de renda fixa no mercado de capitais.
54470679000101,54.470.679/0001-01,USINA BATATAIS S/A ACUCAR E ALCOOL,USINA BATATAIS S/A ACUCAR E ALCOOL,Bioenergia,Emissor / Devedor,Ativo,,,,,Emissor / Devedor,USINA BATATAIS S/A ACUCAR E ALCOOL é devedor/emissor de ativos de renda fixa no mercado de capitais.
56444250000175,56.444.250/0001-75,HAUSCENTER S/A,HAUSCENTER S/A,Indústria e Comércio,Emissor / Devedor,Ativo,,,,,Emissor / Devedor,HAUSCENTER S/A é devedor/emissor de ativos de renda fixa no mercado de capitais.
56993900000131,56.993.900/0001-31,COMPANHIA METALURGICA PRADA,COMPANHIA METALURGICA PRADA,Metalurgia e Siderurgia,Emissor / Devedor,Ativo,,,,,Emissor / Devedor,COMPANHIA METALURGICA PRADA é devedor/emissor de ativos de renda fixa no mercado de capitais.
57505766000145,57.505.766/0001-45,SOSU SECURITIZADORA S.A.,SOSU SECURITIZADORA S.A.,Renda Fixa / Crédito Privado,Emissor / Devedor,Ativo,,,,,Emissor / Devedor,SOSU SECURITIZADORA S.A. é devedor/emissor de ativos de renda fixa no mercado de capitais.
57507378000365,57.507.378/0003-65,EMS S/A,EMS S/A,Indústria e Comércio,Emissor / Devedor,Ativo,,,,,Emissor / Devedor,EMS S/A é devedor/emissor de ativos de renda fixa no mercado de capitais.
57559387000138,57.559.387/0001-38,VERZANI & SANDRINI S.A,VERZANI & SANDRINI S.A,Outros Serviços,Emissor / Devedor,Ativo,,,,,Emissor / Devedor,VERZANI & SANDRINI S.A é devedor/emissor de ativos de renda fixa no mercado de capitais.
58478624000107,58.478.624/0001-07,BRAZIL GREEN OPPORTUNITIES PARTICIPACOES S.A,BRAZIL GREEN OPPORTUNITIES PARTICIPACOES S.A,Empreendimentos e Participações,Emissor / Devedor,Ativo,,,,,Emissor / Devedor,BRAZIL GREEN OPPORTUNITIES PARTICIPACOES S.A é devedor/emissor de ativos de renda fixa no mercado de capitais.
59981829000165,59.981.829/0001-65,RODOBENS S.A,RODOBENS S.A,Empreendimentos e Participações,Emissor / Devedor,Ativo,,,,,Emissor / Devedor,RODOBENS S.A é devedor/emissor de ativos de renda fixa no mercado de capitais.
60114865000100,60.114.865/0001-00,AFINZ INSTITUICAO DE PAGAMENTO S.A.,AFINZ INSTITUICAO DE PAGAMENTO S.A.,Financeiro,Emissor / Devedor,Ativo,,,,,Emissor / Devedor,AFINZ INSTITUICAO DE PAGAMENTO S.A. é devedor/emissor de ativos de renda fixa no mercado de capitais.
60398369000126,60.398.369/0001-26,PARANAPANEMA S/A,PARANAPANEMA S/A,Metalurgia e Siderurgia,Emissor / Devedor,Ativo,,,,,Emissor / Devedor,PARANAPANEMA S/A é devedor/emissor de ativos de renda fixa no mercado de capitais.
60444437000146,60.444.437/0001-46,LIGHT SERVICOS DE ELETRICIDADE S/A,LIGHT SERVICOS DE ELETRICIDADE S/A,Energia Elétrica,Emissor / Devedor,Ativo,,,,,Emissor / Devedor,LIGHT SERVICOS DE ELETRICIDADE S/A é devedor/emissor de ativos de renda fixa no mercado de capitais.
60583456000153,60.583.456/0001-53,KANASTRA-4 COMPANHIA SECURITIZADORA DE CREDITOS FINANCEIROS,KANASTRA-4 COMPANHIA SECURITIZADORA DE CREDITOS FINANCEIROS,Financeiro,Emissor / Devedor,Ativo,,,,,Emissor / Devedor,KANASTRA-4 COMPANHIA SECURITIZADORA DE CREDITOS FINANCEIROS é devedor/emissor de ativos de renda fixa no mercado de capitais.
61009143000159,61.009.143/0001-59,OPEA SPE 02 COMPANHIA SECURITIZADORA DE CREDITOS FINANCEIROS - AGIBANK,OPEA SPE 02 COMPANHIA SECURITIZADORA DE CREDITOS FINANCEIROS - AGIBANK,Financeiro,Emissor / Devedor,Ativo,,,,,Emissor / Devedor,OPEA SPE 02 COMPANHIA SECURITIZADORA DE CREDITOS FINANCEIROS - AGIBANK é devedor/emissor de ativos de renda fixa no mercado de capitais.
61065199000120,61.065.199/0001-20,OCRIM S. A. PRODUTOS ALIMENTICIOS,OCRIM S. A. PRODUTOS ALIMENTICIOS,Alimentos e Bebidas,Emissor / Devedor,Ativo,,,,,Emissor / Devedor,OCRIM S. A. PRODUTOS ALIMENTICIOS é devedor/emissor de ativos de renda fixa no mercado de capitais.
61088894000108,61.088.894/0001-08,CAMBUCI S/A,CAMBUCI S/A,Comércio Atacadista e Varejista,Emissor / Devedor,Ativo,,,,,Emissor / Devedor,CAMBUCI S/A é devedor/emissor de ativos de renda fixa no mercado de capitais.
61099834000190,61.099.834/0001-90,ARTHUR LUNDGREN TECIDOS S.A. - CASAS PERNAMBUCANAS,ARTHUR LUNDGREN TECIDOS S.A. - CASAS PERNAMBUCANAS,Comércio Atacadista e Varejista,Emissor / Devedor,Ativo,,,,,Emissor / Devedor,ARTHUR LUNDGREN TECIDOS S.A. - CASAS PERNAMBUCANAS é devedor/emissor de ativos de renda fixa no mercado de capitais.
61101895000145,61.101.895/0001-45,SANTHER - FABRICA DE PAPEL SANTA THEREZINHA S/A,SANTHER - FABRICA DE PAPEL SANTA THEREZINHA S/A,Papel e Celulose,Emissor / Devedor,Ativo,,,,,Emissor / Devedor,SANTHER - FABRICA DE PAPEL SANTA THEREZINHA S/A é devedor/emissor de ativos de renda fixa no mercado de capitais.
61189288000189,61.189.288/0001-89,MARISA LOJAS S/A,MARISA LOJAS S/A,Comércio Atacadista e Varejista,Emissor / Devedor,Ativo,,,,,Emissor / Devedor,MARISA LOJAS S/A é devedor/emissor de ativos de renda fixa no mercado de capitais.
61412110000155,61.412.110/0001-55,DROGARIA SAO PAULO S/A,DROGARIA SAO PAULO S/A,Comércio Atacadista e Varejista,Emissor / Devedor,Ativo,,,,,Emissor / Devedor,DROGARIA SAO PAULO S/A é devedor/emissor de ativos de renda fixa no mercado de capitais.
61563557000125,61.563.557/0001-25,EMPRESA DE ONIBUS PASSARO MARRON S/A,EMPRESA DE ONIBUS PASSARO MARRON S/A,Renda Fixa / Crédito Privado,Emissor / Devedor,Ativo,,,,,Emissor / Devedor,EMPRESA DE ONIBUS PASSARO MARRON S/A é devedor/emissor de ativos de renda fixa no mercado de capitais.
61584140000149,61.584.140/0001-49,REDE ENERGIA PARTICIPACOES S.A,REDE ENERGIA PARTICIPACOES S.A,Energia Elétrica,Emissor / Devedor,Ativo,,,,,Emissor / Devedor,REDE ENERGIA PARTICIPACOES S.A é devedor/emissor de ativos de renda fixa no mercado de capitais.
62063177000194,62.063.177/0001-94,SAFRA LEASING S/A ARREND MERCANTIL,SAFRA LEASING S/A ARREND MERCANTIL,Financeiro,Emissor / Devedor,Ativo,,,,,Emissor / Devedor,SAFRA LEASING S/A ARREND MERCANTIL é devedor/emissor de ativos de renda fixa no mercado de capitais.
62070362000106,62.070.362/0001-06,COMPANHIA DO METROPOLITANO DE SAO PAULO,COMPANHIA DO METROPOLITANO DE SAO PAULO,Transporte e Logística,Emissor / Devedor,Ativo,,,,,Emissor / Devedor,COMPANHIA DO METROPOLITANO DE SAO PAULO é devedor/emissor de ativos de renda fixa no mercado de capitais.
62258884000136,62.258.884/0001-36,INTERCEMENT BRASIL S.A.,INTERCEMENT BRASIL S.A.,Materiais de Construção e Agregados,Emissor / Devedor,Ativo,,,,,Emissor / Devedor,INTERCEMENT BRASIL S.A. é devedor/emissor de ativos de renda fixa no mercado de capitais.
62462015000129,62.462.015/0001-29,APSEN FARMACEUTICA S.A.,APSEN FARMACEUTICA S.A.,Comércio Atacadista e Varejista,Emissor / Devedor,Ativo,,,,,Emissor / Devedor,APSEN FARMACEUTICA S.A. é devedor/emissor de ativos de renda fixa no mercado de capitais.
62901210000108,62.901.210/0001-08,BROTO LEGAL ALIMENTOS SA,BROTO LEGAL ALIMENTOS SA,Alimentos e Bebidas,Emissor / Devedor,Ativo,,,,,Emissor / Devedor,BROTO LEGAL ALIMENTOS SA é devedor/emissor de ativos de renda fixa no mercado de capitais.
64904295000103,64.904.295/0001-03,CAMIL ALIMENTOS S/A,CAMIL ALIMENTOS S/A,Alimentos e Bebidas,Emissor / Devedor,Ativo,,,,,Emissor / Devedor,CAMIL ALIMENTOS S/A é devedor/emissor de ativos de renda fixa no mercado de capitais.
65654303000173,65.654.303/0001-73,DIBENS LEASING S/A ARRENDAMENTO MERCANTIL,DIBENS LEASING S/A ARRENDAMENTO MERCANTIL,Financeiro,Emissor / Devedor,Ativo,,,,,Emissor / Devedor,DIBENS LEASING S/A ARRENDAMENTO MERCANTIL é devedor/emissor de ativos de renda fixa no mercado de capitais.
66635780000154,66.635.780/0001-54,MOROCO PARTICIPACOES E COMERCIO S.A.,MOROCO PARTICIPACOES E COMERCIO S.A.,Serviços Imobiliários,Emissor / Devedor,Ativo,,,,,Emissor / Devedor,MOROCO PARTICIPACOES E COMERCIO S.A. é devedor/emissor de ativos de renda fixa no mercado de capitais.
67571414000141,67.571.414/0001-41,VIVER INCORPORADORA E CONSTRUTORA S/A,VIVER INCORPORADORA E CONSTRUTORA S/A,Construção Civil,Emissor / Devedor,Ativo,,,,,Emissor / Devedor,VIVER INCORPORADORA E CONSTRUTORA S/A é devedor/emissor de ativos de renda fixa no mercado de capitais.
67760702000144,67.760.702/0001-44,HSBX BAURU EMPREENDIMENTOS S/A,HSBX BAURU EMPREENDIMENTOS S/A,Outros Serviços,Emissor / Devedor,Ativo,,,,,Emissor / Devedor,HSBX BAURU EMPREENDIMENTOS S/A é devedor/emissor de ativos de renda fixa no mercado de capitais.
67945071000138,67.945.071/0001-38,SAPORE S/A,SAPORE S/A,Comércio Atacadista e Varejista,Emissor / Devedor,Ativo,,,,,Emissor / Devedor,SAPORE S/A é devedor/emissor de ativos de renda fixa no mercado de capitais.
68093095000179,68.093.095/0001-79,FROOTY COMERCIO E INDUSTRIA DE ALIMENTOS S.A...,FROOTY COMERCIO E INDUSTRIA DE ALIMENTOS S.A...,Alimentos e Bebidas,Emissor / Devedor,Ativo,,,,,Emissor / Devedor,FROOTY COMERCIO E INDUSTRIA DE ALIMENTOS S.A... é devedor/emissor de ativos de renda fixa no mercado de capitais.
68737857000122,68.737.857/0001-22,RBS PARTICIPACOES S.A.,RBS PARTICIPACOES S.A.,Comunicação,Emissor / Devedor,Ativo,,,,,Emissor / Devedor,RBS PARTICIPACOES S.A. é devedor/emissor de ativos de renda fixa no mercado de capitais.
71324784000151,71.324.784/0001-51,USINA SANTO ANTONIO S/A,USINA SANTO ANTONIO S/A,Bioenergia,Emissor / Devedor,Ativo,,,,,Emissor / Devedor,USINA SANTO ANTONIO S/A é devedor/emissor de ativos de renda fixa no mercado de capitais.
71738132000163,71.738.132/0001-63,MTEL TECNOLOGIA S/A,MTEL TECNOLOGIA S/A,TI e Telecomunicações,Emissor / Devedor,Ativo,,,,,Emissor / Devedor,MTEL TECNOLOGIA S/A é devedor/emissor de ativos de renda fixa no mercado de capitais.
71923304000179,71.923.304/0001-79,AGORA SOLUCOES EM TECNOLOGIA DA INFORMACAO E COMUNICACAO S A,AGORA SOLUCOES EM TECNOLOGIA DA INFORMACAO E COMUNICACAO S A,Comércio Atacadista e Varejista,Emissor / Devedor,Ativo,,,,,Emissor / Devedor,AGORA SOLUCOES EM TECNOLOGIA DA INFORMACAO E COMUNICACAO S A é devedor/emissor de ativos de renda fixa no mercado de capitais.
73178600000118,73.178.600/0001-18,CYRELA BRAZIL REALTY S/A EMPREENDIMENTOS E PARTICIPACOES,CYRELA BRAZIL REALTY S/A EMPREENDIMENTOS E PARTICIPACOES,Construção Civil,Emissor / Devedor,Ativo,,,,,Emissor / Devedor,CYRELA BRAZIL REALTY S/A EMPREENDIMENTOS E PARTICIPACOES é devedor/emissor de ativos de renda fixa no mercado de capitais.
73849952000158,73.849.952/0001-58,ATAKAREJO DISTRIBUIDOR DE ALIMENTOS E BEBIDAS  S.A.,ATAKAREJO DISTRIBUIDOR DE ALIMENTOS E BEBIDAS  S.A.,Comércio Atacadista e Varejista,Emissor / Devedor,Ativo,,,,,Emissor / Devedor,ATAKAREJO DISTRIBUIDOR DE ALIMENTOS E BEBIDAS  S.A. é devedor/emissor de ativos de renda fixa no mercado de capitais.
73903718000161,73.903.718/0001-61,S.N.B.  PARTICIPACOES S/A,S.N.B.  PARTICIPACOES S/A,Serviços Imobiliários,Emissor / Devedor,Ativo,,,,,Emissor / Devedor,S.N.B.  PARTICIPACOES S/A é devedor/emissor de ativos de renda fixa no mercado de capitais.
74552068000110,74.552.068/0001-10,CPQ BRASIL S/A,CPQ BRASIL S/A,Comércio Atacadista e Varejista,Emissor / Devedor,Ativo,,,,,Emissor / Devedor,CPQ BRASIL S/A é devedor/emissor de ativos de renda fixa no mercado de capitais.
76204130000108,76.204.130/0001-08,FOSPAR S.A.,FOSPAR S.A.,Química e Petroquímica,Emissor / Devedor,Ativo,,,,,Emissor / Devedor,FOSPAR S.A. é devedor/emissor de ativos de renda fixa no mercado de capitais.
76483817000120,76.483.817/0001-20,COMPANHIA PARANAENSE DE ENERGIA-COPEL,COMPANHIA PARANAENSE DE ENERGIA-COPEL,Energia Elétrica,Emissor / Devedor,Ativo,,,,,Emissor / Devedor,COMPANHIA PARANAENSE DE ENERGIA-COPEL é devedor/emissor de ativos de renda fixa no mercado de capitais.
76535764000143,76.535.764/0001-43,OI S/A – EM RECUPERACAO JUDICIAL,OI S/A – EM RECUPERACAO JUDICIAL,TI e Telecomunicações,Emissor / Devedor,Ativo,,,,,Emissor / Devedor,OI S/A – EM RECUPERACAO JUDICIAL é devedor/emissor de ativos de renda fixa no mercado de capitais.
77591402000132,77.591.402/0001-32,JOTA ELE CONSTRUCOES CIVIS S.A.,JOTA ELE CONSTRUCOES CIVIS S.A.,Renda Fixa / Crédito Privado,Emissor / Devedor,Ativo,,,,,Emissor / Devedor,JOTA ELE CONSTRUCOES CIVIS S.A. é devedor/emissor de ativos de renda fixa no mercado de capitais.
77941490000155,77.941.490/0001-55,GAZIN INDUSTRIA E COMERCIO DE MOVEIS E ELETRODOMESTICOS S.A.,GAZIN INDUSTRIA E COMERCIO DE MOVEIS E ELETRODOMESTICOS S.A.,Comércio Atacadista e Varejista,Emissor / Devedor,Ativo,,,,,Emissor / Devedor,GAZIN INDUSTRIA E COMERCIO DE MOVEIS E ELETRODOMESTICOS S.A. é devedor/emissor de ativos de renda fixa no mercado de capitais.
78958717000138,78.958.717/0001-38,ROMAGNOLE PRODUTOS ELETRICOS S.A.,ROMAGNOLE PRODUTOS ELETRICOS S.A.,Energia Elétrica,Emissor / Devedor,Ativo,,,,,Emissor / Devedor,ROMAGNOLE PRODUTOS ELETRICOS S.A. é devedor/emissor de ativos de renda fixa no mercado de capitais.
79038097000181,79.038.097/0001-81,BELAGRICOLA COMERCIO E REPRESENTACOES DE PRODUTOS AGRICOLAS S.A.,BELAGRICOLA COMERCIO E REPRESENTACOES DE PRODUTOS AGRICOLAS S.A.,Alimentos e Bebidas,Emissor / Devedor,Ativo,,,,,Emissor / Devedor,BELAGRICOLA COMERCIO E REPRESENTACOES DE PRODUTOS AGRICOLAS S.A. é devedor/emissor de ativos de renda fixa no mercado de capitais.
79379491000183,79.379.491/0001-83,HAVAN S.A.,HAVAN S.A.,Comércio Atacadista e Varejista,Emissor / Devedor,Ativo,,,,,Emissor / Devedor,HAVAN S.A. é devedor/emissor de ativos de renda fixa no mercado de capitais.
79655916000130,79.655.916/0001-30,CECRISA REVESTIMENTOS CERAMICOS S/A,CECRISA REVESTIMENTOS CERAMICOS S/A,Indústria e Comércio,Emissor / Devedor,Ativo,,,,,Emissor / Devedor,CECRISA REVESTIMENTOS CERAMICOS S/A é devedor/emissor de ativos de renda fixa no mercado de capitais.
81106957000119,81.106.957/0001-19,DESCARBONIZE SOLUCOES S.A.,DESCARBONIZE SOLUCOES S.A.,Energia Elétrica,Emissor / Devedor,Ativo,,,,,Emissor / Devedor,DESCARBONIZE SOLUCOES S.A. é devedor/emissor de ativos de renda fixa no mercado de capitais.
81243735000148,81.243.735/0001-48,POSITIVO TECNOLOGIA S.A,POSITIVO TECNOLOGIA S.A,Indústria e Comércio,Emissor / Devedor,Ativo,,,,,Emissor / Devedor,POSITIVO TECNOLOGIA S.A é devedor/emissor de ativos de renda fixa no mercado de capitais.
81303463000124,81.303.463/0001-24,TEXTIL FARBE SA,TEXTIL FARBE SA,Têxtil e Calçados,Emissor / Devedor,Ativo,,,,,Emissor / Devedor,TEXTIL FARBE SA é devedor/emissor de ativos de renda fixa no mercado de capitais.
81315426000136,81.315.426/0001-36,TUPER S.A.,TUPER S.A.,Indústria e Comércio,Emissor / Devedor,Ativo,,,,,Emissor / Devedor,TUPER S.A. é devedor/emissor de ativos de renda fixa no mercado de capitais.
81616807000155,81.616.807/0001-55,GRANJA FARIA S.A,GRANJA FARIA S.A,Alimentos e Bebidas,Emissor / Devedor,Ativo,,,,,Emissor / Devedor,GRANJA FARIA S.A é devedor/emissor de ativos de renda fixa no mercado de capitais.
81716144000140,81.716.144/0001-40,ROCHA TERMINAIS PORTUARIOS E LOGISTICA S/A,ROCHA TERMINAIS PORTUARIOS E LOGISTICA S/A,Transporte e Logística,Emissor / Devedor,Ativo,,,,,Emissor / Devedor,ROCHA TERMINAIS PORTUARIOS E LOGISTICA S/A é devedor/emissor de ativos de renda fixa no mercado de capitais.
82120676000183,82.120.676/0001-83,ALMEIDA JUNIOR SHOPPING CENTERS S.A.,ALMEIDA JUNIOR SHOPPING CENTERS S.A.,Serviços Imobiliários,Emissor / Devedor,Ativo,,,,,Emissor / Devedor,ALMEIDA JUNIOR SHOPPING CENTERS S.A. é devedor/emissor de ativos de renda fixa no mercado de capitais.
82901000000127,82.901.000/0001-27,INTELBRAS S/A INDUSTRIA DE TELECOMUNICACAO ELETRONICA BRASILEIRA,INTELBRAS S/A INDUSTRIA DE TELECOMUNICACAO ELETRONICA BRASILEIRA,TI e Telecomunicações,Emissor / Devedor,Ativo,,,,,Emissor / Devedor,INTELBRAS S/A INDUSTRIA DE TELECOMUNICACAO ELETRONICA BRASILEIRA é devedor/emissor de ativos de renda fixa no mercado de capitais.
83855973000130,83.855.973/0001-30,DCELT DISTRIBUIDORA CATARINENSE DE ENERGIA ELETRICA S/A,DCELT DISTRIBUIDORA CATARINENSE DE ENERGIA ELETRICA S/A,Energia Elétrica,Emissor / Devedor,Ativo,,,,,Emissor / Devedor,DCELT DISTRIBUIDORA CATARINENSE DE ENERGIA ELETRICA S/A é devedor/emissor de ativos de renda fixa no mercado de capitais.
89960090000176,89.960.090/0001-76,ALIANSCE SONAE SHOPPING CENTERS S.A.,ALIANSCE SONAE SHOPPING CENTERS S.A.,Renda Fixa / Crédito Privado,Emissor / Devedor,Ativo,,,,,Emissor / Devedor,ALIANSCE SONAE SHOPPING CENTERS S.A. é devedor/emissor de ativos de renda fixa no mercado de capitais.
92038108000191,92.038.108/0001-91,BRINOX METALURGICA S.A.,BRINOX METALURGICA S.A.,Metalurgia e Siderurgia,Emissor / Devedor,Ativo,,,,,Emissor / Devedor,BRINOX METALURGICA S.A. é devedor/emissor de ativos de renda fixa no mercado de capitais.
92754738000162,92.754.738/0001-62,LOJAS RENNER S/A,LOJAS RENNER S/A,Comércio Atacadista e Varejista,Emissor / Devedor,Ativo,,,,,Emissor / Devedor,LOJAS RENNER S/A é devedor/emissor de ativos de renda fixa no mercado de capitais.
94845674000130,94.845.674/0001-30,REFINARIA DE PETROLEO RIOGRANDENSE S.A.,REFINARIA DE PETROLEO RIOGRANDENSE S.A.,Petróleo e Gás,Emissor / Devedor,Ativo,,,,,Emissor / Devedor,REFINARIA DE PETROLEO RIOGRANDENSE S.A. é devedor/emissor de ativos de renda fixa no mercado de capitais.
