date,ticker,isin,price,clean_price,yield,ytm,spread_over_ref,volume_traded
2026-08-17,CRA019003V2,,"415,0469359","415,0469359",,,,
2026-08-17,CRA024004H7,,"1048,18254728","1048,18254728","99,7025",,,
2026-08-17,CRA0250018H,,"1024,39798456","1024,39798456","105,4616",,,
2026-08-17,CRA02500BVT,,"1050,88630485","1050,88630485","107,42",,,
2026-08-17,25I2731571,,"1031,27489902","1031,27489902","103,2511",,,
2026-08-17,24D2765715,,"1055,98608206","1055,98608206","98,8966",,,
2026-08-17,CRA023007VD,,"1025,30362636","1025,30362636","96,9086",,,
2026-08-17,CRA026002BD,,,,,,,
2026-08-17,24D3313768,,"1034,08497598","1034,08497598","98,46",,,
2026-08-17,25G5109813,,"948,8954038","948,8954038","117,6233",,,
2026-08-17,CRA023003UX,,"1064,00295103","1064,00295103","95,5258",,,
2026-08-17,CRA02500669,,"1124,40436354","1124,40436354","108,9077",,,
2026-08-17,CRA025008HM,,"1035,18159548","1035,18159548","107,1668",,,
2026-08-17,24F1277566,,"1023,56628747","1023,56628747","99,683",,,
2026-08-17,CRA02300209,,"1017,29681247","1017,29681247","93,9766",,,
2026-08-17,25G5313879,,"997,83428788","997,83428788","104,2825",,,
2026-08-17,CRA025008N8,,"1032,88596591","1032,88596591","107,1775",,,
2026-08-17,22J0346710,,"1016,93741034","1016,93741034","95,9011",,,
2026-08-17,CRA0240066A,,"986,06485093","986,06485093","116,2281",,,
2026-08-17,CRA025006SR,,"979,57744814","979,57744814","107,955",,,
2026-08-17,CRA025007KD,,"1041,57189421","1041,57189421","108,4155",,,
2026-08-17,CRA025002S1,,"981,35665705","981,35665705","121,9414",,,
2026-08-17,CRA025005V5,,"944,1139014","944,1139014","121,5206",,,
2026-08-17,24D0006602,,"1067,85628446","1067,85628446","98,7618",,,
2026-08-17,25E0013305,,"1042,8937266","1042,8937266","103,48",,,
2026-08-17,CRA02300TSB,,"1073,15958061","1073,15958061","97,7438",,,
2026-08-17,CRA02400AYL,,"986,09977812","986,09977812","119,3366",,,
2026-08-17,CRA025008C3,,"991,37140381","991,37140381","111,1775",,,
2026-08-17,CRA025005EI,,"982,91009003","982,91009003","111,3689",,,
2026-08-17,23K0018802,,"1040,62582541","1040,62582541","98,6608",,,
2026-08-17,CRA025006NA,,"981,06052597","981,06052597","111,1633",,,
2026-08-17,23K0019201,,,,,,,
2026-08-17,CRA026001JL,,"980,03943574","980,03943574","111,3425",,,
2026-08-17,25H0243072,,"995,99669049","995,99669049","107,948",,,
2026-08-17,CRA02300NRL,,"1094,01113347","1094,01113347","98,2866",,,
2026-08-17,CRA025003UZ,,"1023,09557986","1023,09557986","108,2156",,,
2026-08-17,CRA02300CYQ,,"1091,38984423","1091,38984423","96,83",,,
2026-08-17,CRA02300HWH,,"1128,75472543","1128,75472543","98,905",,,
2026-08-17,24I1980390,,"995,88602945","995,88602945","126,0931",,,
2026-08-17,25B3099731,,"992,76463876","992,76463876","97,858",,,
2026-08-17,25D0012202,,"1037,37337103","1037,37337103","98,2277",,,
2026-08-17,25J4546988,,"1016,35193461","1016,35193461","99,417",,,
2026-08-17,25D0012203,,"1034,22098804","1034,22098804","99,6166",,,
2026-08-17,26C3164285,,"996,25892867","996,25892867","98,1266",,,
2026-08-17,CRA025003PD,,"989,30994542","989,30994542","103,0377",,,
2026-08-17,24H1684874,,"1066,49011525","1066,49011525","97,1272",,,
2026-08-17,24D2765586,,"696,79473332","696,79473332","98,0173",,,
2026-08-17,25G3629974,,"996,96748504","996,96748504","101,5369",,,
2026-08-17,25I0014209,,,,,,,
2026-08-17,CRA024004H5,,"1045,6192246","1045,6192246","98,8233",,,
2026-08-17,25D0113938,,"1013,88122473","1013,88122473","107,0362",,,
2026-08-17,25G3629975,,"990,44398119","990,44398119","103,3322",,,
2026-08-17,24E1393588,,"1034,12192112","1034,12192112","99,3258",,,
2026-08-17,CRA025008NB,,"1015,22671587","1015,22671587","1,201",,,
2026-08-17,CRA024009Q2,,"989,77676724","989,77676724","1,9345",,,
2026-08-17,22D1289009,,"1025,10365968","1025,10365968","0,3436",,,
2026-08-17,CRA02400AYN,,,,,,,
2026-08-17,CRA02500003,,"986,97206096","986,97206096","1,3332",,,
2026-08-17,CRA0250018J,,"948,17656284","948,17656284","2,6304",,,
2026-08-17,CRA025007PT,,"1027,67172864","1027,67172864","1,0623",,,
2026-08-17,CRA02300Q2Y,,,,,,,
2026-08-17,CRA025002S2,,"927,20259013","927,20259013","3,803",,,
2026-08-17,23J0019601,,,,,,,
2026-08-17,23K0018602,,"1018,48119107","1018,48119107","0,3899",,,
2026-08-17,24B0013201,,"974,41527844","974,41527844","2,4861",,,
2026-08-17,23H1188857,,"1066,22942368","1066,22942368","0,1515",,,
2026-08-17,CRA02300RS5,,"1000,38437008","1000,38437008","2,5319",,,
2026-08-17,22C0023008,,"533,72088063","533,72088063","0,1282",,,
2026-08-17,23K0018401,,"1043,15935398","1043,15935398","0,3782",,,
2026-08-17,CRA02300GCY,,,,,,,
2026-08-17,CRA025005V6,,"882,47692194","882,47692194","4,0571",,,
2026-08-17,22E1325261,,"1002,25256852","1002,25256852","0,514",,,
2026-08-17,22F0230096,,"1030,87133518","1030,87133518","0,2282",,,
2026-08-17,22K0934871,,"948,40396744","948,40396744","7,4068",,,
2026-08-17,22I0970801,,"1066,29464295","1066,29464295","0,3511",,,
2026-08-17,22J0305579,,"1002,78465644","1002,78465644","5,1908",,,
2026-08-17,CRA02300JG2,,"1067,750543","1067,750543","0,4773",,,
2026-08-17,CRA02300NRM,,"1069,63226767","1069,63226767","0,0981",,,
2026-08-17,CRA0240066F,,"993,66049474","993,66049474","2,1622",,,
2026-08-17,22E1315701,,"1000,67498974","1000,67498974","0,8309",,,
2026-08-17,23J1142031,,"1051,78661026","1051,78661026","0,7346",,,
2026-08-17,CRA022008NC,,"746,0471368","746,0471368","1,2051",,,
2026-08-17,CRA023000GP,,"972,83026499","972,83026499","4,062",,,
2026-08-17,CRA024007K9,,"999,82494532","999,82494532","1,5383",,,
2026-08-17,22F0315398,,"1032,85670145","1032,85670145","0,4689",,,
2026-08-17,CRA024002MJ,,"1032,02800452","1032,02800452","2,3604",,,
2026-08-17,23H0027402,,"1015,56276938","1015,56276938","0,134",,,
2026-08-17,CRA022006HJ,,"1011,26496292","1011,26496292","1,204",,,
2026-08-17,CRA022008C9,,"1066,87431004","1066,87431004","0,7668",,,
2026-08-17,CRA022008CB,,"983,45717139","983,45717139","1,5245",,,
2026-08-17,23H1191899,,"1082,6558889","1082,6558889","0,4209",,,
2026-08-17,CRA024002S1,,"1043,95547119","1043,95547119","1,9828",,,
2026-08-17,CRA02400AHV,,"1026,76944475","1026,76944475","1,5223",,,
2026-08-17,23F2455020,,,,,,,
2026-08-17,CRA023000MC,,"1424,64148629","1424,64148629","4,8265",,,
2026-08-17,CRA024001P7,,"906,06534476","906,06534476","4,8692",,,
2026-08-17,CRA024007Q4,,"997,31824417","997,31824417","1,2986",,,
2026-08-17,23C0247388,,"1077,1419501","1077,1419501","0,4906",,,
2026-08-17,23G0009601,,"815,42995877","815,42995877","0,2399",,,
2026-08-17,23C0247702,,"1091,72899346","1091,72899346","0,5326",,,
2026-08-17,CRA022008NF,,"1001,61767752","1001,61767752","1,2293",,,
2026-08-17,CRA023002GX,,"415,21130464","415,21130464","1,4486",,,
2026-08-17,23J1127308,,"1002,02587446","1002,02587446","4,1566",,,
2026-08-17,22C1235206,,"1013,8491099","1013,8491099","0,7107",,,
2026-08-17,CRA0220080Y,,"422,19359312","422,19359312","1,7044",,,
2026-08-17,CRA02300G7E,,"991,5392155","991,5392155","1,9843",,,
2026-08-17,CRA02300MJ9,,"1057,79799741","1057,79799741","1,8853",,,
2026-08-17,CRA024003UY,,"998,05505694","998,05505694","1,6578",,,
2026-08-17,CRA0240020A,,,,,,,
2026-08-17,CRA0240099E,,"1027,86983063","1027,86983063","2,2036",,,
2026-08-17,CRA025009KJ,,"976,60474309","976,60474309","2,7004",,,
2026-08-17,24A2720884,,"938,98454668","938,98454668","5,4825",,,
2026-08-17,22L1465644,,"998,13733431","998,13733431","1,8077",,,
2026-08-17,CRA0230073L,,"792,14940179","792,14940179","1,0727",,,
2026-08-17,22J0000801,,,,,,,
2026-08-17,23F0012002,,"685,43864684","685,43864684","1,1538",,,
2026-08-17,23L2043099,,"1031,6469459","1031,6469459","1,4693",,,
2026-08-17,CRA02300VBT,,"1033,53571916","1033,53571916","1,3758",,,
2026-08-17,CRA022008NH,,"1015,60933892","1015,60933892","1,016",,,
2026-08-17,CRA0230012X,,"985,04262523","985,04262523","2,2993",,,
2026-08-17,CRA0240005N,,"1016,2989289","1016,2989289","1,5994",,,
2026-08-17,24K0003002,,"1012,4973485","1012,4973485","3,0433",,,
2026-08-17,CRA02300Q8I,,"610,42286211","610,42286211","1,6312",,,
2026-08-17,23H1023846,,"942,11780625","942,11780625","1,2377",,,
2026-08-17,23J1333602,,"1021,2359993","1021,2359993","4,9548",,,
2026-08-17,CRA022001P6,,"1020,53966697","1020,53966697","1,301",,,
2026-08-17,CRA022008C2,,"492,55269393","492,55269393","3,6204",,,
2026-08-17,CRA024000B7,,"949,99061099","949,99061099","3,807",,,
2026-08-17,23D0005401,,,,,,,
2026-08-17,CRA02300BQD,,,,,,,
2026-08-17,CRA025000MJ,,"781,95001104","781,95001104","2,251",,,
2026-08-17,22L1212138,,"915,7946832","915,7946832","2,2919",,,
2026-08-17,CRA02300KZL,,"766,71082001","766,71082001","3,5565",,,
2026-08-17,CRA024005K1,,"1020,11582636","1020,11582636","3,2975",,,
2026-08-17,CRA02300795,,"984,9503501","984,9503501","3,5329",,,
2026-08-17,CRA02300CCH,,"983,79380473","983,79380473","3,5559",,,
2026-08-17,CRA0250040I,,"1023,51843813","1023,51843813","3,2624",,,
2026-08-17,CRA0220099D,,"347,73073415","347,73073415","1,1591",,,
2026-08-17,CRA023003JX,,"864,87749696","864,87749696","2,1992",,,
2026-08-17,CRA0240086H,,"1026,40857865","1026,40857865","2,2476",,,
2026-08-17,CRA0250012Y,,"991,33706307","991,33706307","3,2787",,,
2026-08-17,23F0012602,,"628,73505591","628,73505591","4,0968",,,
2026-08-17,CRA022000RU,,"162,67395168","162,67395168","3,7354",,,
2026-08-17,CRA024002MM,,"922,76891951","922,76891951","3,5292",,,
2026-08-17,CRA02400ECU,,"5104,60690623","5104,60690623","4,5874",,,
2026-08-17,CRA023001JL,,"588,27466496","588,27466496","4,017",,,
2026-08-17,CRA02300KOH,,"739,46851822","739,46851822","3,0107",,,
2026-08-17,CRA02300JR6,,"476,94469978","476,94469978",,,,
2026-08-17,CRA019003JY,,"1377,82145904","1377,82145904","7,687",,,
2026-08-17,CRA019003V3,,"711,69621314","711,69621314",,,,
2026-08-17,CRA021000MG,,"1297,78845255","1297,78845255","8,654",,,
2026-08-17,CRA021000MH,,"1208,56368546","1208,56368546","8,7905",,,
2026-08-17,CRA02100002,,"602,21283503","602,21283503","10,0758",,,
2026-08-17,CRA020003K0,,,,,,,
2026-08-17,CRA021000MB,,"671,63223276","671,63223276","9,9451",,,
2026-08-17,CRA021001PQ,,"1166,35337513","1166,35337513","11,9176",,,
2026-08-17,CRA019001E7,,"1437,2768093","1437,2768093","7,696",,,
2026-08-17,CRA021001VA,,"1054,20036864","1054,20036864","11,5493",,,
2026-08-17,21G0065100,,"1240,1551825","1240,1551825","8,6569",,,
2026-08-17,CRA0210013B,,"1022,13044648","1022,13044648","12,1085",,,
2026-08-17,CRA021001KB,,"1183,16382816","1183,16382816","8,3397",,,
2026-08-17,CRA021002SO,,"1238,71695764","1238,71695764","8,6516",,,
2026-08-17,21D0737500,,"868,51438042","868,51438042","8,123",,,
2026-08-17,21D0862572,,"1068,20115543","1068,20115543","8,679",,,
2026-08-17,21H1078699,,"1170,21979653","1170,21979653","10,9483",,,
2026-08-17,21H1078700,,"1067,80277792","1067,80277792","11,2162",,,
2026-08-17,CRA021000SC,,,,,,,
2026-08-17,CRA020002GZ,,"1379,14441379","1379,14441379","10,9171",,,
2026-08-17,21D0694886,,"876,35539501","876,35539501","9,5431",,,
2026-08-17,CRA021002NF,,"1204,81306443","1204,81306443","9,3531",,,
2026-08-17,CRA020001P7,,"602,78038051","602,78038051",,,,
2026-08-17,CRA021000RX,,"1238,33139239","1238,33139239","12,6964",,,
2026-08-17,21I0278118,,"970,34427331","970,34427331","9,1101",,,
2026-08-17,21K0001806,,"1157,80150875","1157,80150875","8,3288",,,
2026-08-17,CRA021000RY,,"1225,70596991","1225,70596991","9,3713",,,
2026-08-17,CRA020002H1,,"1237,47069677","1237,47069677","11,9455",,,
2026-08-17,CRA022002Y1,,"612,06157301","612,06157301","8,2351",,,
2026-08-17,CRA020003PY,,"1191,21085919","1191,21085919","12,4257",,,
2026-08-17,21K0001812,,"775,1896688","775,1896688","19,2849",,,
2026-08-17,CRA021002YA,,"508,93001751","508,93001751","11,6721",,,
2026-08-17,CRA020001P8,,"601,54961121","601,54961121",,,,
2026-08-17,22D1289007,,"1139,24973276","1139,24973276","8,1592",,,
2026-08-17,22D1289010,,"1208,11950587","1208,11950587","7,524",,,
2026-08-17,CRA022002Y2,,"1172,12826742","1172,12826742","9,1476",,,
2026-08-17,CRA022006N5,,"1083,32766","1083,32766","8,7331",,,
2026-08-17,22D1289008,,"1105,35625177","1105,35625177","8,2531",,,
2026-08-17,CRA022002Y3,,"1122,24464018","1122,24464018","8,8302",,,
2026-08-17,CRA022002XN,,"1008,77880735","1008,77880735","9,0822",,,
2026-08-17,21K0001807,,"1100,97185785","1100,97185785","8,3731",,,
2026-08-17,22D1289011,,,,,,,
2026-08-17,22K0001201,,"1164,99197012","1164,99197012","7,6882",,,
2026-08-17,23H0027403,,"1068,16021343","1068,16021343","8,3566",,,
2026-08-17,CRA022006MY,,,,,,,
2026-08-17,22K0001203,,"1158,19364309","1158,19364309","7,8548",,,
2026-08-17,22E1325262,,"1115,74242082","1115,74242082","8,8969",,,
2026-08-17,CRA021002YF,,,,,,,
2026-08-17,CRA02300S35,,"963,81689963","963,81689963","12,4001",,,
2026-08-17,22C1362141,,"823,35135896","823,35135896","10,6557",,,
2026-08-17,22B0004808,,"861,13557858","861,13557858","16,8421",,,
2026-08-17,CRA022008N6,,"1125,67970879","1125,67970879","8,6921",,,
2026-08-17,22K0001204,,"1155,11643469","1155,11643469","7,5591",,,
2026-08-17,24B0013203,,"1012,32355301","1012,32355301","10,4058",,,
2026-08-17,CRA02300CYS,,"1079,91807345","1079,91807345","7,7295",,,
2026-08-17,22E1325264,,"1072,09383417","1072,09383417","9,1332",,,
2026-08-17,CRA024001P6,,"922,04612259","922,04612259","13,3559",,,
2026-08-17,22E1095384,,"1049,11189309","1049,11189309","12,7442",,,
2026-08-17,21J0001208,,,,,,,
2026-08-17,22F0009804,,"1095,07305782","1095,07305782","8,9512",,,
2026-08-17,22F0009409,,"1082,20357265","1082,20357265","11,3651",,,
2026-08-17,CRA022003JT,,"1163,55304315","1163,55304315","9,5916",,,
2026-08-17,CRA022004MS,,"927,78108907","927,78108907","14,0541",,,
2026-08-17,23H0027404,,"1045,97971984","1045,97971984","8,5463",,,
2026-08-17,CRA022008NB,,"588,94521344","588,94521344",,,,
2026-08-17,22B0006022,,"1127,35235118","1127,35235118","12,1292",,,
2026-08-17,CRA024004SA,,"1010,05259053","1010,05259053","8,5498",,,
2026-08-17,22J0306937,,"1010,09383564","1010,09383564","14,0801",,,
2026-08-17,CRA02300G7F,,"966,22960276","966,22960276","11,9479",,,
2026-08-17,CRA022008C7,,"1192,52148133","1192,52148133","8,4565",,,
2026-08-17,24E1835896,,"1056,45623811","1056,45623811","8,3453",,,
2026-08-17,CRA022007KI,,"1057,69688","1057,69688","11,3505",,,
2026-08-17,CRA02300JG3,,"1105,98634258","1105,98634258","8,4992",,,
2026-08-17,CRA022008N7,,"1026,50726087","1026,50726087","9,453",,,
2026-08-17,CRA022000XF,,"1050,04375333","1050,04375333","11,7801",,,
2026-08-17,CRA02300JG4,,"1072,96420143","1072,96420143","8,6634",,,
2026-08-17,24F1277567,,"1018,86432174","1018,86432174","9,0107",,,
2026-08-17,23L1737622,,"1057,69606201","1057,69606201","8,4272",,,
2026-08-17,22G1414303,,"1122,39066768","1122,39066768","11,1228",,,
2026-08-17,CRA022008ND,,"488,65857539","488,65857539",,,,
2026-08-17,CRA0240066J,,"994,10695869","994,10695869","9,8085",,,
2026-08-17,22J0306938,,"933,98346724","933,98346724","13,7594",,,
2026-08-17,CRA0240020C,,,,,,,
2026-08-17,CRA022007EP,,"1141,93006443","1141,93006443","7,7486",,,
2026-08-17,CRA024004SB,,"988,90216934","988,90216934","8,5445",,,
2026-08-17,CRA0240086K,,"974,37408451","974,37408451","9,3759",,,
2026-08-17,CRA024002ML,,"907,43309232","907,43309232","11,7987",,,
2026-08-17,22I0970804,,"1161,36407501","1161,36407501","9,2329",,,
2026-08-17,CRA0240066B,,"969,77030051","969,77030051","11,0164",,,
2026-08-17,CRA0220079D,,"992,02842273","992,02842273","12,1478",,,
2026-08-17,CRA0240086L,,"911,42094297","911,42094297","9,2989",,,
2026-08-17,CRA022006HK,,"1137,9287741","1137,9287741","8,9266",,,
2026-08-17,22I0970868,,"1122,17390631","1122,17390631","9,3869",,,
2026-08-17,23L1737623,,"1051,63559394","1051,63559394","8,1757",,,
2026-08-17,CRA022004S9,,"871,2493483","871,2493483","12,3611",,,
2026-08-17,CRA021002N3,,,,,,,
2026-08-17,CRA02300JG5,,"1054,7828512","1054,7828512","8,5551",,,
2026-08-17,CRA024004SC,,"922,46706934","922,46706934","9,3374",,,
2026-08-17,CRA022004XY,,"791,02867699","791,02867699","9,3509",,,
2026-08-17,22F0009410,,"1014,92647701","1014,92647701","11,3154",,,
2026-08-17,23F1519397,,"1051,26882068","1051,26882068","13,4771",,,
2026-08-17,24G1674104,,"880,16443197","880,16443197","9,1078",,,
2026-08-17,CRA02200C6Y,,"1072,94618468","1072,94618468","11,8882",,,
2026-08-17,CRA024007PU,,"964,56112815","964,56112815","9,5922",,,
2026-08-17,22K0934880,,"873,50618413","873,50618413","19,3877",,,
2026-08-17,CRA022006HE,,"1148,12646983","1148,12646983","10,2843",,,
2026-08-17,CRA023000RT,,"977,74631514","977,74631514","14,2375",,,
2026-08-17,CRA022006BU,,"665,88878697","665,88878697","11,796",,,
2026-08-17,CRA0220073P,,"1029,44612548","1029,44612548","13,4625",,,
2026-08-17,CRA025000ME,,,,,,,
2026-08-17,CRA0240066K,,"912,67100425","912,67100425","11,4081",,,
2026-08-17,22K0934889,,"685,85972939","685,85972939","19,0266",,,
2026-08-17,CRA024001QA,,"1080,0295416","1080,0295416","9,3213",,,
2026-08-17,CRA024007Q5,,"1021,29178207","1021,29178207","9,941",,,
2026-08-17,CRA02200C6Z,,"1017,37141438","1017,37141438","11,9809",,,
2026-08-17,24A2721507,,"927,56922921","927,56922921","13,9341",,,
2026-08-17,CRA022006HF,,"1082,38020385","1082,38020385","10,2765",,,
2026-08-17,CRA024009Q4,,"896,91985807","896,91985807","11,7912",,,
2026-08-17,22E1314836,,"1140,65816229","1140,65816229","10,4744",,,
2026-08-17,CRA022001E2,,"1163,71877544","1163,71877544","11,3149",,,
2026-08-17,CRA022004SD,,"1145,36493889","1145,36493889","12,0001",,,
2026-08-17,CRA02400AHZ,,"928,51445346","928,51445346","10,885",,,
2026-08-17,24J2539865,,"1020,08066797","1020,08066797","9,2901",,,
2026-08-17,CRA0240005O,,"1105,02306368","1105,02306368","9,5545",,,
2026-08-17,CRA022004H5,,"810,7971915","810,7971915","8,5637",,,
2026-08-17,23L2043184,,"1067,48043973","1067,48043973","9,947",,,
2026-08-17,CRA024009Q5,,"845,41851061","845,41851061","11,5378",,,
2026-08-17,CRA02300MOQ,,"1010,69911401","1010,69911401","13,0849",,,
2026-08-17,23L0034761,,"894,39557284","894,39557284","11,4564",,,
2026-08-17,CRA0250080Y,,"965,06312543","965,06312543","8,9917",,,
2026-08-17,25D0012204,,"1039,5589161","1039,5589161","8,6632",,,
2026-08-17,23J1127331,,"915,5342426","915,5342426","13,4372",,,
2026-08-17,CRA0250080X,,"987,58684398","987,58684398","9,1873",,,
2026-08-17,CRA02400AYK,,"1007,2018201","1007,2018201","10,0055",,,
2026-08-17,CRA0230073N,,"1009,72074965","1009,72074965","8,69",,,
2026-08-17,CRA025003PJ,,"884,92460166","884,92460166","9,683",,,
2026-08-17,CRA024003UZ,,"1063,3571587","1063,3571587","9,3827",,,
2026-08-17,CRA021004NV,,,,,,,
2026-08-17,CRA0250066B,,"844,23369422","844,23369422","11,7134",,,
2026-08-17,22E1321749,,"1160,91593185","1160,91593185","9,5248",,,
2026-08-17,CRA0240005P,,"1087,66436482","1087,66436482","9,2957",,,
2026-08-17,22E1321750,,"1119,69001437","1119,69001437","9,8374",,,
2026-08-17,CRA0250020C,,"881,89469558","881,89469558","11,7621",,,
2026-08-17,CRA02200795,,"585,80311263","585,80311263","11,0645",,,
2026-08-17,CRA0250020D,,"844,93985944","844,93985944","11,8703",,,
2026-08-17,CRA0250018K,,"866,84782154","866,84782154","11,5419",,,
2026-08-17,CRA0250018L,,"884,62132581","884,62132581","10,8918",,,
2026-08-17,CRA0240099F,,"1046,14872079","1046,14872079","9,9441",,,
2026-08-17,CRA0250020E,,,,,,,
2026-08-17,CRA02500BVX,,"776,79909329","776,79909329","11,7016",,,
2026-08-17,CRA025008C2,,"998,93866188","998,93866188","9,8151",,,
2026-08-17,CRA02400AHX,,"1033,35251457","1033,35251457","10,0476",,,
2026-08-17,CRA025008HR,,,,,,,
2026-08-17,CRA025006NC,,"992,37247532","992,37247532","10,0108",,,
2026-08-17,CRA02300796,,"1075,22501727","1075,22501727","11,8438",,,
2026-08-17,CRA023003JY,,"1130,9003902","1130,9003902","10,5584",,,
2026-08-17,23F2455004,,"974,09076398","974,09076398","16,5014",,,
2026-08-17,23I1259644,,"873,24434072","873,24434072","19,4656",,,
2026-08-17,23J1141681,,"974,85304057","974,85304057","15,0264",,,
2026-08-17,23K0018801,,"925,7985388","925,7985388","14,611",,,
2026-08-17,23K0022041,,"998,85988852","998,85988852","14,8044",,,
2026-08-17,24A2715837,,"879,64536007","879,64536007","19,9162",,,
2026-08-17,24A2721829,,"843,77328869","843,77328869","19,6255",,,
2026-08-17,25D0271049,,"1008,23269368","1008,23269368","15,6513",,,
2026-08-17,CRA02300G7D,,"951,12110955","951,12110955","16,9296",,,
2026-08-17,CRA02300HWK,,"973,46540058","973,46540058","13,7461",,,
2026-08-17,CRA02300JR7,,"434,16885206","434,16885206",,,,
2026-08-17,CRA02300SPD,,"871,53932005","871,53932005","18,4917",,,
2026-08-17,CRA02300SUZ,,"852,94249305","852,94249305","19,3674",,,
2026-08-17,CRA024000B8,,"862,01049369","862,01049369","18,8424",,,
2026-08-17,CRA024001P5,,"817,02829099","817,02829099","19,3576",,,
2026-08-17,CRA0240020B,,,,,,,
2026-08-17,CRA024002MH,,"919,01583189","919,01583189","16,8677",,,
2026-08-17,CRA024002S2,,"912,22014204","912,22014204","19,2261",,,
2026-08-17,CRA024002S3,,"869,68809646","869,68809646","18,5221",,,
2026-08-17,CRA024005K2,,,,,,,
2026-08-17,CRA0240066D,,"935,43858832","935,43858832","18,044",,,
2026-08-17,CRA0240066G,,"889,23038887","889,23038887","17,3595",,,
2026-08-17,CRA024007PT,,"889,28053735","889,28053735","16,2487",,,
2026-08-17,CRA024007Q3,,"902,15919025","902,15919025","17,0233",,,
2026-08-17,CRA024009Q3,,"921,92258567","921,92258567","17,2086",,,
2026-08-17,CRA02400AHY,,"913,04274113","913,04274113","17,1378",,,
2026-08-17,CRA02400AYM,,"932,30981201","932,30981201","18,8015",,,
2026-08-17,CRA02400AYP,,"890,41531463","890,41531463","18,6544",,,
2026-08-17,CRA02500001,,"987,6754808","987,6754808","15,9434",,,
2026-08-17,CRA0250012X,,"996,54482927","996,54482927","18,0076",,,
2026-08-17,CRA0250018I,,"952,09508928","952,09508928","17,5221",,,
2026-08-17,CRA025002S3,,"965,39542105","965,39542105","19,295",,,
2026-08-17,CRA025002S4,,"933,0648406","933,0648406","19,4385",,,
2026-08-17,CRA0250040J,,,,,,,
2026-08-17,CRA025005EH,,"982,09142501","982,09142501","16,051",,,
2026-08-17,CRA025005V7,,"856,73205618","856,73205618","19,2659",,,
2026-08-17,CRA025005V8,,"858,1353872","858,1353872","19,0369",,,
2026-08-17,CRA0250066A,,"897,16497983","897,16497983","17,3887",,,
2026-08-17,CRA025006NB,,"936,28351521","936,28351521","16,5327",,,
2026-08-17,CRA025006SS,,,,,,,
2026-08-17,CRA025007KE,,"999,11587209","999,11587209","16,2467",,,
2026-08-17,CRA025007KK,,"1017,91464449","1017,91464449","15,1677",,,
2026-08-17,CRA025008C1,,,,,,,
2026-08-17,CRA025008NA,,"981,30411609","981,30411609","15,9211",,,
2026-08-17,CRA025008ND,,"975,05879867","975,05879867","15,9724",,,
2026-08-17,CRA025009VO,,,,,,,
2026-08-17,CRA02500A15,,"971,48831528","971,48831528","16,4068",,,
2026-08-17,CRA02500AHU,,"1021,22223653","1021,22223653","15,4353",,,
2026-08-17,CRA026001JM,,"940,26160743","940,26160743","16,7706",,,
2026-08-17,CRA026002BE,,"961,96461679","961,96461679","16,1813",,,
2026-08-14,CRA019003V2,,"415,47014555","415,47014555",,,,
2026-08-14,CRA024004H7,,"1047,88894203","1047,88894203","99,6238",,,
2026-08-14,CRA0250018H,,"1024,01951111","1024,01951111","105,4045",,,
2026-08-14,CRA02500BVT,,"1048,83963412","1048,83963412","107,665",,,
2026-08-14,25I2731571,,"1030,9083195","1030,9083195","103,2154",,,
2026-08-14,24D2765715,,"1055,49566479","1055,49566479","98,8886",,,
2026-08-14,CRA023007VD,,"1024,45470889","1024,45470889","97,0646",,,
2026-08-14,CRA026002BD,,,,,,,
2026-08-14,24D3313768,,"1033,75382811","1033,75382811","98,2683",,,
2026-08-14,25G5109813,,"950,3097097","950,3097097","117,0769",,,
2026-08-14,CRA023003UX,,"1063,51963595","1063,51963595","95,4736",,,
2026-08-14,CRA02500669,,"1121,12490611","1121,12490611","109,4919",,,
2026-08-14,CRA025008HM,,"1035,31367955","1035,31367955","107,008",,,
2026-08-14,24F1277566,,"1022,90529891","1022,90529891","99,73",,,
2026-08-14,CRA02300209,,"1016,63951473","1016,63951473","94,2835",,,
2026-08-14,25G5313879,,"1009,65887533","1009,65887533","104,3286",,,
2026-08-14,CRA025008N8,,"1032,59320933","1032,59320933","107,1081",,,
2026-08-14,22J0346710,,"1016,52835635","1016,52835635","95,73",,,
2026-08-14,CRA0240066A,,"985,6373188","985,6373188","116,1482",,,
2026-08-14,CRA025006SR,,"992,28525974","992,28525974","107,8207",,,
2026-08-14,CRA025007KD,,"1040,92535204","1040,92535204","108,4237",,,
2026-08-14,CRA025002S1,,"981,60203587","981,60203587","121,6718",,,
2026-08-14,CRA025005V5,,"944,1805636","944,1805636","121,3077",,,
2026-08-14,24D0006602,,"1067,56855473","1067,56855473","98,6941",,,
2026-08-14,25E0013305,,"1042,33898257","1042,33898257","103,4833",,,
2026-08-14,CRA02300TSB,,"1071,12301768","1071,12301768","97,9658",,,
2026-08-14,CRA02400AYL,,"983,122295","983,122295","119,9962",,,
2026-08-14,CRA025008C3,,"991,36444043","991,36444043","111,0671",,,
2026-08-14,CRA025005EI,,"984,96610642","984,96610642","110,8628",,,
2026-08-14,23K0018802,,"1040,52267592","1040,52267592","98,5627",,,
2026-08-14,CRA025006NA,,"993,36507231","993,36507231","111,1422",,,
2026-08-14,23K0019201,,,,,,,
2026-08-14,CRA026001JL,,"992,43017643","992,43017643","111,3198",,,
2026-08-14,25H0243072,,"1008,4065321","1008,4065321","107,9433",,,
2026-08-14,CRA02300NRL,,"1093,90021822","1093,90021822","98,225",,,
2026-08-14,CRA025003UZ,,"1023,67059949","1023,67059949","107,9015",,,
2026-08-14,CRA02300CYQ,,"1087,52824715","1087,52824715","97,3277",,,
2026-08-14,CRA02300HWH,,"1126,5590039","1126,5590039","99,1497",,,
2026-08-14,24I1980390,,"993,82447583","993,82447583","126,485",,,
2026-08-14,25B3099731,,"1057,56976379","1057,56976379","97,988",,,
2026-08-14,25D0012202,,"1036,82697778","1036,82697778","98,2288",,,
2026-08-14,25J4546988,,"1011,41324645","1011,41324645","100,1666",,,
2026-08-14,25D0012203,,"1033,66901451","1033,66901451","99,6158",,,
2026-08-14,26C3164285,,"995,74908884","995,74908884","98,1266",,,
2026-08-14,CRA025003PD,,"989,10168205","989,10168205","102,9744",,,
2026-08-14,24H1684874,,"1065,84344064","1065,84344064","97,19",,,
2026-08-14,24D2765586,,"696,52525398","696,52525398","97,9301",,,
2026-08-14,25G3629974,,"997,87700778","997,87700778","101,1863",,,
2026-08-14,25I0014209,,,,,,,
2026-08-14,CRA024004H5,,"1045,1014307","1045,1014307","98,8038",,,
2026-08-14,25D0113938,,"1014,13883886","1014,13883886","106,8093",,,
2026-08-14,25G3629975,,"990,29120094","990,29120094","103,2495",,,
2026-08-14,24E1393588,,"1033,64086914","1033,64086914","99,3077",,,
2026-08-14,CRA025008NB,,"1014,67546839","1014,67546839","1,2009",,,
2026-08-14,CRA024009Q2,,"992,00081697","992,00081697","1,8548",,,
2026-08-14,22D1289009,,"1024,72648405","1024,72648405","0,3229",,,
2026-08-14,CRA02400AYN,,,,,,,
2026-08-14,CRA02500003,,"986,71741245","986,71741245","1,3221",,,
2026-08-14,CRA0250018J,,"947,51683354","947,51683354","2,6336",,,
2026-08-14,CRA025007PT,,"1024,42847755","1024,42847755","1,1258",,,
2026-08-14,CRA02300Q2Y,,,,,,,
2026-08-14,CRA025002S2,,"928,51427388","928,51427388","3,7471",,,
2026-08-14,23J0019601,,,,,,,
2026-08-14,23K0018602,,"1017,91111464","1017,91111464","0,3908",,,
2026-08-14,24B0013201,,"1047,33301106","1047,33301106","2,3607",,,
2026-08-14,23H1188857,,"1065,66197472","1065,66197472","0,1525",,,
2026-08-14,CRA02300RS5,,"1001,45244488","1001,45244488","2,4425",,,
2026-08-14,22C0023008,,"533,43984853","533,43984853","0,1292",,,
2026-08-14,23K0018401,,"1042,58382487","1042,58382487","0,3792",,,
2026-08-14,CRA02300GCY,,,,,,,
2026-08-14,CRA025005V6,,"883,91761109","883,91761109","4,0014",,,
2026-08-14,22E1325261,,"1074,35534872","1074,35534872","0,5095",,,
2026-08-14,22F0230096,,"1030,31682615","1030,31682615","0,2287",,,
2026-08-14,22K0934871,,"947,45991271","947,45991271","7,4244",,,
2026-08-14,22I0970801,,"1065,72084747","1065,72084747","0,3519",,,
2026-08-14,22J0305579,,"1002,65309199","1002,65309199","5,1327",,,
2026-08-14,CRA02300JG2,,"1067,34834674","1067,34834674","0,4682",,,
2026-08-14,CRA02300NRM,,"1070,72123744","1070,72123744","0,0637",,,
2026-08-14,CRA0240066F,,"993,12815109","993,12815109","2,1597",,,
2026-08-14,22E1315701,,"1010,66847613","1010,66847613","1,0173",,,
2026-08-14,23J1142031,,"1051,37982305","1051,37982305","0,7235",,,
2026-08-14,CRA022008NC,,"1069,0808485","1069,0808485","1,1887",,,
2026-08-14,CRA023000GP,,"972,17795591","972,17795591","4,0618",,,
2026-08-14,CRA024007K9,,"999,16951483","999,16951483","1,5423",,,
2026-08-14,22F0315398,,"1032,43163734","1032,43163734","0,4526",,,
2026-08-14,CRA024002MJ,,"1030,39157798","1030,39157798","2,4088",,,
2026-08-14,23H0027402,,"1088,74010011","1088,74010011","0,141",,,
2026-08-14,CRA022006HJ,,"1010,90220495","1010,90220495","1,1801",,,
2026-08-14,CRA022008C9,,"1066,23827249","1066,23827249","0,7696",,,
2026-08-14,CRA022008CB,,"983,41900279","983,41900279","1,5103",,,
2026-08-14,23H1191899,,"1082,50926481","1082,50926481","0,4059",,,
2026-08-14,CRA024002S1,,"1044,28116143","1044,28116143","1,9387",,,
2026-08-14,CRA02400AHV,,"1026,52338976","1026,52338976","1,5092",,,
2026-08-14,23F2455020,,,,,,,
2026-08-14,CRA023000MC,,"1423,81669599","1423,81669599","4,8226",,,
2026-08-14,CRA024001P7,,"980,78016278","980,78016278","4,8505",,,
2026-08-14,CRA024007Q4,,"1071,95574285","1071,95574285","1,2893",,,
2026-08-14,23C0247388,,"1076,8016823","1076,8016823","0,4743",,,
2026-08-14,23G0009601,,"814,99162044","814,99162044","0,2408",,,
2026-08-14,23C0247702,,"1091,28865769","1091,28865769","0,5272",,,
2026-08-14,CRA022008NF,,"1076,59046153","1076,59046153","1,2773",,,
2026-08-14,CRA023002GX,,"415,01929225","415,01929225","1,4389",,,
2026-08-14,23J1127308,,"1001,17350862","1001,17350862","4,167",,,
2026-08-14,22C1235206,,"1013,4315659","1013,4315659","0,6901",,,
2026-08-14,CRA0220080Y,,"421,91391818","421,91391818","1,712",,,
2026-08-14,CRA02300G7E,,"1067,76684149","1067,76684149","1,9648",,,
2026-08-14,CRA02300MJ9,,"1061,2051156","1061,2051156","1,6635",,,
2026-08-14,CRA024003UY,,"1011,93043163","1011,93043163","1,6061",,,
2026-08-14,CRA0240020A,,"1056,11619314","1056,11619314","2,5766",,,
2026-08-14,CRA0240099E,,"1029,08473619","1029,08473619","2,1567",,,
2026-08-14,CRA025009KJ,,"976,0386537","976,0386537","2,6992",,,
2026-08-14,24A2720884,,"939,8982635","939,8982635","5,396",,,
2026-08-14,22L1465644,,"1011,28067751","1011,28067751","1,7985",,,
2026-08-14,CRA0230073L,,"791,36033916","791,36033916","1,1251",,,
2026-08-14,22J0000801,,,,,,,
2026-08-14,23F0012002,,"685,56825684","685,56825684","1,0908",,,
2026-08-14,23L2043099,,"1032,3151337","1032,3151337","1,4069",,,
2026-08-14,CRA02300VBT,,"1033,20003355","1033,20003355","1,3632",,,
2026-08-14,CRA022008NH,,"1093,28988201","1093,28988201","0,996",,,
2026-08-14,CRA0230012X,,"1065,5782164","1065,5782164","2,1954",,,
2026-08-14,CRA0240005N,,"1015,9347778","1015,9347778","1,5815",,,
2026-08-14,24K0003002,,"1012,03339484","1012,03339484","3,0354",,,
2026-08-14,CRA02300Q8I,,"610,08422012","610,08422012","1,6294",,,
2026-08-14,23H1023846,,"941,63653325","941,63653325","1,2353",,,
2026-08-14,23J1333602,,"1021,37822065","1021,37822065","4,8669",,,
2026-08-14,CRA022001P6,,"1019,95444464","1019,95444464","1,3013",,,
2026-08-14,CRA022008C2,,"1072,11953686","1072,11953686","3,3873",,,
2026-08-14,CRA024000B7,,"966,84270631","966,84270631","3,6748",,,
2026-08-14,23D0005401,,,,,,,
2026-08-14,CRA02300BQD,,,,,,,
2026-08-14,CRA025000MJ,,"781,47703346","781,47703346","2,251",,,
2026-08-14,22L1212138,,"916,59616815","916,59616815","2,2384",,,
2026-08-14,CRA02300KZL,,"782,8553974","782,8553974","3,0338",,,
2026-08-14,CRA024005K1,,"1020,77241802","1020,77241802","3,237",,,
2026-08-14,CRA02300795,,"999,60654709","999,60654709","3,5094",,,
2026-08-14,CRA02300CCH,,"998,70157781","998,70157781","3,523",,,
2026-08-14,CRA0250040I,,"1024,28284969","1024,28284969","3,1709",,,
2026-08-14,CRA0220099D,,"347,53431626","347,53431626","1,1594",,,
2026-08-14,CRA023003JX,,"877,10611615","877,10611615","2,1953",,,
2026-08-14,CRA0240086H,,"1028,95461209","1028,95461209","2,0958",,,
2026-08-14,CRA0250012Y,,"1005,28489622","1005,28489622","3,2868",,,
2026-08-14,23F0012602,,"628,95634161","628,95634161","3,9735",,,
2026-08-14,CRA022000RU,,"188,71476302","188,71476302","3,6053",,,
2026-08-14,CRA024002MM,,"979,23031722","979,23031722","3,5013",,,
2026-08-14,CRA02400ECU,,"5105,45884607","5105,45884607","4,5356",,,
2026-08-14,CRA023001JL,,"587,88421783","587,88421783","4,016",,,
2026-08-14,CRA02300KOH,,"779,62524158","779,62524158","2,9982",,,
2026-08-14,CRA02300JR6,,"476,88151821","476,88151821",,,,
2026-08-14,CRA019003JY,,"1376,1506222","1376,1506222","7,7419",,,
2026-08-14,CRA019003V3,,"690,40093866","690,40093866",,,,
2026-08-14,CRA021000MG,,"1296,72865922","1296,72865922","8,684",,,
2026-08-14,CRA021000MH,,"1206,07953985","1206,07953985","8,8464",,,
2026-08-14,CRA02100002,,"714,17963665","714,17963665","10,2405",,,
2026-08-14,CRA020003K0,,,,,,,
2026-08-14,CRA021000MB,,"671,18819998","671,18819998","9,9954",,,
2026-08-14,CRA021001PQ,,"1165,62096694","1165,62096694","11,9268",,,
2026-08-14,CRA019001E7,,"1435,67076342","1435,67076342","7,7534",,,
2026-08-14,CRA021001VA,,"1053,4505445","1053,4505445","11,5572",,,
2026-08-14,21G0065100,,"1247,94247033","1247,94247033","8,5229",,,
2026-08-14,CRA0210013B,,"1026,65221956","1026,65221956","11,9755",,,
2026-08-14,CRA021001KB,,"1181,60819229","1181,60819229","8,3695",,,
2026-08-14,CRA021002SO,,"1237,96826892","1237,96826892","8,6652",,,
2026-08-14,21D0737500,,"871,42993326","871,42993326","8,1987",,,
2026-08-14,21D0862572,,"1066,97280402","1066,97280402","8,6916",,,
2026-08-14,21H1078699,,"1164,26499029","1164,26499029","11,2038",,,
2026-08-14,21H1078700,,"1064,72688226","1064,72688226","11,2912",,,
2026-08-14,CRA021000SC,,,,,,,
2026-08-14,CRA020002GZ,,"1376,95560837","1376,95560837","11,0598",,,
2026-08-14,21D0694886,,"874,090899","874,090899","9,7615",,,
2026-08-14,CRA021002NF,,"1204,61756548","1204,61756548","9,3449",,,
2026-08-14,CRA020001P7,,"615,37947868","615,37947868",,,,
2026-08-14,CRA021000RX,,"1239,51011845","1239,51011845","12,5923",,,
2026-08-14,21I0278118,,"969,80780799","969,80780799","9,1251",,,
2026-08-14,21K0001806,,"1155,74104676","1155,74104676","8,3697",,,
2026-08-14,CRA021000RY,,"1223,67251371","1223,67251371","9,4146",,,
2026-08-14,CRA020002H1,,"1232,44270773","1232,44270773","12,0985",,,
2026-08-14,CRA022002Y1,,"611,3945564","611,3945564","8,3809",,,
2026-08-14,CRA020003PY,,"1189,67164486","1189,67164486","12,4569",,,
2026-08-14,21K0001812,,"795,69204764","795,69204764","18,4873",,,
2026-08-14,CRA021002YA,,"508,61058777","508,61058777","11,7047",,,
2026-08-14,CRA020001P8,,"614,67585596","614,67585596",,,,
2026-08-14,22D1289007,,"1138,60879744","1138,60879744","8,1684",,,
2026-08-14,22D1289010,,"1206,49738016","1206,49738016","7,6613",,,
2026-08-14,CRA022002Y2,,"1170,28255087","1170,28255087","9,2161",,,
2026-08-14,CRA022006N5,,"1081,2246569","1081,2246569","8,7747",,,
2026-08-14,22D1289008,,"1105,57104102","1105,57104102","8,239",,,
2026-08-14,CRA022002Y3,,"1119,97579427","1119,97579427","8,8767",,,
2026-08-14,CRA022002XN,,"1004,10087537","1004,10087537","9,1491",,,
2026-08-14,21K0001807,,"1097,37300554","1097,37300554","8,4187",,,
2026-08-14,22D1289011,,,,,,,
2026-08-14,22K0001201,,"1163,62286632","1163,62286632","7,7161",,,
2026-08-14,23H0027403,,"1098,55168085","1098,55168085","8,4622",,,
2026-08-14,CRA022006MY,,,,,,,
2026-08-14,22K0001203,,"1155,6453613","1155,6453613","7,8948",,,
2026-08-14,22E1325262,,"1147,88925482","1147,88925482","9,0291",,,
2026-08-14,CRA021002YF,,"122,30575686","122,30575686","12,0813",,,
2026-08-14,CRA02300S35,,"961,94573107","961,94573107","12,45",,,
2026-08-14,22C1362141,,"838,41738559","838,41738559","10,6472",,,
2026-08-14,22B0004808,,,,,,,
2026-08-14,CRA022008N6,,"1123,39707144","1123,39707144","8,7351",,,
2026-08-14,22K0001204,,"1152,64310625","1152,64310625","7,586",,,
2026-08-14,24B0013203,,"1044,19030472","1044,19030472","10,5022",,,
2026-08-14,CRA02300CYS,,"1076,17331445","1076,17331445","7,7901",,,
2026-08-14,22E1325264,,"1105,77831915","1105,77831915","9,2082",,,
2026-08-14,CRA024001P6,,"955,51774391","955,51774391","13,3984",,,
2026-08-14,22E1095384,,"1047,5068316","1047,5068316","12,7857",,,
2026-08-14,21J0001208,,,,,,,
2026-08-14,22F0009804,,"1093,38520731","1093,38520731","8,9824",,,
2026-08-14,22F0009409,,"1086,85102411","1086,85102411","11,4481",,,
2026-08-14,CRA022003JT,,"1162,78902555","1162,78902555","9,6096",,,
2026-08-14,CRA022004MS,,"926,74555124","926,74555124","14,0706",,,
2026-08-14,23H0027404,,"1080,60410532","1080,60410532","8,5752",,,
2026-08-14,CRA022008NB,,"576,79296299","576,79296299",,,,
2026-08-14,22B0006022,,"1164,13222384","1164,13222384","12,2481",,,
2026-08-14,CRA024004SA,,"1006,70671547","1006,70671547","8,6037",,,
2026-08-14,22J0306937,,"1011,16573944","1011,16573944","14,0141",,,
2026-08-14,CRA02300G7F,,"1002,53592252","1002,53592252","11,945",,,
2026-08-14,CRA022008C7,,"1191,60946607","1191,60946607","8,4798",,,
2026-08-14,24E1835896,,"1056,06089298","1056,06089298","8,3449",,,
2026-08-14,CRA022007KI,,"1094,1491111","1094,1491111","11,3954",,,
2026-08-14,CRA02300JG3,,"1104,60888354","1104,60888354","8,5268",,,
2026-08-14,CRA022008N7,,"1028,12783614","1028,12783614","9,4221",,,
2026-08-14,CRA022000XF,,"1048,58871445","1048,58871445","11,8073",,,
2026-08-14,CRA02300JG4,,"1070,28570398","1070,28570398","8,7112",,,
2026-08-14,24F1277567,,"1017,38329486","1017,38329486","9,0416",,,
2026-08-14,23L1737622,,"1056,18739377","1056,18739377","8,45",,,
2026-08-14,22G1414303,,"1119,58669594","1119,58669594","11,2215",,,
2026-08-14,CRA022008ND,,"485,62903225","485,62903225",,,,
2026-08-14,CRA0240066J,,"992,73225945","992,73225945","9,8364",,,
2026-08-14,22J0306938,,"933,33113463","933,33113463","13,7637",,,
2026-08-14,CRA0240020C,,,,,,,
2026-08-14,CRA022007EP,,"1138,79490246","1138,79490246","7,7922",,,
2026-08-14,CRA024004SB,,"985,29390619","985,29390619","8,5901",,,
2026-08-14,CRA0240086K,,"970,5958645","970,5958645","9,4397",,,
2026-08-14,CRA024002ML,,"904,68348765","904,68348765","11,8558",,,
2026-08-14,22I0970804,,"1160,82892977","1160,82892977","9,2361",,,
2026-08-14,CRA0240066B,,"966,49960773","966,49960773","11,1046",,,
2026-08-14,CRA0220079D,,"996,89310331","996,89310331","12,0004",,,
2026-08-14,CRA0240086L,,"908,97118451","908,97118451","9,3271",,,
2026-08-14,CRA022006HK,,"1136,7718675","1136,7718675","8,9535",,,
2026-08-14,22I0970868,,"1120,14208227","1120,14208227","9,4244",,,
2026-08-14,23L1737623,,"1050,58307574","1050,58307574","8,1849",,,
2026-08-14,CRA022004S9,,"867,96684312","867,96684312","12,4177",,,
2026-08-14,CRA021002N3,,,,,,,
2026-08-14,CRA02300JG5,,"1051,75963311","1051,75963311","8,5918",,,
2026-08-14,CRA024004SC,,"919,95469109","919,95469109","9,3661",,,
2026-08-14,CRA022004XY,,"789,50031105","789,50031105","9,4955",,,
2026-08-14,22F0009410,,"1018,66561664","1018,66561664","11,4026",,,
2026-08-14,23F1519397,,"1051,10924402","1051,10924402","13,4494",,,
2026-08-14,24G1674104,,"879,17773802","879,17773802","9,1249",,,
2026-08-14,CRA02200C6Y,,"1071,72864084","1071,72864084","11,9147",,,
2026-08-14,CRA024007PU,,"998,58307986","998,58307986","9,6553",,,
2026-08-14,22K0934880,,"878,39028527","878,39028527","19,1284",,,
2026-08-14,CRA022006HE,,"1147,62818133","1147,62818133","10,2853",,,
2026-08-14,CRA023000RT,,"976,41594957","976,41594957","14,268",,,
2026-08-14,CRA022006BU,,"666,57717463","666,57717463","11,699",,,
2026-08-14,CRA0220073P,,"1029,11083809","1029,11083809","13,4536",,,
2026-08-14,CRA025000ME,,,,,,,
2026-08-14,CRA0240066K,,"909,5636061","909,5636061","11,471",,,
2026-08-14,22K0934889,,"691,49913503","691,49913503","18,8177",,,
2026-08-14,CRA024001QA,,"1118,59481657","1118,59481657","9,3537",,,
2026-08-14,CRA024007Q5,,"1059,36478871","1059,36478871","9,9524",,,
2026-08-14,CRA02200C6Z,,"1015,69981248","1015,69981248","12,0124",,,
2026-08-14,24A2721507,,"924,36514048","924,36514048","14,033",,,
2026-08-14,CRA022006HF,,"1080,50576235","1080,50576235","10,3127",,,
2026-08-14,CRA024009Q4,,"892,80163622","892,80163622","11,8783",,,
2026-08-14,22E1314836,,"1145,68863486","1145,68863486","10,5918",,,
2026-08-14,CRA022001E2,,"1205,65175004","1205,65175004","11,3985",,,
2026-08-14,CRA022004SD,,"1143,81218281","1143,81218281","12,0623",,,
2026-08-14,CRA02400AHZ,,"924,70585113","924,70585113","10,96",,,
2026-08-14,24J2539865,,"1015,72002267","1015,72002267","9,3678",,,
2026-08-14,CRA0240005O,,"1104,81974912","1104,81974912","9,5372",,,
2026-08-14,CRA022004H5,,"809,5246413","809,5246413","8,6843",,,
2026-08-14,23L2043184,,"1065,91567979","1065,91567979","9,9822",,,
2026-08-14,CRA024009Q5,,"842,16218765","842,16218765","11,5899",,,
2026-08-14,CRA02300MOQ,,"1010,59520628","1010,59520628","13,0694",,,
2026-08-14,23L0034761,,"892,63773044","892,63773044","11,4947",,,
2026-08-14,CRA0250080Y,,"958,58729673","958,58729673","9,0752",,,
2026-08-14,25D0012204,,"1036,59938918","1036,59938918","8,7275",,,
2026-08-14,23J1127331,,"914,83832503","914,83832503","13,4428",,,
2026-08-14,CRA0250080X,,"983,45698363","983,45698363","9,2528",,,
2026-08-14,CRA02400AYK,,"1024,42793413","1024,42793413","10,1098",,,
2026-08-14,CRA0230073N,,"1009,45576643","1009,45576643","8,6838",,,
2026-08-14,CRA025003PJ,,"881,42154707","881,42154707","9,7209",,,
2026-08-14,CRA024003UZ,,"1068,57872736","1068,57872736","9,4498",,,
2026-08-14,CRA021004NV,,"423,63358808","423,63358808","14,8056",,,
2026-08-14,CRA0250066B,,"842,21226901","842,21226901","11,7481",,,
2026-08-14,22E1321749,,"1160,74657374","1160,74657374","9,5126",,,
2026-08-14,CRA0240005P,,"1086,37085793","1086,37085793","9,3218",,,
2026-08-14,22E1321750,,"1119,56582419","1119,56582419","9,8295",,,
2026-08-14,CRA0250020C,,"881,20735345","881,20735345","11,7679",,,
2026-08-14,CRA02200795,,"584,62073598","584,62073598","11,262",,,
2026-08-14,CRA0250020D,,"842,46342958","842,46342958","11,9085",,,
2026-08-14,CRA0250018K,,"863,58514648","863,58514648","11,5927",,,
2026-08-14,CRA0250018L,,"862,42604875","862,42604875","11,2222",,,
2026-08-14,CRA0240099F,,"1043,93282316","1043,93282316","9,9843",,,
2026-08-14,CRA0250020E,,,,,,,
2026-08-14,CRA02500BVX,,"773,90088208","773,90088208","11,7421",,,
2026-08-14,CRA025008C2,,"996,24193047","996,24193047","9,87",,,
2026-08-14,CRA02400AHX,,"1030,74081446","1030,74081446","10,0904",,,
2026-08-14,CRA025008HR,,,,,,,
2026-08-14,CRA025006NC,,"996,12590231","996,12590231","10,1089",,,
2026-08-14,CRA02300796,,"1083,61159305","1083,61159305","11,8506",,,
2026-08-14,CRA023003JY,,"1139,20659078","1139,20659078","10,577",,,
2026-08-14,23F2455004,,"971,68032384","971,68032384","16,7501",,,
2026-08-14,23I1259644,,"876,39942765","876,39942765","19,2966",,,
2026-08-14,23J1141681,,"974,57701008","974,57701008","15,0099",,,
2026-08-14,23K0018801,,"926,36593207","926,36593207","14,5643",,,
2026-08-14,23K0022041,,"996,84643374","996,84643374","14,913",,,
2026-08-14,24A2715837,,"881,85294646","881,85294646","19,7328",,,
2026-08-14,24A2721829,,"852,08269174","852,08269174","19,2159",,,
2026-08-14,25D0271049,,"1010,83445824","1010,83445824","15,5505",,,
2026-08-14,CRA02300G7D,,"1003,43747538","1003,43747538","16,8983",,,
2026-08-14,CRA02300HWK,,"968,72403297","968,72403297","13,8528",,,
2026-08-14,CRA02300JR7,,"442,06893905","442,06893905",,,,
2026-08-14,CRA02300SPD,,"890,25711169","890,25711169","18,1321",,,
2026-08-14,CRA02300SUZ,,"852,52161736","852,52161736","19,3589",,,
2026-08-14,CRA024000B8,,"878,90091865","878,90091865","18,5648",,,
2026-08-14,CRA024001P5,,,,,,,
2026-08-14,CRA0240020B,,,,,,,
2026-08-14,CRA024002MH,,"932,19561297","932,19561297","16,6115",,,
2026-08-14,CRA024002S2,,"912,30962318","912,30962318","19,1819",,,
2026-08-14,CRA024002S3,,"867,22964928","867,22964928","18,5987",,,
2026-08-14,CRA024005K2,,,,,,,
2026-08-14,CRA0240066D,,"946,51454293","946,51454293","18,1067",,,
2026-08-14,CRA0240066G,,"889,96396508","889,96396508","17,3115",,,
2026-08-14,CRA024007PT,,"946,03638939","946,03638939","16,3278",,,
2026-08-14,CRA024007Q3,,"957,12604715","957,12604715","17,2895",,,
2026-08-14,CRA024009Q3,,"918,75238555","918,75238555","17,2993",,,
2026-08-14,CRA02400AHY,,"909,04297119","909,04297119","17,2501",,,
2026-08-14,CRA02400AYM,,"935,28170427","935,28170427","18,6242",,,
2026-08-14,CRA02400AYP,,"890,80216032","890,80216032","18,6239",,,
2026-08-14,CRA02500001,,"999,46721182","999,46721182","15,9778",,,
2026-08-14,CRA0250012X,,"1011,66470134","1011,66470134","17,978",,,
2026-08-14,CRA0250018I,,"953,43640772","953,43640772","17,4585",,,
2026-08-14,CRA025002S3,,"965,82181369","965,82181369","19,2453",,,
2026-08-14,CRA025002S4,,"933,89630229","933,89630229","19,3865",,,
2026-08-14,CRA0250040J,,,,,,,
2026-08-14,CRA025005EH,,"982,97336416","982,97336416","16,0069",,,
2026-08-14,CRA025005V7,,"857,70122888","857,70122888","19,2133",,,
2026-08-14,CRA025005V8,,"860,55628963","860,55628963","18,9462",,,
2026-08-14,CRA0250066A,,"898,40583937","898,40583937","17,3305",,,
2026-08-14,CRA025006NB,,"950,7360018","950,7360018","16,4494",,,
2026-08-14,CRA025006SS,,,,,,,
2026-08-14,CRA025007KE,,"993,29162641","993,29162641","16,4099",,,
2026-08-14,CRA025007KK,,"1015,19658181","1015,19658181","15,2281",,,
2026-08-14,CRA025008C1,,,,,,,
2026-08-14,CRA025008NA,,"980,46318227","980,46318227","15,9288",,,
2026-08-14,CRA025008ND,,"975,15652033","975,15652033","15,9545",,,
2026-08-14,CRA025009VO,,,,,,,
2026-08-14,CRA02500A15,,"969,57284654","969,57284654","16,4477",,,
2026-08-14,CRA02500AHU,,"1019,72779716","1019,72779716","15,4677",,,
2026-08-14,CRA026001JM,,"955,91736501","955,91736501","16,6661",,,
2026-08-14,CRA026002BE,,"962,05769581","962,05769581","16,1626",,,
2026-08-13,CRA019003V2,,"417,5964002","417,5964002",,,,
2026-08-13,CRA024004H7,,"1047,59346866","1047,59346866","99,542",,,
2026-08-13,CRA0250018H,,"1023,98730596","1023,98730596","105,3095",,,
2026-08-13,CRA02500BVT,,"1047,24268136","1047,24268136","107,9233",,,
2026-08-13,25I2731571,,"1029,97157285","1029,97157285","103,3032",,,
2026-08-13,24D2765715,,"1054,88540013","1054,88540013","98,8902",,,
2026-08-13,CRA023007VD,,"1023,51339616","1023,51339616","97,2233",,,
2026-08-13,CRA026002BD,,,,,,,
2026-08-13,24D3313768,,"1033,19429729","1033,19429729","98,2883",,,
2026-08-13,25G5109813,,"950,35987875","950,35987875","117,0236",,,
2026-08-13,CRA023003UX,,"1062,98200669","1062,98200669","95,4694",,,
2026-08-13,CRA02500669,,"1120,31452429","1120,31452429","109,6016",,,
2026-08-13,CRA025008HM,,"1034,75031119","1034,75031119","107,0396",,,
2026-08-13,25F0010202,,,,,,,
2026-08-13,24F1277566,,"1022,77248716","1022,77248716","99,588",,,
2026-08-13,CRA02300209,,"1015,78774034","1015,78774034","94,9166",,,
2026-08-13,25G5313879,,"1007,30617102","1007,30617102","104,7791",,,
2026-08-13,CRA025008N8,,"1032,00801294","1032,00801294","107,1347",,,
2026-08-13,22J0346710,,"1016,20059201","1016,20059201","95,3916",,,
2026-08-13,CRA0240066A,,"986,76215629","986,76215629","115,6877",,,
2026-08-13,CRA025006SR,,"992,33944185","992,33944185","107,724",,,
2026-08-13,CRA025007KD,,"1038,34264004","1038,34264004","108,9273",,,
2026-08-13,CRA025002S1,,"982,30443972","982,30443972","121,4362",,,
2026-08-13,CRA025005V5,,"944,76151838","944,76151838","121,1222",,,
2026-08-13,24D0006602,,"1066,39974302","1066,39974302","98,845",,,
2026-08-13,25E0013305,,"1041,7258168","1041,7258168","103,4866",,,
2026-08-13,CRA02300TSB,,"1068,97876836","1068,97876836","98,1669",,,
2026-08-13,CRA02400AYL,,"983,78727192","983,78727192","119,7333",,,
2026-08-13,CRA025008C3,,"989,50341401","989,50341401","111,3449",,,
2026-08-13,CRA025005EI,,"988,06467375","988,06467375","110,193",,,
2026-08-13,23K0018802,,"1039,82388024","1039,82388024","98,5552",,,
2026-08-13,CRA025006NA,,"992,90419657","992,90419657","111,1478",,,
2026-08-13,23K0019201,,,,,,,
2026-08-13,CRA026001JL,,"991,9556305","991,9556305","111,3281",,,
2026-08-13,25H0243072,,"1007,86146815","1007,86146815","107,9453",,,
2026-08-13,CRA02300NRL,,"1093,89587578","1093,89587578","98,1",,,
2026-08-13,CRA025003UZ,,"1023,31761536","1023,31761536","107,8451",,,
2026-08-13,CRA02300CYQ,,"1083,34061612","1083,34061612","97,8138",,,
2026-08-13,CRA02300HWH,,"1124,34174314","1124,34174314","99,3455",,,
2026-08-13,24I1980390,,"998,31204638","998,31204638","125,0581",,,
2026-08-13,25B3099731,,"1055,89520761","1055,89520761","98,2988",,,
2026-08-13,25D0012202,,"1036,34575859","1036,34575859","98,2322",,,
2026-08-13,25J4546988,,"1016,53418819","1016,53418819","99,223",,,
2026-08-13,25D0012203,,"1033,21758196","1033,21758196","99,615",,,
2026-08-13,26C3164285,,"995,27889489","995,27889489","98,1266",,,
2026-08-13,CRA025003PD,,"988,48146165","988,48146165","103,0286",,,
2026-08-13,24H1684874,,"1065,00475581","1065,00475581","97,3572",,,
2026-08-13,24D2765586,,"696,18258308","696,18258308","97,9205",,,
2026-08-13,25G3629974,,"996,96685616","996,96685616","101,3029",,,
2026-08-13,25I0014209,,,,,,,
2026-08-13,25K0012820,,,,,,,
2026-08-13,CRA024004H5,,"1044,57189138","1044,57189138","98,803",,,
2026-08-13,25D0113938,,"1013,7787216","1013,7787216","106,8148",,,
2026-08-13,25G3629975,,"989,96287511","989,96287511","103,2373",,,
2026-08-13,24E1393588,,"1033,10818616","1033,10818616","99,3077",,,
2026-08-13,CRA025008NB,,"1014,49694348","1014,49694348","1,188",,,
2026-08-13,CRA024009Q2,,"990,10528128","990,10528128","1,8888",,,
2026-08-13,22D1289009,,"1024,19943203","1024,19943203","0,3212",,,
2026-08-13,CRA02400AYN,,"956,82476326","956,82476326","2,5542",,,
2026-08-13,CRA02500003,,"986,62817833","986,62817833","1,3035",,,
2026-08-13,CRA0250018J,,"946,55025796","946,55025796","2,6352",,,
2026-08-13,CRA025007PT,,"1023,76885241","1023,76885241","1,1257",,,
2026-08-13,CRA02300Q2Y,,,,,,,
2026-08-13,CRA025002S2,,"928,63914962","928,63914962","3,7165",,,
2026-08-13,23J0019601,,,,,,,
2026-08-13,23K0018602,,"1017,39887988","1017,39887988","0,3902",,,
2026-08-13,24B0013201,,"1046,58363972","1046,58363972","2,3684",,,
2026-08-13,23H1188857,,"1065,1121719","1065,1121719","0,1519",,,
2026-08-13,CRA02300RS5,,"1001,71479841","1001,71479841","2,3949",,,
2026-08-13,22C0023008,,"533,16068565","533,16068565","0,1297",,,
2026-08-13,23K0018401,,"1042,04629625","1042,04629625","0,3786",,,
2026-08-13,CRA02300GCY,,,,,,,
2026-08-13,CRA025005V6,,"883,04259847","883,04259847","3,9997",,,
2026-08-13,22E1325261,,"1073,78822048","1073,78822048","0,5082",,,
2026-08-13,22F0230096,,"1029,80678674","1029,80678674","0,2277",,,
2026-08-13,22K0934871,,"947,63463431","947,63463431","7,3366",,,
2026-08-13,22I0970801,,"1065,16147823","1065,16147823","0,3514",,,
2026-08-13,22J0305579,,"1002,41121247","1002,41121247","5,0852",,,
2026-08-13,CRA02300JG2,,"1066,87680912","1066,87680912","0,4631",,,
2026-08-13,CRA02300NRM,,"1066,05171708","1066,05171708","0,1506",,,
2026-08-13,CRA0240066F,,"992,52492337","992,52492337","2,1587",,,
2026-08-13,22E1315701,,"1010,43440297","1010,43440297","0,9835",,,
2026-08-13,23J1142031,,"1050,40392367","1050,40392367","0,7502",,,
2026-08-13,CRA022008NC,,"1068,60733125","1068,60733125","1,1784",,,
2026-08-13,CRA023000GP,,"972,21639923","972,21639923","4,0047",,,
2026-08-13,CRA024007K9,,"998,56729239","998,56729239","1,5431",,,
2026-08-13,22F0315398,,"1032,0687273","1032,0687273","0,4286",,,
2026-08-13,CRA024002MJ,,"1030,06329664","1030,06329664","2,3932",,,
2026-08-13,23H0027402,,"1088,12693759","1088,12693759","0,1439",,,
2026-08-13,CRA022006HJ,,"1010,41722702","1010,41722702","1,1708",,,
2026-08-13,CRA022008C9,,"1065,95618928","1065,95618928","0,7536",,,
2026-08-13,CRA022008CB,,"983,61656813","983,61656813","1,488",,,
2026-08-13,23H1191899,,"1081,9920616","1081,9920616","0,4049",,,
2026-08-13,CRA024002S1,,"1043,68314467","1043,68314467","1,937",,,
2026-08-13,CRA02400AHV,,"1026,04081534","1026,04081534","1,5046",,,
2026-08-13,23F2455020,,,,,,,
2026-08-13,CRA023000MC,,"1425,66099112","1425,66099112","4,7609",,,
2026-08-13,CRA024001P7,,"979,39972094","979,39972094","4,874",,,
2026-08-13,CRA024007Q4,,"1071,35152862","1071,35152862","1,2889",,,
2026-08-13,23C0247388,,"1075,85727328","1075,85727328","0,4997",,,
2026-08-13,23G0009601,,"814,57364993","814,57364993","0,2402",,,
2026-08-13,23C0247702,,"1091,28574832","1091,28574832","0,5085",,,
2026-08-13,CRA022008NF,,"1075,96371737","1075,96371737","1,2787",,,
2026-08-13,CRA023002GX,,"414,78424603","414,78424603","1,4385",,,
2026-08-13,23J1127308,,"999,88700386","999,88700386","4,2001",,,
2026-08-13,22C1235206,,"1012,89493164","1012,89493164","0,688",,,
2026-08-13,CRA0220080Y,,"421,70821855","421,70821855","1,7029",,,
2026-08-13,CRA02300G7E,,"1066,94935302","1066,94935302","1,9751",,,
2026-08-13,CRA02300MJ9,,"1062,42686554","1062,42686554","1,5629",,,
2026-08-13,CRA024003UY,,"1011,42514687","1011,42514687","1,6015",,,
2026-08-13,CRA0240020A,,"1050,9605058","1050,9605058","2,7956",,,
2026-08-13,CRA0240099E,,"1028,53273587","1028,53273587","2,1535",,,
2026-08-13,CRA025009KJ,,"975,45401591","975,45401591","2,6964",,,
2026-08-13,24A2720884,,"940,26645852","940,26645852","5,336",,,
2026-08-13,22L1465644,,"1010,61250688","1010,61250688","1,8046",,,
2026-08-13,CRA0230073L,,"791,15789189","791,15789189","1,0889",,,
2026-08-13,22J0000801,,,,,,,
2026-08-13,23F0012002,,"685,34702504","685,34702504","1,0714",,,
2026-08-13,23L2043099,,"1031,58426283","1031,58426283","1,4141",,,
2026-08-13,CRA02300VBT,,"1032,33886492","1032,33886492","1,3769",,,
2026-08-13,CRA022008NH,,"1092,37077271","1092,37077271","1,0109",,,
2026-08-13,CRA0230012X,,"1062,53873052","1062,53873052","2,2752",,,
2026-08-13,CRA0240005N,,"1015,83289796","1015,83289796","1,5436",,,
2026-08-13,24K0003002,,"1011,15610244","1011,15610244","3,0451",,,
2026-08-13,CRA02300Q8I,,"609,7475434","609,7475434","1,6277",,,
2026-08-13,23H1023846,,"960,42446616","960,42446616","1,1951",,,
2026-08-13,23J1333602,,"1021,39885098","1021,39885098","4,7908",,,
2026-08-13,CRA022001P6,,"1019,38842956","1019,38842956","1,3008",,,
2026-08-13,CRA022008C2,,"1072,38822847","1072,38822847","3,179",,,
2026-08-13,CRA024000B7,,"970,287695","970,287695","3,52",,,
2026-08-13,23D0005401,,,,,,,
2026-08-13,CRA02300BQD,,,,,,,
2026-08-13,CRA025000MJ,,"781,01113787","781,01113787","2,2505",,,
2026-08-13,22L1212138,,"916,10574463","916,10574463","2,2364",,,
2026-08-13,CRA02300KZL,,"784,89935542","784,89935542","2,7928",,,
2026-08-13,CRA024005K1,,"1021,21566403","1021,21566403","3,1856",,,
2026-08-13,CRA02300795,,"1000,44627103","1000,44627103","3,4453",,,
2026-08-13,CRA02300CCH,,"997,90936799","997,90936799","3,5277",,,
2026-08-13,CRA0250040I,,"1024,19137459","1024,19137459","3,1347",,,
2026-08-13,CRA0220099D,,"347,36268113","347,36268113","1,1509",,,
2026-08-13,CRA023003JX,,"876,5530761","876,5530761","2,1982",,,
2026-08-13,CRA0240086H,,"1026,45310098","1026,45310098","2,1867",,,
2026-08-13,CRA0250012Y,,"1005,73498785","1005,73498785","3,2507",,,
2026-08-13,23F0012602,,"628,89997965","628,89997965","3,904",,,
2026-08-13,CRA022000RU,,"188,59941003","188,59941003","3,588",,,
2026-08-13,CRA024002MM,,"978,61280975","978,61280975","3,5001",,,
2026-08-13,CRA02400ECU,,"5101,9922936","5101,9922936","4,5343",,,
2026-08-13,CRA023001JL,,"587,51485332","587,51485332","4,0123",,,
2026-08-13,CRA02300KOH,,"779,16695632","779,16695632","2,9943",,,
2026-08-13,CRA02300JR6,,"477,03315394","477,03315394",,,,
2026-08-13,CRA019003JY,,"1376,81176936","1376,81176936","7,6922",,,
2026-08-13,CRA019003V3,,"681,85570116","681,85570116",,,,
2026-08-13,CRA021000MG,,"1296,48365444","1296,48365444","8,6689",,,
2026-08-13,CRA021000MH,,"1206,98348211","1206,98348211","8,8074",,,
2026-08-13,CRA02100002,,"713,3096754","713,3096754","10,3644",,,
2026-08-13,CRA020003K0,,,,,,,
2026-08-13,CRA021000MB,,"670,71099943","670,71099943","10,0548",,,
2026-08-13,CRA021001PQ,,"1167,22782056","1167,22782056","11,814",,,
2026-08-13,CRA019001E7,,"1436,03326962","1436,03326962","7,7116",,,
2026-08-13,CRA021001VA,,"1053,67466689","1053,67466689","11,5356",,,
2026-08-13,21G0065100,,"1247,97024151","1247,97024151","8,4981",,,
2026-08-13,CRA0210013B,,"1036,8110222","1036,8110222","11,6961",,,
2026-08-13,CRA021001KB,,"1182,2784142","1182,2784142","8,3413",,,
2026-08-13,CRA021002SO,,"1238,52324543","1238,52324543","8,6204",,,
2026-08-13,21D0737500,,"869,90125967","869,90125967","8,3361",,,
2026-08-13,21D0862572,,"1067,62501499","1067,62501499","8,6761",,,
2026-08-13,21H1078699,,"1163,86432235","1163,86432235","11,1979",,,
2026-08-13,21H1078700,,"1066,47349762","1066,47349762","11,2267",,,
2026-08-13,CRA021000SC,,,,,,,
2026-08-13,CRA020002GZ,,"1372,96217707","1372,96217707","11,3649",,,
2026-08-13,21D0694886,,"873,36205593","873,36205593","9,8046",,,
2026-08-13,CRA021002NF,,"1206,82701116","1206,82701116","9,2744",,,
2026-08-13,CRA020001P7,,"604,50966852","604,50966852",,,,
2026-08-13,CRA021000RX,,"1239,50821579","1239,50821579","12,5567",,,
2026-08-13,21I0278118,,"968,43396098","968,43396098","9,234",,,
2026-08-13,21K0001806,,"1158,02802874","1158,02802874","8,3034",,,
2026-08-13,CRA021000RY,,"1224,59424158","1224,59424158","9,3759",,,
2026-08-13,CRA020002H1,,"1236,96316169","1236,96316169","11,9223",,,
2026-08-13,CRA022002Y1,,"610,78140305","610,78140305","8,5079",,,
2026-08-13,CRA020003PY,,"1190,41877187","1190,41877187","12,413",,,
2026-08-13,21K0001812,,"796,86029711","796,86029711","18,4232",,,
2026-08-13,CRA021002YA,,"508,28145489","508,28145489","11,7408",,,
2026-08-13,CRA020001P8,,"604,67482073","604,67482073",,,,
2026-08-13,22D1289007,,"1138,89350923","1138,89350923","8,1438",,,
2026-08-13,22D1289010,,"1205,00038988","1205,00038988","7,7838",,,
2026-08-13,CRA022002Y2,,"1170,4589005","1170,4589005","9,1858",,,
2026-08-13,CRA022006N5,,"1083,76194945","1083,76194945","8,7035",,,
2026-08-13,22D1289008,,"1105,37212382","1105,37212382","8,2347",,,
2026-08-13,CRA022002Y3,,"1122,68881944","1122,68881944","8,7986",,,
2026-08-13,CRA022002XN,,"1005,73026767","1005,73026767","9,1178",,,
2026-08-13,21K0001807,,"1099,91290857","1099,91290857","8,3772",,,
2026-08-13,22D1289011,,,,,,,
2026-08-13,22K0001201,,"1164,37521499","1164,37521499","7,6843",,,
2026-08-13,23H0027403,,"1098,72413332","1098,72413332","8,4462",,,
2026-08-13,CRA022006MY,,,,,,,
2026-08-13,22K0001203,,"1158,99705113","1158,99705113","7,8259",,,
2026-08-13,22E1325262,,"1148,51584191","1148,51584191","8,9916",,,
2026-08-13,CRA021002YF,,"122,20792673","122,20792673","12,3243",,,
2026-08-13,CRA02300S35,,"959,73271396","959,73271396","12,5122",,,
2026-08-13,22C1362141,,"837,96913147","837,96913147","10,6508",,,
2026-08-13,22B0004808,,"866,78713989","866,78713989","18,0003",,,
2026-08-13,CRA022008N6,,"1125,88583369","1125,88583369","8,6688",,,
2026-08-13,22K0001204,,"1152,82861515","1152,82861515","7,5789",,,
2026-08-13,24B0013203,,"1044,089526","1044,089526","10,4884",,,
2026-08-13,CRA02300CYS,,"1074,69756581","1074,69756581","7,8102",,,
2026-08-13,22E1325264,,"1108,28208542","1108,28208542","9,1383",,,
2026-08-13,CRA024001P6,,"954,64882242","954,64882242","13,4129",,,
2026-08-13,22E1095384,,"1047,95052053","1047,95052053","12,7449",,,
2026-08-13,21J0001208,,"429,81608501","429,81608501","19,3361",,,
2026-08-13,22F0009804,,"1095,52587546","1095,52587546","8,9205",,,
2026-08-13,22F0009409,,"1085,92635556","1085,92635556","11,4686",,,
2026-08-13,CRA022003JT,,"1161,90837983","1161,90837983","9,6344",,,
2026-08-13,CRA022004MS,,"927,73205946","927,73205946","14,0234",,,
2026-08-13,23H0027404,,"1083,10623426","1083,10623426","8,5149",,,
2026-08-13,CRA022008NB,,"564,97481811","564,97481811",,,,
2026-08-13,22B0006022,,"1164,15912689","1164,15912689","12,2164",,,
2026-08-13,CRA024004SA,,"1006,81117294","1006,81117294","8,5953",,,
2026-08-13,22J0306937,,"1012,27932851","1012,27932851","13,9467",,,
2026-08-13,CRA02300G7F,,"1002,21441478","1002,21441478","11,9398",,,
2026-08-13,CRA022008C7,,"1192,46355979","1192,46355979","8,4195",,,
2026-08-13,24E1835896,,"1055,21736271","1055,21736271","8,3573",,,
2026-08-13,CRA022007KI,,"1095,22878042","1095,22878042","11,332",,,
2026-08-13,CRA02300JG3,,"1105,81515937","1105,81515937","8,4821",,,
2026-08-13,CRA022008N7,,"1036,01147264","1036,01147264","9,2963",,,
2026-08-13,CRA022000XF,,"1054,44507731","1054,44507731","11,6279",,,
2026-08-13,CRA02300JG4,,"1072,96074609","1072,96074609","8,6474",,,
2026-08-13,24F1277567,,"1019,52669905","1019,52669905","8,9709",,,
2026-08-13,23L1737622,,"1053,74425909","1053,74425909","8,4916",,,
2026-08-13,22G1414303,,"1119,8284418","1119,8284418","11,1894",,,
2026-08-13,CRA022008ND,,"485,72328473","485,72328473",,,,
2026-08-13,CRA0240066J,,"995,7103004","995,7103004","9,74",,,
2026-08-13,22J0306938,,"933,4276702","933,4276702","13,746",,,
2026-08-13,CRA0240020C,,,,,,,
2026-08-13,CRA022007EP,,"1142,93824476","1142,93824476","7,721",,,
2026-08-13,CRA024004SB,,"986,16133266","986,16133266","8,573",,,
2026-08-13,CRA0240086K,,"973,56318516","973,56318516","9,377",,,
2026-08-13,22K1520055,,,,,,,
2026-08-13,CRA024002ML,,"905,91562187","905,91562187","11,8149",,,
2026-08-13,22I0970804,,"1161,48577778","1161,48577778","9,1983",,,
2026-08-13,CRA0240066B,,"961,95765717","961,95765717","11,2328",,,
2026-08-13,CRA0220079D,,"998,25984333","998,25984333","11,9498",,,
2026-08-13,CRA0240086L,,"912,89806395","912,89806395","9,2698",,,
2026-08-13,CRA022006HK,,"1138,26186095","1138,26186095","8,8838",,,
2026-08-13,22I0970868,,"1122,84500496","1122,84500496","9,3509",,,
2026-08-13,23L1737623,,"1049,12513894","1049,12513894","8,1995",,,
2026-08-13,CRA022004S9,,"870,17863087","870,17863087","12,3653",,,
2026-08-13,CRA021002N3,,,,,,,
2026-08-13,CRA02300JG5,,"1052,60910607","1052,60910607","8,5748",,,
2026-08-13,CRA024004SC,,"922,11171385","922,11171385","9,3327",,,
2026-08-13,CRA022004XY,,"788,4030799","788,4030799","9,5887",,,
2026-08-13,22F0009410,,"1020,07371387","1020,07371387","11,351",,,
2026-08-13,23F1519397,,"1050,81304597","1050,81304597","13,4304",,,
2026-08-13,24G1674104,,"879,97557844","879,97557844","9,0929",,,
2026-08-13,CRA02200C6Y,,"1071,22005991","1071,22005991","11,9146",,,
2026-08-13,CRA024007PU,,"1000,79972692","1000,79972692","9,6013",,,
2026-08-13,22K0934880,,"884,03714074","884,03714074","18,8365",,,
2026-08-13,CRA022006HE,,"1148,29510519","1148,29510519","10,2197",,,
2026-08-13,CRA023000RT,,"977,87088744","977,87088744","14,1903",,,
2026-08-13,CRA022006BU,,"668,93524314","668,93524314","11,4425",,,
2026-08-13,CRA0220073P,,"1031,77191428","1031,77191428","13,3193",,,
2026-08-13,CRA025000ME,,,,,,,
2026-08-13,CRA0240066K,,"921,03068837","921,03068837","11,1949",,,
2026-08-13,22K0934889,,"701,97848598","701,97848598","18,4507",,,
2026-08-13,CRA024001QA,,"1118,75456379","1118,75456379","9,3259",,,
2026-08-13,CRA024007Q5,,"1059,71779687","1059,71779687","9,9234",,,
2026-08-13,CRA02200C6Z,,"1019,79125782","1019,79125782","11,8909",,,
2026-08-13,24A2721507,,"926,26879719","926,26879719","13,9445",,,
2026-08-13,CRA022006HF,,"1083,42732766","1083,42732766","10,2269",,,
2026-08-13,CRA024009Q4,,"892,52073751","892,52073751","11,8749",,,
2026-08-13,22E1314836,,"1146,11245098","1146,11245098","10,5425",,,
2026-08-13,CRA022001E2,,"1203,97530954","1203,97530954","11,4758",,,
2026-08-13,CRA022004SD,,"1143,49308649","1143,49308649","12,0479",,,
2026-08-13,CRA02400AHZ,,"923,69943404","923,69943404","10,9732",,,
2026-08-13,24J2539865,,"1017,43641831","1017,43641831","9,3253",,,
2026-08-13,CRA0240005O,,"1105,42146923","1105,42146923","9,4598",,,
2026-08-13,CRA022004H5,,"808,47496611","808,47496611","8,7771",,,
2026-08-13,23L2043184,,"1066,48373537","1066,48373537","9,951",,,
2026-08-13,CRA024009Q5,,"843,13188692","843,13188692","11,5651",,,
2026-08-13,CRA02300MOQ,,"1022,37923394","1022,37923394","12,6196",,,
2026-08-13,23L0034761,,"894,62868841","894,62868841","11,4264",,,
2026-08-13,CRA0250080Y,,"957,88514386","957,88514386","9,0799",,,
2026-08-13,25D0012204,,"1038,93937829","1038,93937829","8,66",,,
2026-08-13,23J1127331,,"914,70557425","914,70557425","13,4334",,,
2026-08-13,CRA0250080X,,"984,6391804","984,6391804","9,2256",,,
2026-08-13,CRA02400AYK,,"1026,8989969","1026,8989969","10,0219",,,
2026-08-13,CRA0230073N,,"1010,66134183","1010,66134183","8,5864",,,
2026-08-13,CRA025003PJ,,"883,29674621","883,29674621","9,6941",,,
2026-08-13,CRA024003UZ,,"1070,0248552","1070,0248552","9,3889",,,
2026-08-13,CRA021004NV,,"423,392491","423,392491","14,8015",,,
2026-08-13,CRA0250066B,,"847,07637854","847,07637854","11,6361",,,
2026-08-13,22E1321749,,"1160,59702111","1160,59702111","9,4996",,,
2026-08-13,CRA0240005P,,"1086,94555065","1086,94555065","9,2923",,,
2026-08-13,22E1321750,,"1119,78605154","1119,78605154","9,8133",,,
2026-08-13,CRA0250020C,,"878,10192728","878,10192728","11,8255",,,
2026-08-13,CRA02200795,,"583,85079361","583,85079361","11,3701",,,
2026-08-13,CRA0250020D,,"843,45134567","843,45134567","11,8829",,,
2026-08-13,CRA0250018K,,"864,57788512","864,57788512","11,5679",,,
2026-08-13,CRA0250018L,,"847,48646518","847,48646518","11,4505",,,
2026-08-13,CRA0240099F,,"1047,75631939","1047,75631939","9,8891",,,
2026-08-13,CRA0250020E,,,,,,,
2026-08-13,CRA02500BVX,,"774,20425385","774,20425385","11,7314",,,
2026-08-13,CRA025008C2,,"998,71003489","998,71003489","9,8014",,,
2026-08-13,CRA02400AHX,,"1031,44468546","1031,44468546","10,0671",,,
2026-08-13,CRA025008HR,,,,,,,
2026-08-13,CRA025006NC,,"999,02765198","999,02765198","10,0244",,,
2026-08-13,CRA02300796,,"1084,11945553","1084,11945553","11,8119",,,
2026-08-13,CRA023003JY,,"1139,56978831","1139,56978831","10,532",,,
2026-08-13,23F2455004,,"971,31000496","971,31000496","16,7192",,,
2026-08-13,23I1259644,,"875,95181713","875,95181713","19,2892",,,
2026-08-13,23J1141681,,"974,67788818","974,67788818","14,9701",,,
2026-08-13,23K0018801,,"927,23809253","927,23809253","14,5045",,,
2026-08-13,23K0022030,,,,,,,
2026-08-13,23K0022041,,"994,86227894","994,86227894","15,0193",,,
2026-08-13,24A2715837,,"880,01448312","880,01448312","19,8106",,,
2026-08-13,24A2721829,,"849,63150158","849,63150158","19,3007",,,
2026-08-13,25D0271049,,"1011,90713136","1011,90713136","15,4984",,,
2026-08-13,CRA02300G7D,,"1003,06938477","1003,06938477","16,8662",,,
2026-08-13,CRA02300HWK,,"974,64216691","974,64216691","13,6918",,,
2026-08-13,CRA02300JR7,,"442,19545907","442,19545907",,,,
2026-08-13,CRA02300SPD,,"888,27693484","888,27693484","18,1948",,,
2026-08-13,CRA02300SUZ,,"847,04728101","847,04728101","19,5924",,,
2026-08-13,CRA024000B8,,"880,95390363","880,95390363","18,4455",,,
2026-08-13,CRA024001P5,,,,,,,
2026-08-13,CRA0240020B,,,,,,,
2026-08-13,CRA024002MH,,"933,5599892","933,5599892","16,4781",,,
2026-08-13,CRA024002S2,,"912,69047152","912,69047152","19,1202",,,
2026-08-13,CRA024002S3,,"868,70707278","868,70707278","18,5143",,,
2026-08-13,CRA024005K2,,,,,,,
2026-08-13,CRA0240066D,,"946,94589877","946,94589877","18,0609",,,
2026-08-13,CRA0240066G,,"890,98978625","890,98978625","17,2529",,,
2026-08-13,CRA024007PT,,"944,49209632","944,49209632","16,3644",,,
2026-08-13,CRA024007Q3,,"957,97317776","957,97317776","17,2219",,,
2026-08-13,CRA024009Q3,,"916,0000727","916,0000727","17,3756",,,
2026-08-13,CRA02400AHY,,"912,23101235","912,23101235","17,1269",,,
2026-08-13,CRA02400AYM,,"936,06575286","936,06575286","18,5549",,,
2026-08-13,CRA02400AYP,,"899,19995174","899,19995174","18,3494",,,
2026-08-13,CRA02500001,,"999,21177059","999,21177059","15,9633",,,
2026-08-13,CRA0250012X,,"1013,0717587","1013,0717587","17,8876",,,
2026-08-13,CRA0250018I,,"954,84452451","954,84452451","17,393",,,
2026-08-13,CRA025002S3,,"966,62399607","966,62399607","19,1789",,,
2026-08-13,CRA025002S4,,"935,0495002","935,0495002","19,3235",,,
2026-08-13,CRA0250040J,,,,,,,
2026-08-13,CRA025005EH,,"984,32615416","984,32615416","15,9488",,,
2026-08-13,CRA025005V7,,"856,50642803","856,50642803","19,2333",,,
2026-08-13,CRA025005V8,,"855,67480191","855,67480191","19,0754",,,
2026-08-13,CRA0250066A,,"899,67253216","899,67253216","17,2717",,,
2026-08-13,CRA025006NB,,"952,04179107","952,04179107","16,3883",,,
2026-08-13,CRA025006SS,,,,,,,
2026-08-13,CRA025007KE,,"987,84445407","987,84445407","16,5624",,,
2026-08-13,CRA025007KK,,"1011,73751479","1011,73751479","15,3096",,,
2026-08-13,CRA025008C1,,,,,,,
2026-08-13,CRA025008NA,,"979,69841918","979,69841918","15,9343",,,
2026-08-13,CRA025008ND,,"975,6877166","975,6877166","15,9251",,,
2026-08-13,CRA025009VO,,,,,,,
2026-08-13,CRA02500A15,,"967,82807296","967,82807296","16,4834",,,
2026-08-13,CRA02500AHU,,"1019,06991567","1019,06991567","15,4704",,,
2026-08-13,CRA026001JM,,"957,24244721","957,24244721","16,6076",,,
2026-08-13,CRA026002BE,,"963,09422777","963,09422777","16,1175",,,
2026-08-12,CRA019003V2,,"420,57315655","420,57315655",,,,
2026-08-12,CRA024004H7,,"1046,96482229","1046,96482229","99,5703",,,
2026-08-12,CRA0250018H,,"1024,01119059","1024,01119059","105,1773",,,
2026-08-12,CRA02500BVT,,"1046,41178175","1046,41178175","108,0004",,,
2026-08-12,25I2731571,,"1029,82490296","1029,82490296","103,2368",,,
2026-08-12,24D2765715,,"1054,3655261","1054,3655261","98,8797",,,
2026-08-12,CRA023007VD,,"1023,04835305","1023,04835305","97,1975",,,
2026-08-12,CRA026002BD,,"1017,97091932","1017,97091932","104,8416",,,
2026-08-12,24D3313768,,"1032,64929674","1032,64929674","98,3088",,,
2026-08-12,25G5109813,,"951,95870791","951,95870791","116,5126",,,
2026-08-12,CRA023003UX,,"1062,49682447","1062,49682447","95,4169",,,
2026-08-12,CRA02500669,,"1120,26038067","1120,26038067","109,488",,,
2026-08-12,CRA025008HM,,"1034,75771952","1034,75771952","106,9266",,,
2026-08-12,25F0010202,,,,,,,
2026-08-12,24F1277566,,"1022,15837399","1022,15837399","99,6068",,,
2026-08-12,CRA02300209,,"1015,35350708","1015,35350708","94,805",,,
2026-08-12,25G5313879,,"1006,81330738","1006,81330738","104,7692",,,
2026-08-12,CRA025008N8,,"1030,76791524","1030,76791524","107,2998",,,
2026-08-12,22J0346710,,,,,,,
2026-08-12,CRA0240066A,,"986,28804616","986,28804616","115,6759",,,
2026-08-12,CRA025006SR,,"991,75342325","991,75342325","107,7402",,,
2026-08-12,CRA025007KD,,"1037,97363137","1037,97363137","108,8885",,,
2026-08-12,CRA025002S1,,"982,55312342","982,55312342","121,2528",,,
2026-08-12,CRA025005V5,,"945,99550922","945,99550922","120,6987",,,
2026-08-12,24D0006602,,"1066,72784626","1066,72784626","98,5558",,,
2026-08-12,25E0013305,,"1041,09608916","1041,09608916","103,5",,,
2026-08-12,CRA02300TSB,,"1069,79885859","1069,79885859","97,9444",,,
2026-08-12,CRA02400AYL,,"984,9385045","984,9385045","119,2559",,,
2026-08-12,CRA025008C3,,"989,68530979","989,68530979","111,2211",,,
2026-08-12,CRA025005EI,,"993,48377195","993,48377195","109,0669",,,
2026-08-12,23K0018802,,"1039,57532752","1039,57532752","98,463",,,
2026-08-12,CRA025006NA,,"992,34107608","992,34107608","111,1589",,,
2026-08-12,23K0019201,,,,,,,
2026-08-12,CRA026001JL,,"991,18590094","991,18590094","111,39",,,
2026-08-12,25H0243072,,"1007,3747283","1007,3747283","107,9298",,,
2026-08-12,CRA02300NRL,,,,,,,
2026-08-12,CRA025003UZ,,"1022,9610659","1022,9610659","107,7875",,,
2026-08-12,CRA02300CYQ,,"1080,8975971","1080,8975971","98,0688",,,
2026-08-12,CRA02300HWH,,"1123,48679731","1123,48679731","99,3611",,,
2026-08-12,24I1980390,,"1002,9833019","1002,9833019","123,4862",,,
2026-08-12,25B3099731,,"1054,25482919","1054,25482919","98,5903",,,
2026-08-12,25D0012202,,"1035,81621843","1035,81621843","98,2372",,,
2026-08-12,25J4546988,,"1015,08771557","1015,08771557","99,3883",,,
2026-08-12,25D0012203,,"1032,73211767","1032,73211767","99,6116",,,
2026-08-12,26C3164285,,"994,78934418","994,78934418","98,1266",,,
2026-08-12,CRA025003PD,,"986,36326201","986,36326201","103,3366",,,
2026-08-12,24H1684874,,"1064,52089135","1064,52089135","97,3283",,,
2026-08-12,24D2765586,,"695,83678039","695,83678039","97,914",,,
2026-08-12,25G3629974,,"997,64882222","997,64882222","101,0238",,,
2026-08-12,25I0014209,,,,,,,
2026-08-12,25K0012820,,,,,,,
2026-08-12,CRA024004H5,,"1044,05527664","1044,05527664","98,7841",,,
2026-08-12,25D0113938,,"1015,36904121","1015,36904121","106,2841",,,
2026-08-12,25G3629975,,"989,91500258","989,91500258","103,1509",,,
2026-08-12,24E1393588,,"1032,6179611","1032,6179611","99,2925",,,
2026-08-12,CRA025008NB,,"1013,37141166","1013,37141166","1,2027",,,
2026-08-12,CRA024009Q2,,"992,42749102","992,42749102","1,8048",,,
2026-08-12,22D1289009,,"1023,83088191","1023,83088191","0,2998",,,
2026-08-12,CRA02400AYN,,"961,53863495","961,53863495","2,398",,,
2026-08-12,CRA02500003,,"986,51650299","986,51650299","1,2866",,,
2026-08-12,CRA0250018J,,"945,59834278","945,59834278","2,6409",,,
2026-08-12,CRA025007PT,,"1023,36961273","1023,36961273","1,1208",,,
2026-08-12,CRA02300Q2Y,,,,,,,
2026-08-12,CRA025002S2,,"932,64513655","932,64513655","3,5763",,,
2026-08-12,23J0019601,,,,,,,
2026-08-12,23K0018602,,"1016,8559082","1016,8559082","0,3903",,,
2026-08-12,24B0013201,,"1042,68822196","1042,68822196","2,6117",,,
2026-08-12,23H1188857,,"1064,55476583","1064,55476583","0,152",,,
2026-08-12,CRA02300RS5,,"1000,86055745","1000,86055745","2,4076",,,
2026-08-12,22C0023008,,"532,87893726","532,87893726","0,1309",,,
2026-08-12,23K0018401,,"1041,51356698","1041,51356698","0,3776",,,
2026-08-12,CRA02300GCY,,,,,,,
2026-08-12,CRA025005V6,,"882,39937219","882,39937219","3,9976",,,
2026-08-12,22E1325261,,"1073,27484869","1073,27484869","0,5017",,,
2026-08-12,22F0230096,,"1029,32286417","1029,32286417","0,225",,,
2026-08-12,22K0934871,,"948,07104152","948,07104152","7,2265",,,
2026-08-12,22I0970801,,"1064,59565553","1064,59565553","0,3515",,,
2026-08-12,22J0305579,,"1001,87925869","1001,87925869","5,0672",,,
2026-08-12,CRA02300JG2,,"1066,45545529","1066,45545529","0,4552",,,
2026-08-12,CRA02300NRM,,"1068,6521098","1068,6521098","0,0865",,,
2026-08-12,CRA0240066F,,"992,01128739","992,01128739","2,1548",,,
2026-08-12,22E1315701,,"1010,05095934","1010,05095934","0,9654",,,
2026-08-12,23J1142031,,"1049,64527573","1049,64527573","0,7624",,,
2026-08-12,CRA022008NC,,"1068,33414131","1068,33414131","1,1532",,,
2026-08-12,CRA023000GP,,"971,50528945","971,50528945","4,0093",,,
2026-08-12,CRA024007K9,,"997,92385933","997,92385933","1,5463",,,
2026-08-12,22F0315398,,"1031,34709287","1031,34709287","0,4503",,,
2026-08-12,CRA024002MJ,,"1030,70855059","1030,70855059","2,3326",,,
2026-08-12,23H0027402,,"1087,35355108","1087,35355108","0,1552",,,
2026-08-12,CRA022006HJ,,"1010,04839859","1010,04839859","1,148",,,
2026-08-12,CRA022008C9,,"1065,47909464","1065,47909464","0,748",,,
2026-08-12,CRA022008CB,,"983,35678461","983,35678461","1,4792",,,
2026-08-12,23H1191899,,"1081,86050688","1081,86050688","0,39",,,
2026-08-12,CRA024002S1,,"1043,50634111","1043,50634111","1,9163",,,
2026-08-12,CRA02400AHV,,"1025,79014388","1025,79014388","1,4915",,,
2026-08-12,23F2455020,,,,,,,
2026-08-12,CRA023000MC,,"1428,97263403","1428,97263403","4,6676",,,
2026-08-12,CRA024001P7,,"978,68433841","978,68433841","4,8737",,,
2026-08-12,CRA024007Q4,,"1070,90712796","1070,90712796","1,2829",,,
2026-08-12,23C0247388,,"1076,06192059","1076,06192059","0,4465",,,
2026-08-12,23G0009601,,"814,14400078","814,14400078","0,2403",,,
2026-08-12,23C0247702,,"1089,93516427","1089,93516427","0,5349",,,
2026-08-12,CRA022008NF,,"1074,94555624","1074,94555624","1,3215",,,
2026-08-12,CRA023002GX,,"414,54960457","414,54960457","1,4379",,,
2026-08-12,23J1127308,,"999,01841036","999,01841036","4,2106",,,
2026-08-12,22C1235206,,"1012,48769461","1012,48769461","0,6663",,,
2026-08-12,CRA0220080Y,,"421,42888834","421,42888834","1,7105",,,
2026-08-12,CRA02300G7E,,"1067,51241032","1067,51241032","1,9066",,,
2026-08-12,CRA02300MJ9,,"1064,04919811","1064,04919811","1,4413",,,
2026-08-12,CRA024003UY,,"1011,48988007","1011,48988007","1,5657",,,
2026-08-12,CRA0240020A,,"1054,83621742","1054,83621742","2,5744",,,
2026-08-12,CRA0240099E,,"1029,83731527","1029,83731527","2,1038",,,
2026-08-12,CRA025009KJ,,"975,05902392","975,05902392","2,6871",,,
2026-08-12,24A2720884,,"940,52607698","940,52607698","5,2846",,,
2026-08-12,22L1465644,,"1010,04852193","1010,04852193","1,802",,,
2026-08-12,CRA0230073L,,"790,3436583","790,3436583","1,1448",,,
2026-08-12,22J0000801,,,,,,,
2026-08-12,23F0012002,,"685,84407467","685,84407467","0,9649",,,
2026-08-12,23L2043099,,"1031,45391693","1031,45391693","1,3915",,,
2026-08-12,CRA02300VBT,,"1031,8299249","1031,8299249","1,373",,,
2026-08-12,CRA022008NH,,"1091,76347269","1091,76347269","1,011",,,
2026-08-12,CRA0230012X,,"1062,80997456","1062,80997456","2,2443",,,
2026-08-12,CRA0240005N,,"1015,45304847","1015,45304847","1,5273",,,
2026-08-12,24K0003002,,"1010,37895476","1010,37895476","3,051",,,
2026-08-12,CRA02300Q8I,,"609,41375728","609,41375728","1,6255",,,
2026-08-12,23H1023846,,"960,63812835","960,63812835","1,1669",,,
2026-08-12,23J1333602,,"1019,61027576","1019,61027576","4,8989",,,
2026-08-12,CRA022001P6,,"1018,82105517","1018,82105517","1,3001",,,
2026-08-12,CRA022008C2,,"1072,48211468","1072,48211468","3,012",,,
2026-08-12,CRA024000B7,,"972,08826732","972,08826732","3,4294",,,
2026-08-12,23D0005401,,,,,,,
2026-08-12,CRA02300BQD,,,,,,,
2026-08-12,CRA025000MJ,,"780,54475144","780,54475144","2,25",,,
2026-08-12,22L1212138,,"915,06077707","915,06077707","2,2558",,,
2026-08-12,CRA02300KZL,,"785,66024334","785,66024334","2,6751",,,
2026-08-12,CRA024005K1,,"1022,55836655","1022,55836655","3,0939",,,
2026-08-12,CRA02300795,,"1000,04249192","1000,04249192","3,4347",,,
2026-08-12,CRA02300CCH,,"997,28853548","997,28853548","3,5262",,,
2026-08-12,CRA0250040I,,"1024,99731951","1024,99731951","3,0415",,,
2026-08-12,CRA0220099D,,"347,16766629","347,16766629","1,1509",,,
2026-08-12,CRA023003JX,,"876,02573026","876,02573026","2,1982",,,
2026-08-12,CRA0240086H,,"1028,64956376","1028,64956376","2,0529",,,
2026-08-12,CRA0250012Y,,"1005,96859231","1005,96859231","3,2222",,,
2026-08-12,23F0012602,,"628,67460604","628,67460604","3,8672",,,
2026-08-12,CRA022000RU,,"188,53277521","188,53277521","3,4776",,,
2026-08-12,CRA024002MM,,"977,98437603","977,98437603","3,4994",,,
2026-08-12,CRA02400ECU,,"5102,5371449","5102,5371449","4,4863",,,
2026-08-12,CRA023001JL,,"587,15603249","587,15603249","4,0065",,,
2026-08-12,CRA02300KOH,,"778,6969368","778,6969368","2,9912",,,
2026-08-12,CRA02300JR6,,"477,03315394","477,03315394",,,,
2026-08-12,CRA019003JY,,"1376,60920876","1376,60920876","7,6813",,,
2026-08-12,CRA019003V3,,"692,70679645","692,70679645",,,,
2026-08-12,CRA021000MG,,"1296,02224457","1296,02224457","8,6658",,,
2026-08-12,CRA021000MH,,"1207,60551543","1207,60551543","8,7764",,,
2026-08-12,CRA02100002,,"712,55185102","712,55185102","10,4631",,,
2026-08-12,CRA020003K0,,,,,,,
2026-08-12,CRA021000MB,,"670,27228857","670,27228857","10,1023",,,
2026-08-12,CRA021001PQ,,"1166,8156559","1166,8156559","11,8067",,,
2026-08-12,CRA019001E7,,"1435,71595534","1435,71595534","7,7041",,,
2026-08-12,CRA021001VA,,"1056,51938188","1056,51938188","11,435",,,
2026-08-12,21G0065100,,"1247,08939166","1247,08939166","8,5167",,,
2026-08-12,CRA0210013B,,"1041,03137433","1041,03137433","11,5739",,,
2026-08-12,CRA021001KB,,"1182,39367706","1182,39367706","8,3276",,,
2026-08-12,CRA021002SO,,"1238,43757246","1238,43757246","8,6044",,,
2026-08-12,21D0737500,,"868,66979232","868,66979232","8,4398",,,
2026-08-12,21D0862572,,"1070,19324054","1070,19324054","8,6321",,,
2026-08-12,21H1078699,,"1164,41159395","1164,41159395","11,1475",,,
2026-08-12,21H1078700,,"1066,61154565","1066,61154565","11,2088",,,
2026-08-12,CRA021000SC,,,,,,,
2026-08-12,CRA020002GZ,,"1372,46159756","1372,46159756","11,3534",,,
2026-08-12,21D0694886,,"872,04376743","872,04376743","9,9144",,,
2026-08-12,CRA021002NF,,"1208,15747466","1208,15747466","9,2269",,,
2026-08-12,CRA020001P7,,"615,37947868","615,37947868",,,,
2026-08-12,CRA021000RX,,"1241,3297365","1241,3297365","12,4169",,,
2026-08-12,21I0278118,,"967,8987414","967,8987414","9,2484",,,
2026-08-12,21K0001806,,"1158,13898021","1158,13898021","8,2908",,,
2026-08-12,CRA021000RY,,"1220,25030979","1220,25030979","9,4833",,,
2026-08-12,CRA020002H1,,"1240,73176929","1240,73176929","11,7732",,,
2026-08-12,CRA022002Y1,,"610,24797279","610,24797279","8,6082",,,
2026-08-12,CRA020003PY,,"1190,54131994","1190,54131994","12,3897",,,
2026-08-12,21K0001812,,"795,9073996","795,9073996","18,4378",,,
2026-08-12,CRA021002YA,,"508,06327663","508,06327663","11,7324",,,
2026-08-12,CRA020001P8,,"615,55411148","615,55411148",,,,
2026-08-12,22D1289007,,"1139,18878119","1139,18878119","8,1189",,,
2026-08-12,22D1289010,,"1203,76088284","1203,76088284","7,877",,,
2026-08-12,CRA022002Y2,,"1169,45851335","1169,45851335","9,2129",,,
2026-08-12,CRA022006N5,,"1083,97284338","1083,97284338","8,6889",,,
2026-08-12,22D1289008,,"1104,97449832","1104,97449832","8,2351",,,
2026-08-12,CRA022002Y3,,"1122,62811937","1122,62811937","8,7899",,,
2026-08-12,CRA022002XN,,"1006,32270814","1006,32270814","9,1027",,,
2026-08-12,21K0001807,,"1101,43759287","1101,43759287","8,3502",,,
2026-08-12,22D1289011,,,,,,,
2026-08-12,22K0001201,,"1164,51438131","1164,51438131","7,6698",,,
2026-08-12,23H0027403,,"1100,55466465","1100,55466465","8,383",,,
2026-08-12,CRA022006MY,,,,,,,
2026-08-12,22K0001203,,"1159,63778567","1159,63778567","7,8071",,,
2026-08-12,22E1325262,,"1148,69204048","1148,69204048","8,9702",,,
2026-08-12,CRA021002YF,,"122,2905625","122,2905625","11,3054",,,
2026-08-12,CRA02300S35,,"961,45618686","961,45618686","12,4334",,,
2026-08-12,22C1362141,,"837,40116927","837,40116927","10,6594",,,
2026-08-12,22B0004808,,"850,11693595","850,11693595","18,6159",,,
2026-08-12,CRA022008N6,,"1126,00582429","1126,00582429","8,6568",,,
2026-08-12,22K0001204,,"1155,3268357","1155,3268357","7,5423",,,
2026-08-12,24B0013203,,"1045,02915444","1045,02915444","10,4331",,,
2026-08-12,CRA02300CYS,,,,,,,
2026-08-12,22E1325264,,"1108,53084235","1108,53084235","9,1224",,,
2026-08-12,CRA024001P6,,"954,81256392","954,81256392","13,3862",,,
2026-08-12,22E1095384,,"1047,34905906","1047,34905906","12,7461",,,
2026-08-12,21J0001208,,,,,,,
2026-08-12,22F0009804,,"1095,66154447","1095,66154447","8,9074",,,
2026-08-12,22F0009409,,"1086,79419185","1086,79419185","11,4026",,,
2026-08-12,CRA022003JT,,"1160,68252456","1160,68252456","9,6794",,,
2026-08-12,CRA022004MS,,"930,74130177","930,74130177","13,913",,,
2026-08-12,23H0027404,,"1084,15382665","1084,15382665","8,4851",,,
2026-08-12,CRA022008NB,,"565,93677312","565,93677312",,,,
2026-08-12,22B0006022,,"1166,09976886","1166,09976886","12,0835",,,
2026-08-12,CRA024004SA,,"1006,83325802","1006,83325802","8,5884",,,
2026-08-12,22J0306937,,"1015,93153327","1015,93153327","13,7778",,,
2026-08-12,CRA02300G7F,,"1002,41609391","1002,41609391","11,9174",,,
2026-08-12,CRA022008C7,,"1192,79783858","1192,79783858","8,384",,,
2026-08-12,24E1835896,,"1054,61882489","1054,61882489","8,3627",,,
2026-08-12,CRA022007KI,,"1095,63422317","1095,63422317","11,2951",,,
2026-08-12,CRA02300JG3,,"1106,24869181","1106,24869181","8,4591",,,
2026-08-12,CRA022008N7,,"1042,02625242","1042,02625242","9,1999",,,
2026-08-12,CRA022000XF,,"1054,35854115","1054,35854115","11,6165",,,
2026-08-12,CRA02300JG4,,"1073,11890384","1073,11890384","8,6361",,,
2026-08-12,24F1277567,,"1020,35495269","1020,35495269","8,9372",,,
2026-08-12,23L1737622,,"1054,46151103","1054,46151103","8,4697",,,
2026-08-12,22G1414303,,"1119,72488356","1119,72488356","11,1722",,,
2026-08-12,CRA022008ND,,"485,69635549","485,69635549",,,,
2026-08-12,CRA0240066J,,"996,25170218","996,25170218","9,7133",,,
2026-08-12,22J0306938,,"933,11651915","933,11651915","13,7403",,,
2026-08-12,CRA0240020C,,,,,,,
2026-08-12,CRA022007EP,,"1143,48297481","1143,48297481","7,7066",,,
2026-08-12,CRA024004SB,,"986,84547143","986,84547143","8,5585",,,
2026-08-12,CRA0240086K,,"975,21708622","975,21708622","9,3391",,,
2026-08-12,22K1520055,,,,,,,
2026-08-12,CRA024002ML,,"905,42564649","905,42564649","11,8164",,,
2026-08-12,22I0970804,,"1161,97169422","1161,97169422","9,1665",,,
2026-08-12,CRA0240066B,,"967,21446546","967,21446546","11,0555",,,
2026-08-12,CRA0220079D,,"1002,83058743","1002,83058743","11,8121",,,
2026-08-12,CRA0240086L,,"914,40218331","914,40218331","9,2451",,,
2026-08-12,CRA022006HK,,"1138,98724914","1138,98724914","8,8422",,,
2026-08-12,22I0970868,,"1122,74216881","1122,74216881","9,3432",,,
2026-08-12,23L1737623,,"1051,75515698","1051,75515698","8,1598",,,
2026-08-12,CRA022004S9,,"869,57791578","869,57791578","12,3687",,,
2026-08-12,CRA021002N3,,,,,,,
2026-08-12,CRA02300JG5,,"1053,2443777","1053,2443777","8,5608",,,
2026-08-12,CRA024004SC,,"923,71230768","923,71230768","9,3068",,,
2026-08-12,CRA022004XY,,"787,66198843","787,66198843","9,6395",,,
2026-08-12,22F0009410,,"1020,08836117","1020,08836117","11,3378",,,
2026-08-12,23F1519397,,"1048,46258369","1048,46258369","13,5402",,,
2026-08-12,24G1674104,,"879,96757124","879,96757124","9,0831",,,
2026-08-12,CRA02200C6Y,,"1072,14464694","1072,14464694","11,8609",,,
2026-08-12,CRA024007PU,,"1001,77367688","1001,77367688","9,5731",,,
2026-08-12,22K0934880,,"889,34178531","889,34178531","18,5636",,,
2026-08-12,CRA022006HE,,"1148,29774276","1148,29774276","10,1923",,,
2026-08-12,CRA023000RT,,"978,16580524","978,16580524","14,1578",,,
2026-08-12,CRA022006BU,,"669,30012864","669,30012864","11,3783",,,
2026-08-12,CRA0220073P,,"1034,51422882","1034,51422882","13,1825",,,
2026-08-12,CRA025000ME,,,,,,,
2026-08-12,CRA0240066K,,"924,88687009","924,88687009","11,0969",,,
2026-08-12,22K0934889,,"696,89483798","696,89483798","18,6032",,,
2026-08-12,CRA024001QA,,"1118,66746324","1118,66746324","9,309",,,
2026-08-12,CRA024007Q5,,"1060,07919934","1060,07919934","9,8942",,,
2026-08-12,CRA02200C6Z,,"1021,94718141","1021,94718141","11,8212",,,
2026-08-12,24A2721507,,"918,70773098","918,70773098","14,2039",,,
2026-08-12,CRA022006HF,,"1083,47693383","1083,47693383","10,2142",,,
2026-08-12,CRA024009Q4,,"891,54205003","891,54205003","11,888",,,
2026-08-12,22E1314836,,"1146,42368907","1146,42368907","10,4992",,,
2026-08-12,CRA022001E2,,"1200,81312685","1200,81312685","11,6553",,,
2026-08-12,CRA022004SD,,"1141,31646272","1141,31646272","12,1485",,,
2026-08-12,CRA02400AHZ,,"922,72049582","922,72049582","10,9858",,,
2026-08-12,24J2539865,,"1017,36030363","1017,36030363","9,3183",,,
2026-08-12,CRA0240005O,,"1105,67605876","1105,67605876","9,4088",,,
2026-08-12,CRA022004H5,,"807,53306617","807,53306617","8,8563",,,
2026-08-12,23L2043184,,"1066,28812519","1066,28812519","9,9436",,,
2026-08-12,CRA024009Q5,,"844,19904273","844,19904273","11,5386",,,
2026-08-12,CRA02300MOQ,,"1028,03172826","1028,03172826","12,3974",,,
2026-08-12,23L0034761,,"894,46453578","894,46453578","11,4194",,,
2026-08-12,CRA0250080Y,,"960,0011625","960,0011625","9,046",,,
2026-08-12,25D0012204,,"1039,07776075","1039,07776075","8,6473",,,
2026-08-12,23J1127331,,"915,46106551","915,46106551","13,4004",,,
2026-08-12,CRA0250080X,,"986,44665785","986,44665785","9,1876",,,
2026-08-12,CRA02400AYK,,"1027,23496935","1027,23496935","9,999",,,
2026-08-12,CRA0230073N,,"1010,68046787","1010,68046787","8,5629",,,
2026-08-12,CRA025003PJ,,"884,3965917","884,3965917","9,6767",,,
2026-08-12,CRA024003UZ,,"1067,88571714","1067,88571714","9,4453",,,
2026-08-12,CRA021004NV,,"423,83854397","423,83854397","14,0778",,,
2026-08-12,CRA0250066B,,"850,57192415","850,57192415","11,5539",,,
2026-08-12,22E1321749,,"1160,34311671","1160,34311671","9,4911",,,
2026-08-12,CRA0240005P,,"1087,51650491","1087,51650491","9,263",,,
2026-08-12,22E1321750,,"1119,61797703","1119,61797703","9,8065",,,
2026-08-12,CRA0250020C,,"881,650496","881,650496","11,7407",,,
2026-08-12,CRA02200795,,"582,84101037","582,84101037","11,5289",,,
2026-08-12,CRA0250020D,,"844,47047287","844,47047287","11,8568",,,
2026-08-12,CRA0250018K,,"865,60275345","865,60275345","11,5426",,,
2026-08-12,CRA0250018L,,"868,93687594","868,93687594","11,1102",,,
2026-08-12,CRA0240099F,,"1047,80284886","1047,80284886","9,8786",,,
2026-08-12,CRA0250020E,,,,,,,
2026-08-12,CRA02500BVX,,"774,38375652","774,38375652","11,7227",,,
2026-08-12,CRA025008C2,,"999,13176479","999,13176479","9,7818",,,
2026-08-12,CRA02400AHX,,"1032,07587334","1032,07587334","10,0453",,,
2026-08-12,CRA025008HR,,,,,,,
2026-08-12,CRA025006NC,,"999,74781033","999,74781033","9,9957",,,
2026-08-12,CRA02300796,,"1084,23628978","1084,23628978","11,7881",,,
2026-08-12,CRA023003JY,,"1139,48691096","1139,48691096","10,5107",,,
2026-08-12,23F2455004,,"970,74301768","970,74301768","16,7153",,,
2026-08-12,23I1259644,,"869,1306203","869,1306203","19,5676",,,
2026-08-12,23J1141681,,"974,64104912","974,64104912","14,939",,,
2026-08-12,23K0018801,,"927,77049962","927,77049962","14,4597",,,
2026-08-12,23K0022030,,,,,,,
2026-08-12,23K0022041,,"994,17228819","994,17228819","15,0295",,,
2026-08-12,24A2715837,,"880,43152948","880,43152948","19,7432",,,
2026-08-12,24A2721829,,"850,26313176","850,26313176","19,2447",,,
2026-08-12,25D0271049,,"1012,14889082","1012,14889082","15,4726",,,
2026-08-12,CRA02300G7D,,"1002,6140825","1002,6140825","16,8454",,,
2026-08-12,CRA02300HWK,,"975,58207581","975,58207581","13,656",,,
2026-08-12,CRA02300JR7,,"444,9113648","444,9113648",,,,
2026-08-12,CRA02300SPD,,"891,78418975","891,78418975","18,0108",,,
2026-08-12,CRA02300SUZ,,"842,24915573","842,24915573","19,7949",,,
2026-08-12,CRA024000B8,,"888,62675713","888,62675713","18,0767",,,
2026-08-12,CRA024001P5,,,,,,,
2026-08-12,CRA0240020B,,,,,,,
2026-08-12,CRA024002MH,,"931,31289215","931,31289215","16,594",,,
2026-08-12,CRA024002S2,,"912,61990511","912,61990511","19,0861",,,
2026-08-12,CRA024002S3,,"865,25337148","865,25337148","18,6316",,,
2026-08-12,CRA024005K2,,,,,,,
2026-08-12,CRA0240066D,,"948,17515566","948,17515566","17,9808",,,
2026-08-12,CRA0240066G,,"891,29467663","891,29467663","17,221",,,
2026-08-12,CRA024007PT,,"944,30588202","944,30588202","16,3501",,,
2026-08-12,CRA024007Q3,,"958,59165733","958,59165733","17,1652",,,
2026-08-12,CRA024009Q3,,"916,79747986","916,79747986","17,3271",,,
2026-08-12,CRA02400AHY,,"907,55766139","907,55766139","17,2612",,,
2026-08-12,CRA02400AYM,,"941,20266093","941,20266093","18,2748",,,
2026-08-12,CRA02400AYP,,"890,36392586","890,36392586","18,6003",,,
2026-08-12,CRA02500001,,"999,57521302","999,57521302","15,9219",,,
2026-08-12,CRA0250012X,,"1013,46286427","1013,46286427","17,8418",,,
2026-08-12,CRA0250018I,,"955,797166","955,797166","17,3425",,,
2026-08-12,CRA025002S3,,"966,85869061","966,85869061","19,1382",,,
2026-08-12,CRA025002S4,,"935,45135444","935,45135444","19,2868",,,
2026-08-12,CRA0250040J,,"994,26667616","994,26667616","19,5661",,,
2026-08-12,CRA025005EH,,"986,88043605","986,88043605","15,855",,,
2026-08-12,CRA025005V7,,"859,54841938","859,54841938","19,1117",,,
2026-08-12,CRA025005V8,,"858,29311686","858,29311686","18,9786",,,
2026-08-12,CRA0250066A,,"900,11222108","900,11222108","17,2395",,,
2026-08-12,CRA025006NB,,"952,88235178","952,88235178","16,3425",,,
2026-08-12,CRA025006SS,,,,,,,
2026-08-12,CRA025007KE,,"985,40876597","985,40876597","16,6204",,,
2026-08-12,CRA025007KK,,"1013,35913707","1013,35913707","15,2477",,,
2026-08-12,CRA025008C1,,,,,,,
2026-08-12,CRA025008NA,,"978,93390379","978,93390379","15,9398",,,
2026-08-12,CRA025008ND,,"975,51432112","975,51432112","15,9145",,,
2026-08-12,CRA025009VO,,,,,,,
2026-08-12,CRA02500A15,,"967,537631","967,537631","16,4743",,,
2026-08-12,CRA02500AHU,,"1017,81211657","1017,81211657","15,4944",,,
2026-08-12,CRA026001JM,,"957,41497842","957,41497842","16,5845",,,
2026-08-12,CRA026002BE,,"965,10395959","965,10395959","16,0454",,,
2026-08-11,CRA019003V2,,"420,57315655","420,57315655",,,,
2026-08-11,CRA024004H7,,"1045,91310031","1045,91310031","99,7365",,,
2026-08-11,CRA0250018H,,"1023,1449044","1023,1449044","105,2619",,,
2026-08-11,CRA02500BVT,,"1042,88124978","1042,88124978","108,5618",,,
2026-08-11,25I2731571,,"1029,12832135","1029,12832135","103,2669",,,
2026-08-11,24D2765715,,"1053,65142287","1053,65142287","98,9175",,,
2026-08-11,CRA023007VD,,"1022,49935447","1022,49935447","97,2108",,,
2026-08-11,CRA026002BD,,"1015,03595801","1015,03595801","105,2663",,,
2026-08-11,24D3313768,,"1031,9091587","1031,9091587","98,5222",,,
2026-08-11,25G5109813,,"949,53694514","949,53694514","117,0078",,,
2026-08-11,CRA023003UX,,"1061,93908031","1061,93908031","95,4666",,,
2026-08-11,CRA02500669,,"1119,36523233","1119,36523233","109,558",,,
2026-08-11,CRA025008HM,,"1033,25276814","1033,25276814","107,1359",,,
2026-08-11,25F0010202,,,,,,,
2026-08-11,24F1277566,,"1021,75483392","1021,75483392","99,5666",,,
2026-08-11,CRA02300209,,"1014,56538799","1014,56538799","95,3333",,,
2026-08-11,25G5313879,,"1006,34768814","1006,34768814","104,7511",,,
2026-08-11,CRA025008N8,,"1030,03380509","1030,03380509","107,3409",,,
2026-08-11,22J0346710,,"1015,1695717","1015,1695717","95,4533",,,
2026-08-11,CRA0240066A,,"985,2843384","985,2843384","115,8222",,,
2026-08-11,CRA025006SR,,"990,00268779","990,00268779","107,9816",,,
2026-08-11,CRA025007KD,,"1035,19097604","1035,19097604","109,418",,,
2026-08-11,CRA025002S1,,"982,8104557","982,8104557","121,0324",,,
2026-08-11,CRA025005V5,,"945,76083213","945,76083213","120,6307",,,
2026-08-11,24D0006602,,"1065,40866314","1065,40866314","98,7933",,,
2026-08-11,25E0013305,,"1040,48298625","1040,48298625","103,5122",,,
2026-08-11,CRA02300TSB,,"1069,64025171","1069,64025171","97,8824",,,
2026-08-11,CRA02400AYL,,"987,37242417","987,37242417","118,381",,,
2026-08-11,CRA025008C3,,"986,97600428","986,97600428","111,6329",,,
2026-08-11,CRA025005EI,,"996,72424477","996,72424477","108,3513",,,
2026-08-11,23K0018802,,"1038,6720717","1038,6720717","98,5519",,,
2026-08-11,CRA025006NA,,"991,5692747","991,5692747","111,22",,,
2026-08-11,23K0019201,,"1057,41765847","1057,41765847","98,1133",,,
2026-08-11,CRA026001JL,,"990,27619239","990,27619239","111,476",,,
2026-08-11,25H0243072,,"1006,74203062","1006,74203062","107,9478",,,
2026-08-11,CRA02300NRL,,"1091,64302311","1091,64302311","98,235",,,
2026-08-11,CRA025003UZ,,"1022,57215344","1022,57215344","107,7382",,,
2026-08-11,CRA02300CYQ,,"1082,1003672","1082,1003672","97,7919",,,
2026-08-11,CRA02300HWH,,"1123,98387179","1123,98387179","99,1888",,,
2026-08-11,24I1980390,,"999,41548253","999,41548253","124,3822",,,
2026-08-11,25B3099731,,"1051,85382487","1051,85382487","99,0794",,,
2026-08-11,25D0012202,,"1035,28990336","1035,28990336","98,2409",,,
2026-08-11,25J4546988,,"1013,6763004","1013,6763004","99,5444",,,
2026-08-11,25D0012203,,"1032,2336075","1032,2336075","99,6058",,,
2026-08-11,26C3164285,,"1005,02492053","1005,02492053","98,1266",,,
2026-08-11,CRA025003PD,,"983,93731579","983,93731579","103,6944",,,
2026-08-11,24H1684874,,"1064,08662233","1064,08662233","97,2722",,,
2026-08-11,24D2765586,,"695,35159351","695,35159351","98,0515",,,
2026-08-11,25G3629974,,"996,57293729","996,57293729","101,1617",,,
2026-08-11,25I0014209,,,,,,,
2026-08-11,25K0012820,,,,,,,
2026-08-11,CRA024004H5,,"1043,50597628","1043,50597628","98,8027",,,
2026-08-11,25D0113938,,"1014,00289584","1014,00289584","106,5",,,
2026-08-11,25G3629975,,"989,08806919","989,08806919","103,218",,,
2026-08-11,24E1393588,,"1032,02587482","1032,02587482","99,3155",,,
2026-08-11,CRA025008NB,,"1013,38572401","1013,38572401","1,1862",,,
2026-08-11,CRA024009Q2,,"990,26885339","990,26885339","1,8492",,,
2026-08-11,22D1289009,,"1023,12667205","1023,12667205","0,3198",,,
2026-08-11,CRA02400AYN,,"956,51982404","956,51982404","2,5263",,,
2026-08-11,CRA02500003,,"986,18920522","986,18920522","1,2778",,,
2026-08-11,CRA0250018J,,"944,68044342","944,68044342","2,6478",,,
2026-08-11,CRA025007PT,,"1022,68712113","1022,68712113","1,1231",,,
2026-08-11,CRA02300Q2Y,,,,,,,
2026-08-11,CRA025002S2,,"932,27261262","932,27261262","3,5681",,,
2026-08-11,23J0019601,,,,,,,
2026-08-11,23K0018602,,"1016,34037935","1016,34037935","0,3894",,,
2026-08-11,24B0013201,,"1047,49743844","1047,49743844","2,2054",,,
2026-08-11,23H1188857,,"1064,00692953","1064,00692953","0,1511",,,
2026-08-11,CRA02300RS5,,"997,89771316","997,89771316","2,5322",,,
2026-08-11,22C0023008,,"532,60046948","532,60046948","0,1311",,,
2026-08-11,23K0018401,,"1041,00237377","1041,00237377","0,3755",,,
2026-08-11,CRA02300GCY,,,,,,,
2026-08-11,CRA025005V6,,"881,85777238","881,85777238","3,9944",,,
2026-08-11,22E1325261,,"1072,65092419","1072,65092419","0,5067",,,
2026-08-11,22F0230096,,"1028,77179307","1028,77179307","0,2255",,,
2026-08-11,22K0934871,,"945,91857884","945,91857884","7,3554",,,
2026-08-11,22I0970801,,"1064,03801153","1064,03801153","0,3508",,,
2026-08-11,22J0305579,,"1000,82968003","1000,82968003","5,1001",,,
2026-08-11,CRA02300JG2,,"1065,82620621","1065,82620621","0,4583",,,
2026-08-11,CRA02300NRM,,"1062,97433788","1062,97433788","0,1922",,,
2026-08-11,CRA0240066F,,"991,4001901","991,4001901","2,1553",,,
2026-08-11,22E1315701,,"1009,69678285","1009,69678285","0,9445",,,
2026-08-11,23J1142031,,"1048,46100657","1048,46100657","0,8025",,,
2026-08-11,CRA022008NC,,"1067,44596282","1067,44596282","1,1752",,,
2026-08-11,CRA023000GP,,"970,15810257","970,15810257","4,0655",,,
2026-08-11,CRA024007K9,,"997,42593401","997,42593401","1,5424",,,
2026-08-11,22F0315398,,"1030,70176234","1030,70176234","0,4622",,,
2026-08-11,CRA024002MJ,,"1031,16890378","1031,16890378","2,2811",,,
2026-08-11,23H0027402,,"1086,60613916","1086,60613916","0,165",,,
2026-08-11,CRA022006HJ,,"1009,28299799","1009,28299799","1,1704",,,
2026-08-11,CRA022008C9,,"1064,98141393","1064,98141393","0,7435",,,
2026-08-11,CRA022008CB,,"983,08895749","983,08895749","1,4709",,,
2026-08-11,23H1191899,,"1080,88516974","1080,88516974","0,4037",,,
2026-08-11,CRA024002S1,,"1042,51129121","1042,51129121","1,9338",,,
2026-08-11,CRA02400AHV,,"1024,8754862","1024,8754862","1,5038",,,
2026-08-11,23F2455020,,,,,,,
2026-08-11,CRA023000MC,,"1427,30628649","1427,30628649","4,6821",,,
2026-08-11,CRA024001P7,,"978,57060169","978,57060169","4,8488",,,
2026-08-11,CRA024007Q4,,"1070,32426117","1070,32426117","1,282",,,
2026-08-11,23C0247388,,"1075,30749379","1075,30749379","0,4587",,,
2026-08-11,23G0009601,,"813,72354468","813,72354468","0,2394",,,
2026-08-11,23C0247702,,"1089,5618861","1089,5618861","0,5278",,,
2026-08-11,CRA022008NF,,"1074,78567077","1074,78567077","1,2744",,,
2026-08-11,CRA023002GX,,"414,27725235","414,27725235","1,4451",,,
2026-08-11,23J1127308,,"997,4901576","997,4901576","4,2589",,,
2026-08-11,22C1235206,,"1011,81191919","1011,81191919","0,6853",,,
2026-08-11,CRA0220080Y,,"421,21802679","421,21802679","1,7025",,,
2026-08-11,CRA02300G7E,,"1066,18907014","1066,18907014","1,9461",,,
2026-08-11,CRA02300MJ9,,"1061,22243766","1061,22243766","1,5616",,,
2026-08-11,CRA024003UY,,"1010,5136583","1010,5136583","1,5872",,,
2026-08-11,CRA0240020A,,"1050,64425873","1050,64425873","2,7466",,,
2026-08-11,CRA0240099E,,"1029,09098209","1029,09098209","2,1069",,,
2026-08-11,CRA025009KJ,,"974,52451751","974,52451751","2,6839",,,
2026-08-11,24A2720884,,"941,3014016","941,3014016","5,2056",,,
2026-08-11,22L1465644,,"1009,46383795","1009,46383795","1,8013",,,
2026-08-11,CRA0230073L,,"790,19852253","790,19852253","1,1",,,
2026-08-11,22J0000801,,,,,,,
2026-08-11,23F0012002,,"685,28246717","685,28246717","0,9867",,,
2026-08-11,23L2043099,,"1029,30151477","1029,30151477","1,4684",,,
2026-08-11,CRA02300VBT,,"1030,94990134","1030,94990134","1,3873",,,
2026-08-11,CRA022008NH,,"1091,16856823","1091,16856823","1,0105",,,
2026-08-11,CRA0230012X,,"1065,09031321","1065,09031321","2,1465",,,
2026-08-11,CRA0240005N,,"1014,34427632","1014,34427632","1,5683",,,
2026-08-11,24K0003002,,"1007,75151596","1007,75151596","3,141",,,
2026-08-11,CRA02300Q8I,,"609,052249","609,052249","1,6264",,,
2026-08-11,23H1023846,,"959,41979072","959,41979072","1,1928",,,
2026-08-11,23J1333602,,"1017,96045366","1017,96045366","4,9927",,,
2026-08-11,CRA022001P6,,"1018,24588711","1018,24588711","1,2999",,,
2026-08-11,CRA022008C2,,"1072,87951076","1072,87951076","2,785",,,
2026-08-11,CRA024000B7,,"970,66178294","970,66178294","3,4583",,,
2026-08-11,23D0005401,,,,,,,
2026-08-11,CRA02300BQD,,,,,,,
2026-08-11,CRA025000MJ,,"780,07262637","780,07262637","2,25",,,
2026-08-11,22L1212138,,"914,84987124","914,84987124","2,2425",,,
2026-08-11,CRA02300KZL,,"788,30496473","788,30496473","2,3833",,,
2026-08-11,CRA024005K1,,"1021,59250926","1021,59250926","3,1082",,,
2026-08-11,CRA02300795,,"999,3471558","999,3471558","3,4365",,,
2026-08-11,CRA02300CCH,,"996,80782894","996,80782894","3,5191",,,
2026-08-11,CRA0250040I,,"1024,02641932","1024,02641932","3,0618",,,
2026-08-11,CRA0220099D,,"346,97385421","346,97385421","1,1504",,,
2026-08-11,CRA023003JX,,"875,47551451","875,47551451","2,2005",,,
2026-08-11,CRA0240086H,,"1021,7035233","1021,7035233","2,3548",,,
2026-08-11,CRA0250012Y,,"1005,18986716","1005,18986716","3,2264",,,
2026-08-11,23F0012602,,"627,61741638","627,61741638","3,9872",,,
2026-08-11,CRA022000RU,,"188,38454028","188,38454028","3,5259",,,
2026-08-11,CRA024002MM,,"977,38489075","977,38489075","3,4965",,,
2026-08-11,CRA02400ECU,,"5093,95377988","5093,95377988","4,5456",,,
2026-08-11,CRA023001JL,,"586,7916988","586,7916988","4,0016",,,
2026-08-11,CRA02300KOH,,"778,10490518","778,10490518","3,0049",,,
2026-08-11,CRA02300JR6,,"476,76779146","476,76779146",,,,
2026-08-11,CRA019003JY,,"1375,29037288","1375,29037288","7,7202",,,
2026-08-11,CRA019003V3,,"688,63763568","688,63763568",,,,
2026-08-11,CRA021000MG,,"1294,62823798","1294,62823798","8,714",,,
2026-08-11,CRA021000MH,,"1206,63814623","1206,63814623","8,7898",,,
2026-08-11,CRA02100002,,"711,91985659","711,91985659","10,5339",,,
2026-08-11,CRA020003K0,,,,,,,
2026-08-11,CRA021000MB,,"669,94786014","669,94786014","10,1162",,,
2026-08-11,CRA021001PQ,,"1165,59883184","1165,59883184","11,8412",,,
2026-08-11,CRA019001E7,,"1434,41985729","1434,41985729","7,7456",,,
2026-08-11,CRA021001VA,,"1058,48290287","1058,48290287","11,3614",,,
2026-08-11,21G0065100,,"1244,34656849","1244,34656849","8,624",,,
2026-08-11,CRA0210013B,,"1040,75999154","1040,75999154","11,5684",,,
2026-08-11,CRA021001KB,,"1182,1326535","1182,1326535","8,3237",,,
2026-08-11,CRA021002SO,,"1237,54117101","1237,54117101","8,6246",,,
2026-08-11,21D0737500,,"867,88787342","867,88787342","8,4929",,,
2026-08-11,21D0862572,,"1066,14532596","1066,14532596","8,6867",,,
2026-08-11,21H1078699,,"1161,21326244","1161,21326244","11,2731",,,
2026-08-11,21H1078700,,"1065,40091794","1065,40091794","11,2298",,,
2026-08-11,CRA021000SC,,,,,,,
2026-08-11,CRA020002GZ,,"1374,76361698","1374,76361698","11,0909",,,
2026-08-11,21D0694886,,"870,11699871","870,11699871","10,0929",,,
2026-08-11,CRA021002NF,,"1208,21307673","1208,21307673","9,2124",,,
2026-08-11,CRA020001P7,,"604,55907672","604,55907672",,,,
2026-08-11,CRA021000RX,,"1242,53499479","1242,53499479","12,3132",,,
2026-08-11,21I0278118,,"966,31997754","966,31997754","9,3794",,,
2026-08-11,21K0001806,,"1156,74449866","1156,74449866","8,3152",,,
2026-08-11,CRA021000RY,,"1220,76132567","1220,76132567","9,4559",,,
2026-08-11,CRA020002H1,,"1230,87336762","1230,87336762","12,091",,,
2026-08-11,CRA022002Y1,,"609,80768144","609,80768144","8,678",,,
2026-08-11,CRA020003PY,,"1189,07647254","1189,07647254","12,4184",,,
2026-08-11,21K0001812,,"795,14110405","795,14110405","18,4455",,,
2026-08-11,CRA021002YA,,"507,91446449","507,91446449","11,6968",,,
2026-08-11,CRA020001P8,,"605,08636968","605,08636968",,,,
2026-08-11,22D1289007,,"1137,54542523","1137,54542523","8,1646",,,
2026-08-11,22D1289010,,"1202,75945311","1202,75945311","7,9433",,,
2026-08-11,CRA022002Y2,,"1168,04183282","1168,04183282","9,2602",,,
2026-08-11,CRA022006N5,,"1084,34635258","1084,34635258","8,6704",,,
2026-08-11,22D1289008,,"1103,08635829","1103,08635829","8,2707",,,
2026-08-11,CRA022002Y3,,"1121,10701212","1121,10701212","8,8176",,,
2026-08-11,CRA022002XN,,"1004,33664362","1004,33664362","9,1277",,,
2026-08-11,21K0001807,,"1099,68809493","1099,68809493","8,3695",,,
2026-08-11,22D1289011,,,,,,,
2026-08-11,22K0001201,,"1162,75099061","1162,75099061","7,7087",,,
2026-08-11,23H0027403,,"1099,24891517","1099,24891517","8,4092",,,
2026-08-11,CRA022006MY,,,,,,,
2026-08-11,22K0001203,,"1159,03341804","1159,03341804","7,8112",,,
2026-08-11,22E1325262,,"1145,62649742","1145,62649742","9,0638",,,
2026-08-11,CRA021002YF,,,,,,,
2026-08-11,CRA02300S35,,"954,63872992","954,63872992","12,6609",,,
2026-08-11,22C1362141,,"836,88103512","836,88103512","10,666",,,
2026-08-11,22B0004808,,"839,78074848","839,78074848","18,9969",,,
2026-08-11,CRA022008N6,,"1127,08380975","1127,08380975","8,623",,,
2026-08-11,22K0001204,,"1155,45303844","1155,45303844","7,536",,,
2026-08-11,24B0013203,,"1043,09969562","1043,09969562","10,4924",,,
2026-08-11,CRA02300CYS,,,,,,,
2026-08-11,22E1325264,,"1108,71805024","1108,71805024","9,108",,,
2026-08-11,CRA024001P6,,"953,45203844","953,45203844","13,4203",,,
2026-08-11,22E1095384,,"1050,21831363","1050,21831363","12,6087",,,
2026-08-11,21J0001208,,"429,54410616","429,54410616","18,7302",,,
2026-08-11,22F0009804,,"1094,91049567","1094,91049567","8,9158",,,
2026-08-11,22F0009409,,"1085,48325361","1085,48325361","11,4417",,,
2026-08-11,CRA022003JT,,"1158,4690094","1158,4690094","9,7823",,,
2026-08-11,CRA022004MS,,"933,36786096","933,36786096","13,8152",,,
2026-08-11,23H0027404,,"1082,9818851","1082,9818851","8,5015",,,
2026-08-11,CRA022008NB,,"562,93399339","562,93399339",,,,
2026-08-11,22B0006022,,"1163,99837255","1163,99837255","12,1648",,,
2026-08-11,CRA024004SA,,"1006,98340822","1006,98340822","8,5792",,,
2026-08-11,22J0306937,,"1017,58188799","1017,58188799","13,6899",,,
2026-08-11,CRA02300G7F,,"1001,21719318","1001,21719318","11,9411",,,
2026-08-11,CRA022008C7,,"1192,57399292","1192,57399292","8,3749",,,
2026-08-11,24E1835896,,"1054,89345632","1054,89345632","8,3432",,,
2026-08-11,CRA022007KI,,"1094,78678979","1094,78678979","11,307",,,
2026-08-11,CRA02300JG3,,"1107,05104075","1107,05104075","8,4259",,,
2026-08-11,CRA022008N7,,"1041,0763337","1041,0763337","9,2082",,,
2026-08-11,CRA022000XF,,"1054,08406183","1054,08406183","11,6104",,,
2026-08-11,CRA02300JG4,,"1073,8905119","1073,8905119","8,6121",,,
2026-08-11,24F1277567,,"1020,41859113","1020,41859113","8,9249",,,
2026-08-11,23L1737622,,"1053,64591694","1053,64591694","8,4786",,,
2026-08-11,22G1414303,,"1118,50250031","1118,50250031","11,2029",,,
2026-08-11,CRA022008ND,,"485,54824452","485,54824452",,,,
2026-08-11,CRA0240066J,,"997,48688838","997,48688838","9,667",,,
2026-08-11,22J0306938,,"932,24345745","932,24345745","13,7511",,,
2026-08-11,CRA0240020C,,,,,,,
2026-08-11,CRA022007EP,,"1140,801395","1140,801395","7,7429",,,
2026-08-11,CRA024004SB,,"987,43131337","987,43131337","8,5454",,,
2026-08-11,CRA0240086K,,"975,10486691","975,10486691","9,3342",,,
2026-08-11,22K1520055,,,,,,,
2026-08-11,CRA024002ML,,"902,25107425","902,25107425","11,884",,,
2026-08-11,22I0970804,,"1160,41474044","1160,41474044","9,2048",,,
2026-08-11,CRA0240066B,,"971,40416103","971,40416103","10,9127",,,
2026-08-11,CRA0220079D,,"1002,22705183","1002,22705183","11,8156",,,
2026-08-11,CRA0240086L,,"913,83568843","913,83568843","9,248",,,
2026-08-11,CRA022006HK,,"1138,67995746","1138,67995746","8,8382",,,
2026-08-11,22I0970868,,"1122,30155072","1122,30155072","9,3434",,,
2026-08-11,23L1737623,,"1047,57132807","1047,57132807","8,2106",,,
2026-08-11,CRA022004S9,,"865,85457904","865,85457904","12,4341",,,
2026-08-11,CRA021002N3,,,,,,,
2026-08-11,CRA02300JG5,,"1053,12928952","1053,12928952","8,5572",,,
2026-08-11,CRA024004SC,,"923,48661567","923,48661567","9,3051",,,
2026-08-11,CRA022004XY,,"787,14396784","787,14396784","9,6638",,,
2026-08-11,22F0009410,,"1018,54797319","1018,54797319","11,3673",,,
2026-08-11,23F1519397,,"1044,88007737","1044,88007737","13,7274",,,
2026-08-11,24G1674104,,"879,23484747","879,23484747","9,0932",,,
2026-08-11,CRA02200C6Y,,"1071,83616092","1071,83616092","11,8534",,,
2026-08-11,CRA024007PU,,"1001,5401991","1001,5401991","9,5698",,,
2026-08-11,22K0934880,,"887,89211025","887,89211025","18,6012",,,
2026-08-11,CRA022006HE,,"1147,28782274","1147,28782274","10,2226",,,
2026-08-11,CRA023000RT,,"977,52910562","977,52910562","14,1614",,,
2026-08-11,CRA022006BU,,"668,32487047","668,32487047","11,442",,,
2026-08-11,CRA0220073P,,"1036,47277662","1036,47277662","13,079",,,
2026-08-11,CRA025000ME,,,,,,,
2026-08-11,CRA0240066K,,"923,08732877","923,08732877","11,1286",,,
2026-08-11,22K0934889,,"696,91459241","696,91459241","18,5861",,,
2026-08-11,CRA024001QA,,"1117,52862528","1117,52862528","9,3381",,,
2026-08-11,CRA024007Q5,,"1059,88874455","1059,88874455","9,8844",,,
2026-08-11,CRA02200C6Z,,"1021,47447011","1021,47447011","11,8209",,,
2026-08-11,24A2721507,,"930,52627332","930,52627332","13,7525",,,
2026-08-11,CRA022006HF,,"1083,60667551","1083,60667551","10,1995",,,
2026-08-11,CRA024009Q4,,"882,36791878","882,36791878","12,0963",,,
2026-08-11,22E1314836,,"1144,24980069","1144,24980069","10,583",,,
2026-08-11,CRA022001E2,,"1199,4081447","1199,4081447","11,7134",,,
2026-08-11,CRA022004SD,,"1144,1291394","1144,1291394","11,9409",,,
2026-08-11,CRA02400AHZ,,"923,10637096","923,10637096","10,9682",,,
2026-08-11,24J2539865,,"1016,68685878","1016,68685878","9,3231",,,
2026-08-11,CRA0240005O,,"1105,38803176","1105,38803176","9,3984",,,
2026-08-11,CRA022004H5,,"806,79847283","806,79847283","8,9098",,,
2026-08-11,23L2043184,,"1063,97178019","1063,97178019","10,0021",,,
2026-08-11,CRA024009Q5,,"843,80209647","843,80209647","11,5387",,,
2026-08-11,CRA02300MOQ,,"1039,73670314","1039,73670314","11,9633",,,
2026-08-11,23L0034761,,"894,40340688","894,40340688","11,4095",,,
2026-08-11,CRA0250080Y,,"959,30560179","959,30560179","9,0506",,,
2026-08-11,25D0012204,,"1038,66787485","1038,66787485","8,6482",,,
2026-08-11,23J1127331,,"912,80421729","912,80421729","13,4582",,,
2026-08-11,CRA0250080X,,"985,44009047","985,44009047","9,1986",,,
2026-08-11,CRA02400AYK,,"1027,15600012","1027,15600012","9,9887",,,
2026-08-11,CRA0230073N,,"1010,01710511","1010,01710511","8,5816",,,
2026-08-11,CRA025003PJ,,"883,6448811","883,6448811","9,6815",,,
2026-08-11,CRA024003UZ,,"1066,97548411","1066,97548411","9,4615",,,
2026-08-11,CRA021004NV,,,,,,,
2026-08-11,CRA0250066B,,"849,2420571","849,2420571","11,5736",,,
2026-08-11,22E1321749,,"1158,95638677","1158,95638677","9,5309",,,
2026-08-11,CRA0240005P,,"1088,02286559","1088,02286559","9,2357",,,
2026-08-11,22E1321750,,"1119,23887461","1119,23887461","9,8048",,,
2026-08-11,CRA0250020C,,"881,26821299","881,26821299","11,74",,,
2026-08-11,CRA02200795,,"582,19522087","582,19522087","11,6091",,,
2026-08-11,CRA0250020D,,"844,39648158","844,39648158","11,8508",,,
2026-08-11,CRA0250018K,,"865,12787564","865,12787564","11,5439",,,
2026-08-11,CRA0250018L,,"864,21878848","864,21878848","11,1765",,,
2026-08-11,CRA0240099F,,"1047,35692307","1047,35692307","9,8791",,,
2026-08-11,CRA0250020E,,,,,,,
2026-08-11,CRA02500BVX,,"773,49461278","773,49461278","11,7311",,,
2026-08-11,CRA025008C2,,"998,91629324","998,91629324","9,7774",,,
2026-08-11,CRA02400AHX,,"1032,090216","1032,090216","10,0358",,,
2026-08-11,CRA025008HR,,,,,,,
2026-08-11,CRA025006NC,,"999,11496755","999,11496755","10,0014",,,
2026-08-11,CRA02300796,,"1083,53311235","1083,53311235","11,7953",,,
2026-08-11,CRA023003JY,,"1138,52101829","1138,52101829","10,5359",,,
2026-08-11,23F2455004,,"970,2246856","970,2246856","16,7049",,,
2026-08-11,23I1259644,,"869,26503391","869,26503391","19,5338",,,
2026-08-11,23J1141681,,"975,08631708","975,08631708","14,8783",,,
2026-08-11,23K0018801,,"928,09666197","928,09666197","14,424",,,
2026-08-11,23K0022030,,,,,,,
2026-08-11,23K0022041,,"994,2128531","994,2128531","14,9857",,,
2026-08-11,24A2715837,,"877,04640021","877,04640021","19,9205",,,
2026-08-11,24A2721829,,"838,43560254","838,43560254","19,7619",,,
2026-08-11,25D0271049,,"1012,1793913","1012,1793913","15,4535",,,
2026-08-11,CRA02300G7D,,"1002,1715794","1002,1715794","16,8232",,,
2026-08-11,CRA02300HWK,,"974,10317125","974,10317125","13,6805",,,
2026-08-11,CRA02300JR7,,"439,73887577","439,73887577",,,,
2026-08-11,CRA02300SPD,,"891,47560729","891,47560729","17,9984",,,
2026-08-11,CRA02300SUZ,,"846,39935069","846,39935069","19,5658",,,
2026-08-11,CRA024000B8,,"889,19388762","889,19388762","18,0257",,,
2026-08-11,CRA024001P5,,"869,75827655","869,75827655","19,3105",,,
2026-08-11,CRA0240020B,,,,,,,
2026-08-11,CRA024002MH,,"931,5038733","931,5038733","16,5418",,,
2026-08-11,CRA024002S2,,"912,65093549","912,65093549","19,046",,,
2026-08-11,CRA024002S3,,"868,82834736","868,82834736","18,4617",,,
2026-08-11,CRA024005K2,,,,,,,
2026-08-11,CRA0240066D,,"948,43253047","948,43253047","17,9429",,,
2026-08-11,CRA0240066G,,"891,59382284","891,59382284","17,1894",,,
2026-08-11,CRA024007PT,,"943,7519504","943,7519504","16,3496",,,
2026-08-11,CRA024007Q3,,"962,96795192","962,96795192","16,9357",,,
2026-08-11,CRA024009Q3,,"917,25140025","917,25140025","17,2908",,,
2026-08-11,CRA02400AHY,,"913,1107446","913,1107446","17,061",,,
2026-08-11,CRA02400AYM,,"944,4591733","944,4591733","18,0879",,,
2026-08-11,CRA02400AYP,,"888,63170807","888,63170807","18,635",,,
2026-08-11,CRA02500001,,"999,67501164","999,67501164","15,8921",,,
2026-08-11,CRA0250012X,,"1014,50142732","1014,50142732","17,7681",,,
2026-08-11,CRA0250018I,,"956,71199741","956,71199741","17,2934",,,
2026-08-11,CRA025002S3,,"967,24415619","967,24415619","19,0909",,,
2026-08-11,CRA025002S4,,"936,01241021","936,01241021","19,2447",,,
2026-08-11,CRA0250040J,,"1000,72280905","1000,72280905","19,0216",,,
2026-08-11,CRA025005EH,,"990,40209116","990,40209116","15,733",,,
2026-08-11,CRA025005V7,,"860,32344686","860,32344686","19,0661",,,
2026-08-11,CRA025005V8,,"854,37092579","854,37092579","19,079",,,
2026-08-11,CRA0250066A,,"900,51382055","900,51382055","17,2086",,,
2026-08-11,CRA025006NB,,"953,51088588","953,51088588","16,3037",,,
2026-08-11,CRA025006SS,,,,,,,
2026-08-11,CRA025007KE,,"986,38692901","986,38692901","16,5705",,,
2026-08-11,CRA025007KK,,"1013,92588211","1013,92588211","15,2157",,,
2026-08-11,CRA025008C1,,,,,,,
2026-08-11,CRA025008NA,,"978,4320468","978,4320468","15,9377",,,
2026-08-11,CRA025008ND,,"975,15729934","975,15729934","15,9088",,,
2026-08-11,CRA025009VO,,,,,,,
2026-08-11,CRA02500A15,,"965,26561723","965,26561723","16,5263",,,
2026-08-11,CRA02500AHU,,"1017,46724242","1017,46724242","15,486",,,
2026-08-11,CRA026001JM,,"957,25491241","957,25491241","16,5716",,,
2026-08-11,CRA026002BE,,,,,,,
2026-08-17,AALM12,,"1076,588231","1076,588231","0,698",,,
2026-08-17,ABSP12,,"1053,673149","1053,673149","1,4939",,,
2026-08-17,ACOV15,,"1015,996827","1015,996827","1,5582",,,
2026-08-17,ADPA21,,"1031,153849","1031,153849","2,4014",,,
2026-08-17,AEGE16,,"1036,382492","1036,382492","5,1573",,,
2026-08-17,AEGE17,,"958,75001","958,75001","5,2786",,,
2026-08-17,AEGP17,,"352,649133","352,649133","1,6747",,,
2026-08-17,AEGP19,,"1050,388187","1050,388187","2,584",,,
2026-08-17,AEGPA4,,"1057,13787","1057,13787","2,7667",,,
2026-08-17,AEGPA9,,"1017,187628","1017,187628","3,0796",,,
2026-08-17,AEGPB3,,"1024,432979","1024,432979","3,3193",,,
2026-08-17,AEGPB5,,"983,12097","983,12097","3,2115",,,
2026-08-17,AEGPB7,,"1079,224363","1079,224363","2,3705",,,
2026-08-17,AERI11,,"119,511171","119,511171",--,,,
2026-08-17,AERI12,,"151,434049","151,434049",--,,,
2026-08-17,AESLA8,,"1027,434349","1027,434349","0,4458",,,
2026-08-17,AGAU13,,"538,392732","538,392732","4,6987",,,
2026-08-17,AGPI11,,N/D,N/D,--,,,
2026-08-17,ALGAA2,,"1021,721301","1021,721301","1,0653",,,
2026-08-17,ALGTA5,,"1016,789894","1016,789894","1,0566",,,
2026-08-17,ALGTA6,,"1078,725113","1078,725113","1,1157",,,
2026-08-17,ALPA22,,"1040,581847","1040,581847","0,933",,,
2026-08-17,AMBP16,,"164,029663","164,029663",--,,,
2026-08-17,ANHBA5,,"1038,178154","1038,178154","0,5223",,,
2026-08-17,ANHBA6,,"1010,264099","1010,264099","0,559",,,
2026-08-17,ANIM15,,"779,229339","779,229339","1,9852",,,
2026-08-17,ANIM17,,"1028,534146","1028,534146","2,1546",,,
2026-08-17,ANIM18,,"1029,826354","1029,826354","2,4337",,,
2026-08-17,APFL18,,"1007,604401","1007,604401","1,6596",,,
2026-08-17,APPSB2,,"671,889223","671,889223","1,3942",,,
2026-08-17,APRB28,,"317,942193","317,942193","0,6215",,,
2026-08-17,ARML13,,"1048,379636","1048,379636","2,1736",,,
2026-08-17,ARML14,,"1037,364838","1037,364838","2,7996",,,
2026-08-17,ARML15,,"1003,483401","1003,483401","2,964",,,
2026-08-17,ARML25,,"990,534733","990,534733","3,2766",,,
2026-08-17,ARML26,,"994,558055","994,558055","3,1576",,,
2026-08-17,ARTRA1,,"355,879105","355,879105","1,5996",,,
2026-08-17,ARTRA4,,"1084,396233","1084,396233","2,2054",,,
2026-08-17,ARTRA5,,"1057,04881","1057,04881","2,3138",,,
2026-08-17,ASAI18,,"1030,439601","1030,439601","1,345",,,
2026-08-17,ASAI19,,"1050,381084","1050,381084","1,7336",,,
2026-08-17,ASAI22,,"1042,074516","1042,074516","1,6076",,,
2026-08-17,ASAI28,,"1027,804598","1027,804598","1,776",,,
2026-08-17,ASAIA0,,"1012,161394","1012,161394","1,8035",,,
2026-08-17,ASAIA1,,"1045,938832","1045,938832","1,8586",,,
2026-08-17,ASAIA2,,"1012,23877","1012,23877","1,8668",,,
2026-08-17,ASAIA3,,"1014,195192","1014,195192","1,8672",,,
2026-08-17,AURE13,,"1042,446937","1042,446937","0,7802",,,
2026-08-17,AZZA11,,"1054,97012","1054,97012","1,3441",,,
2026-08-17,AZZA12,,"991,297922","991,297922","1,5656",,,
2026-08-17,AZZA13,,"994,276985","994,276985","2,0252",,,
2026-08-17,BCBF16,,"687,564456","687,564456","5,4646",,,
2026-08-17,BCPSA4,,"1078,291764","1078,291764","0,2716",,,
2026-08-17,BCPSA6,,"1053,293993","1053,293993","0,3668",,,
2026-08-17,BKBR19,,"525,779572","525,779572","1,488",,,
2026-08-17,BRIT11,,"720,648652","720,648652","0,9407",,,
2026-08-17,BRIT12,,"1022,990836","1022,990836","1,2775",,,
2026-08-17,BRKMA6,,"464,652813","464,652813",--,,,
2026-08-17,BRKMA8,,"457,124532","457,124532",--,,,
2026-08-17,BRKMB6,,"472,583955","472,583955",--,,,
2026-08-17,BRKMB8,,"454,266966","454,266966",--,,,
2026-08-17,BRKPA0,,"412,365927","412,365927","2,1452",,,
2026-08-17,BRKPA2,,"1100,014214","1100,014214","2,4533",,,
2026-08-17,BRKPA3,,"1092,229263","1092,229263","2,4978",,,
2026-08-17,BRKPA4,,"1030,68327","1030,68327","2,6168",,,
2026-08-17,BRKPA5,,"1059,812633","1059,812633","2,0905",,,
2026-08-17,BRMLA1,,"1077,918348","1077,918348","0,4193",,,
2026-08-17,BRMLB1,,"1091,418275","1091,418275","0,531",,,
2026-08-17,BRST14,,"1034,258057","1034,258057","1,55",,,
2026-08-17,BSA312,,"10460,33973","10460,33973","0,4145",,,
2026-08-17,BSA318,,"1035,86065","1035,86065","0,3333",,,
2026-08-17,BSA319,,"1018,413175","1018,413175","0,4923",,,
2026-08-17,BSA3A0,,"1061,68499","1061,68499","0,353",,,
2026-08-17,BTGH18,,"1036,838298","1036,838298","1,0741",,,
2026-08-17,CAEC13,,"1004,952355","1004,952355","1,3288",,,
2026-08-17,CAEC22,,"1046,137982","1046,137982","1,1915",,,
2026-08-17,CAEC32,,"1064,696584","1064,696584","1,3302",,,
2026-08-17,CAMLA1,,"1042,600806","1042,600806","1,7199",,,
2026-08-17,CAMLB1,,"1043,169568","1043,169568","1,6824",,,
2026-08-17,CASN13,,"749,608111","749,608111","2,7647",,,
2026-08-17,CASN14,,"1010,125799","1010,125799","1,7274",,,
2026-08-17,CBAN22,,"876,554566","876,554566","0,7996",,,
2026-08-17,CBOH11,,"1015,016258","1015,016258","1,4394",,,
2026-08-17,CBRDB8,,"399,823255","399,823255",--,,,
2026-08-17,CCROA7,,"1020,424552","1020,424552","0,3619",,,
2026-08-17,CDAR11,,"1063,703594","1063,703594","1,5277",,,
2026-08-17,CDES12,,"1005,759","1005,759","1,4",,,
2026-08-17,CDGS26,,"1025,416002","1025,416002","0,7737",,,
2026-08-17,CEAB13,,"1018,842654","1018,842654","1,2114",,,
2026-08-17,CEAB14,,"1060,721989","1060,721989","0,8493",,,
2026-08-17,CEAB22,,"531,028852","531,028852","0,6943",,,
2026-08-17,CEAP15,,"1048,122176","1048,122176","0,7153",,,
2026-08-17,CEAP16,,"1079,264473","1079,264473","0,6227",,,
2026-08-17,CEBD14,,"1079,816987","1079,816987","1,1577",,,
2026-08-17,CEBD25,,"1037,594197","1037,594197","1,0416",,,
2026-08-17,CEEBA3,,"1051,529913","1051,529913","0,894",,,
2026-08-17,CEEBA6,,"1008,672202","1008,672202","1,457",,,
2026-08-17,CEEBA7,,"1046,541737","1046,541737","0,7481",,,
2026-08-17,CEEBA8,,"1034,994819","1034,994819","0,6295",,,
2026-08-17,CEEBB3,,"1058,010705","1058,010705","1,0424",,,
2026-08-17,CEEBB8,,"1040,924972","1040,924972","0,6969",,,
2026-08-17,CEED16,,"1014,812739","1014,812739","0,6288",,,
2026-08-17,CEED18,,"1063,050229","1063,050229","0,6028",,,
2026-08-17,CEEDA0,,"1044,053309","1044,053309","0,7677",,,
2026-08-17,CEEDA1,,"1039,983567","1039,983567","0,8194",,,
2026-08-17,CEMTE2,,"1033,897077","1033,897077","0,6548",,,
2026-08-17,CEPEA1,,"1051,777754","1051,777754","0,9008",,,
2026-08-17,CEPEA3,,"1046,768603","1046,768603","0,7367",,,
2026-08-17,CEPEA4,,"1068,285907","1068,285907","0,8972",,,
2026-08-17,CEPEB1,,"1059,78291","1059,78291","0,9862",,,
2026-08-17,CEPEB2,,"1063,880802","1063,880802","1,0474",,,
2026-08-17,CERO19,,"1055,361248","1055,361248","0,5731",,,
2026-08-17,CEROA2,,"1037,436023","1037,436023","0,5169",,,
2026-08-17,CEROB2,,"1043,019459","1043,019459","0,6213",,,
2026-08-17,CESE22,,"814,780465","814,780465","0,7463",,,
2026-08-17,CESPA4,,"995,194752","995,194752","0,7557",,,
2026-08-17,CGASA3,,"1035,764823","1035,764823","0,4691",,,
2026-08-17,CGASA5,,"1058,767403","1058,767403","0,6765",,,
2026-08-17,CGBP14,,"991,675136","991,675136","0,802",,,
2026-08-17,CGOS15,,"1068,77989","1068,77989","0,6591",,,
2026-08-17,CGOS17,,"1013,729874","1013,729874","0,6224",,,
2026-08-17,CGOS18,,"1071,87321","1071,87321","0,6306",,,
2026-08-17,CGOS19,,"1043,406902","1043,406902","0,6671",,,
2026-08-17,CGOSA1,,"1045,282677","1045,282677","0,734",,,
2026-08-17,CHSF12,,"1057,544215","1057,544215","0,4778",,,
2026-08-17,CHSF14,,"1071,557964","1071,557964","0,589",,,
2026-08-17,CHSF24,,"1081,846557","1081,846557","0,6312",,,
2026-08-17,CHTH11,,"1024,512482","1024,512482","0,4363",,,
2026-08-17,CIEL17,,"1026,816327","1026,816327","0,2939",,,
2026-08-17,CIEL18,,"1042,493705","1042,493705","0,398",,,
2026-08-17,CIEL19,,"1046,416527","1046,416527","0,3526",,,
2026-08-17,CLCD16,,"1048,825927","1048,825927","0,8083",,,
2026-08-17,CLCD17,,"1014,156237","1014,156237","0,9126",,,
2026-08-17,CLCD18,,"1001,739671","1001,739671","0,8235",,,
2026-08-17,CLCD19,,"1102,66617","1102,66617","0,4007",,,
2026-08-17,CLII12,,"1024,141467","1024,141467","1,8681",,,
2026-08-17,CLIS11,,"1104,54961","1104,54961","1,8085",,,
2026-08-17,CLMOA4,,"1041,899702","1041,899702","0,7062",,,
2026-08-17,CMED13,,"1032,385903","1032,385903","1,2601",,,
2026-08-17,CMGD18,,"1030,779355","1030,779355","0,7895",,,
2026-08-17,CMGDA0,,"1005,97984","1005,97984","0,463",,,
2026-08-17,CMGDA1,,"1058,05567","1058,05567","0,6216",,,
2026-08-17,CMGDA2,,"1069,325949","1069,325949","0,6593",,,
2026-08-17,CMGDA3,,"1050,369494","1050,369494","0,5614",,,
2026-08-17,CMGDB3,,"1054,071967","1054,071967","0,6614",,,
2026-08-17,CMGTA0,,"1063,363912","1063,363912","0,5443",,,
2026-08-17,CMGTA2,,"1028,024869","1028,024869","0,6479",,,
2026-08-17,CMPH14,,"504,541423","504,541423",--,,,
2026-08-17,CMTR19,,"687,72455","687,72455","0,6573",,,
2026-08-17,CNLM17,,"1057,129716","1057,129716","0,7621",,,
2026-08-17,COCEA2,,"1038,965656","1038,965656","1,0493",,,
2026-08-17,COGNA4,,"1047,055818","1047,055818","1,2016",,,
2026-08-17,COGNA5,,"1004,818537","1004,818537","0,9826",,,
2026-08-17,COGNB2,,"1047,964732","1047,964732","1,1434",,,
2026-08-17,COLNA3,,"1007,846876","1007,846876","0,7973",,,
2026-08-17,CPFGA3,,"1026,848847","1026,848847","0,5847",,,
2026-08-17,CPFPA6,,"484,769538","484,769538","0,3611",,,
2026-08-17,CPFPA8,,"1027,48649","1027,48649","0,4434",,,
2026-08-17,CPFPB8,,"1028,086302","1028,086302","0,5482",,,
2026-08-17,CPGT17,,"526,026265","526,026265","0,7084",,,
2026-08-17,CPGT18,,"1032,096252","1032,096252","0,6296",,,
2026-08-17,CPGT19,,"1050,897377","1050,897377","0,4547",,,
2026-08-17,CPGT29,,"1050,350453","1050,350453","0,6883",,,
2026-08-17,CPGT39,,"1057,427928","1057,427928","0,8143",,,
2026-08-17,CPGTA0,,"1002,393472","1002,393472","0,4552",,,
2026-08-17,CPGTB0,,"1003,690478","1003,690478","0,6891",,,
2026-08-17,CPLD19,,"1036,712319","1036,712319","0,5917",,,
2026-08-17,CPLD27,,"520,934172","520,934172","0,8895",,,
2026-08-17,CPLD38,,"1033,792856","1033,792856","1,4789",,,
2026-08-17,CPLDA0,,"1010,383308","1010,383308","0,5155",,,
2026-08-17,CPLDB0,,"1009,815781","1009,815781","0,6509",,,
2026-08-17,CPREA0,,"1040,157803","1040,157803","0,4497",,,
2026-08-17,CPTE12,,"646,881394","646,881394","0,9255",,,
2026-08-17,CSAN15,,"1056,845451","1056,845451","2,1078",,,
2026-08-17,CSAN18,,"1020,601136","1020,601136","1,492",,,
2026-08-17,CSAN23,,"1010,032354","1010,032354","1,6675",,,
2026-08-17,CSAN24,,"1046,191608","1046,191608","1,8642",,,
2026-08-17,CSANA0,,"1009,156681","1009,156681","1,5322",,,
2026-08-17,CSANA2,,"1187,520764","1187,520764","1,6763",,,
2026-08-17,CSANB0,,"1009,880879","1009,880879","1,7486",,,
2026-08-17,CSANB1,,"993,236455","993,236455","1,5438",,,
2026-08-17,CSANB2,,"1198,063856","1198,063856","1,4465",,,
2026-08-17,CSANC1,,"989,005871","989,005871","1,8679",,,
2026-08-17,CSANC2,,"1193,569694","1193,569694","1,7996",,,
2026-08-17,CSED12,,"1014,689568","1014,689568","0,8689",,,
2026-08-17,CSMGA7,,"851,079894","851,079894","0,7666",,,
2026-08-17,CSMGA8,,"1031,701727","1031,701727","0,8728",,,
2026-08-17,CSMGA9,,"1018,030828","1018,030828","0,7364",,,
2026-08-17,CSMGB0,,"997,629945","997,629945","0,6663",,,
2026-08-17,CSMGB6,,"78,977978","78,977978","0,7173",,,
2026-08-17,CSMGD1,,"1003,742599","1003,742599","0,7543",,,
2026-08-17,CSMGD2,,"1022,509936","1022,509936","0,7145",,,
2026-08-17,CSNAA1,,"830,450794","830,450794","18,5313",,,
2026-08-17,CSNAA2,,"933,033191","933,033191","15,8835",,,
2026-08-17,CSRNA2,,"1068,912243","1068,912243","0,7517",,,
2026-08-17,CTEE19,,"1069,936187","1069,936187","0,3973",,,
2026-08-17,CTNSA2,,"1080,424729","1080,424729","0,6579",,,
2026-08-17,CVCB14,,"0,581914","0,581914","8,6848",,,
2026-08-17,DASAB2,,"1058,334301","1058,334301","2,7432",,,
2026-08-17,DASAB4,,"1057,478868","1057,478868","1,6139",,,
2026-08-17,DASAB5,,"1030,8446","1030,8446","2,4826",,,
2026-08-17,DASAC2,,"1055,485602","1055,485602","2,8548",,,
2026-08-17,DASAC5,,"1014,403457","1014,403457","2,9627",,,
2026-08-17,DXCO13,,"1040,554806","1040,554806","0,7417",,,
2026-08-17,EBENA6,,"1069,888815","1069,888815","0,598",,,
2026-08-17,EBENA7,,"1019,736859","1019,736859","0,8851",,,
2026-08-17,EBENB1,,"1026,401234","1026,401234","0,5098",,,
2026-08-17,EBENC1,,"1025,32004","1025,32004","0,6708",,,
2026-08-17,ECOV17,,"1090,023644","1090,023644","0,7167",,,
2026-08-17,EDPR13,,"1023,524792","1023,524792","0,6495",,,
2026-08-17,EDPR23,,"1020,236819","1020,236819","0,7595",,,
2026-08-17,EDVP18,,"1081,548294","1081,548294","0,2838",,,
2026-08-17,EEELA3,,"1027,406108","1027,406108","0,4471",,,
2026-08-17,EEELA5,,"998,653918","998,653918","0,4959",,,
2026-08-17,EGIED1,,"1045,068904","1045,068904","0,5223",,,
2026-08-17,EGIEE1,,"1046,930227","1046,930227","0,7919",,,
2026-08-17,EKTRA0,,"1051,527528","1051,527528","0,7425",,,
2026-08-17,EKTRA1,,"1015,623605","1015,623605","1,0089",,,
2026-08-17,EKTRA3,,"1059,628981","1059,628981","0,6648",,,
2026-08-17,EKTRA4,,"1007,475016","1007,475016","0,6788",,,
2026-08-17,EKTRB0,,"1059,03044","1059,03044","0,9137",,,
2026-08-17,ELET15,,"1056,329297","1056,329297","0,5308",,,
2026-08-17,ELET17,,"1044,150566","1044,150566","0,7083",,,
2026-08-17,ELET24,,"1073,666528","1073,666528","0,9416",,,
2026-08-17,ELET25,,"1063,931236","1063,931236","0,5901",,,
2026-08-17,ELFA12,,"334,186209","334,186209",--,,,
2026-08-17,ELPLA6,,"1038,466499","1038,466499","2,8797",,,
2026-08-17,ELPLB8,,"1016,168472","1016,168472","2,4995",,,
2026-08-17,ELTN16,,"1069,879067","1069,879067","0,6339",,,
2026-08-17,ELTN19,,"1036,59154","1036,59154","0,6502",,,
2026-08-17,ELTN26,,"1082,4623","1082,4623","0,6179",,,
2026-08-17,ENERB5,,"1029,046168","1029,046168","0,6638",,,
2026-08-17,ENERC3,,"1072,455845","1072,455845","0,5698",,,
2026-08-17,ENEV38,,"1030,154674","1030,154674","0,903",,,
2026-08-17,ENEV48,,"1056,791022","1056,791022","0,801",,,
2026-08-17,ENEVA3,,"1031,597111","1031,597111","0,6767",,,
2026-08-17,ENEVC0,,"1058,89223","1058,89223","0,5908",,,
2026-08-17,ENEVD0,,"1064,914386","1064,914386","0,6882",,,
2026-08-17,ENGIA7,,"1056,13481","1056,13481","0,4654",,,
2026-08-17,ENGIB1,,"1071,993166","1071,993166","0,5879",,,
2026-08-17,ENGIB5,,"1053,909928","1053,909928","0,4097",,,
2026-08-17,ENGIB7,,"1072,827754","1072,827754","0,6441",,,
2026-08-17,ENGIB8,,"1048,70934","1048,70934","0,6426",,,
2026-08-17,ENGIC3,,"1075,382822","1075,382822","0,6005",,,
2026-08-17,ENGIC4,,"1064,349719","1064,349719","0,6755",,,
2026-08-17,ENGIC5,,"1075,38234","1075,38234","0,5986",,,
2026-08-17,ENGIC6,,"1058,051088","1058,051088","0,4566",,,
2026-08-17,ENGIC9,,"1080,584636","1080,584636","0,5829",,,
2026-08-17,ENGID3,,"1081,676446","1081,676446","0,664",,,
2026-08-17,ENMTA8,,"1053,448083","1053,448083","0,5419",,,
2026-08-17,ENMTB0,,"1070,522889","1070,522889","0,6455",,,
2026-08-17,ENMTB2,,"1030,235292","1030,235292","0,6203",,,
2026-08-17,ENMTC2,,"1035,444166","1035,444166","0,675",,,
2026-08-17,ENMTC3,,"1062,406284","1062,406284","0,5681",,,
2026-08-17,EQMAA1,,"1045,887037","1045,887037","0,5806",,,
2026-08-17,EQPA17,,"1012,278593","1012,278593","0,6309",,,
2026-08-17,EQPAA0,,"1058,866635","1058,866635","0,7081",,,
2026-08-17,EQTL17,,"1063,969221","1063,969221","0,5967",,,
2026-08-17,ERDVA3,,"1054,846229","1054,846229","1,6958",,,
2026-08-17,ERDVA6,,"1023,950583","1023,950583","0,8451",,,
2026-08-17,ERDVB3,,"1080,350349","1080,350349","1,3254",,,
2026-08-17,ESCEA3,,"1075,746787","1075,746787","0,5814",,,
2026-08-17,ESCEA4,,"1066,336708","1066,336708","0,4892",,,
2026-08-17,ESCEA6,,"1023,948015","1023,948015","0,5731",,,
2026-08-17,ESCEB4,,"1067,104159","1067,104159","0,5386",,,
2026-08-17,ESCEB6,,"1022,399856","1022,399856","0,6763",,,
2026-08-17,ESSDA2,,"1070,038606","1070,038606","0,6645",,,
2026-08-17,EUFA17,,"1065,109596","1065,109596","1,2095",,,
2026-08-17,EUFA18,,"1063,507074","1063,507074","0,9615",,,
2026-08-17,EUFA19,,"1011,78322","1011,78322","1,3589",,,
2026-08-17,FENS12,,"1054,415915","1054,415915","0,5168",,,
2026-08-17,FISI15,,"1002,816052","1002,816052","1,2904",,,
2026-08-17,FLCLA4,,"1080,858746","1080,858746","0,4214",,,
2026-08-17,FLCLA8,,"1023,564942","1023,564942","0,8653",,,
2026-08-17,FLRY17,,"1053,54785","1053,54785","0,5545",,,
2026-08-17,FLRY18,,"1055,191079","1055,191079","0,712",,,
2026-08-17,FLRY19,,"1038,886769","1038,886769","0,3914",,,
2026-08-17,FLRY25,,"686,140066","686,140066","0,7258",,,
2026-08-17,FLRY27,,"1063,190162","1063,190162","0,9245",,,
2026-08-17,FLRY29,,"1037,973101","1037,973101","0,6118",,,
2026-08-17,FLRY36,,"1034,825609","1034,825609","0,6857",,,
2026-08-17,FLRYA0,,"1044,896061","1044,896061","0,468",,,
2026-08-17,FLRYB0,,"1044,106171","1044,106171","0,5938",,,
2026-08-17,FRAS16,,"1036,076761","1036,076761","1,0122",,,
2026-08-17,GGBRA7,,"1035,55166","1035,55166","0,3954",,,
2026-08-17,GGBRA8,,"1028,307775","1028,307775","0,411",,,
2026-08-17,GGBRA9,,"1033,812556","1033,812556","0,5198",,,
2026-08-17,GRRB16,,"976,505598","976,505598","1,9827",,,
2026-08-17,GSHC15,,"1055,925324","1055,925324","1,2636",,,
2026-08-17,GSHC17,,"1073,434255","1073,434255","2,2736",,,
2026-08-17,GUAR17,,"1049,20247","1049,20247","0,9638",,,
2026-08-17,HAPV15,,"834,447616","834,447616","9,7253",,,
2026-08-17,HAPV17,,"841,65063","841,65063","9,8406",,,
2026-08-17,HAPV18,,"801,920428","801,920428","9,3408",,,
2026-08-17,HAPV19,,"780,141203","780,141203","9,0802",,,
2026-08-17,HAPV28,,"799,60494","799,60494","8,7023",,,
2026-08-17,HAPVA0,,"788,931232","788,931232","8,5656",,,
2026-08-17,HBSA14,,"1025,100541","1025,100541","0,55",,,
2026-08-17,HBSA22,,"1028,207423","1028,207423","1,45",,,
2026-08-17,HBSA24,,"1031,344715","1031,344715","0,612",,,
2026-08-17,HGLB13,,"1064,188587","1064,188587","2,7732",,,
2026-08-17,HYPEA6,,"1062,804399","1062,804399","0,6745",,,
2026-08-17,HYPEA7,,"1036,985779","1036,985779","0,6449",,,
2026-08-17,HYPEA8,,"1048,304659","1048,304659","0,5471",,,
2026-08-17,HYPEA9,,"1021,470919","1021,470919","0,549",,,
2026-08-17,HYPEB1,,"1032,387283","1032,387283","0,6405",,,
2026-08-17,HYPEC0,,"1004,663607","1004,663607","0,5845",,,
2026-08-17,IGTAA3,,"1056,688784","1056,688784","0,4843",,,
2026-08-17,IGTAB0,,"1074,919345","1074,919345","0,2732",,,
2026-08-17,INEL12,,"1045,067254","1045,067254","1,2692",,,
2026-08-17,IOCHA3,,"1063,263858","1063,263858","1,3037",,,
2026-08-17,IOCHA4,,"1055,427187","1055,427187","1,166",,,
2026-08-17,IOCHA5,,"1010,313912","1010,313912","1,3171",,,
2026-08-17,IOCHA6,,"1033,453044","1033,453044","1,3256",,,
2026-08-17,IPIPA6,,"1037,008885","1037,008885","0,5432",,,
2026-08-17,ISAEB1,,"1012,797386","1012,797386","0,5428",,,
2026-08-17,ISAEC1,,"1013,908111","1013,908111","0,5625",,,
2026-08-17,ISAED1,,"1025,024199","1025,024199","0,5883",,,
2026-08-17,ISPE12,,"1035,394365","1035,394365","2,4506",,,
2026-08-17,ISPE13,,"1034,279309","1034,279309","2,4995",,,
2026-08-17,ITSA17,,"1026,063867","1026,063867","0,503",,,
2026-08-17,ITSA18,,"1145,531341","1145,531341","0,4965",,,
2026-08-17,JHSFA1,,"226,253685","226,253685","0,6892",,,
2026-08-17,JHSFA3,,"721,417193","721,417193","1,1977",,,
2026-08-17,JSLGA5,,"1053,956727","1053,956727","2,6524",,,
2026-08-17,JSMLA5,,"1011,817844","1011,817844","3,6348",,,
2026-08-17,KRSA12,,N/D,N/D,--,,,
2026-08-17,LCAMC2,,"1064,418863","1064,418863","1,5289",,,
2026-08-17,LETS18,,"1049,217157","1049,217157","1,2895",,,
2026-08-17,LMTP18,,"1030,677376","1030,677376","1,4837",,,
2026-08-17,LMTP26,,"1062,949359","1062,949359","1,5178",,,
2026-08-17,LMTPA0,,"1050,561566","1050,561566","1,7576",,,
2026-08-17,LMTPA1,,"1015,26132","1015,26132","1,2722",,,
2026-08-17,LMTPA2,,"1054,293792","1054,293792","1,6454",,,
2026-08-17,LMTPB1,,"1008,548136","1008,548136","1,8443",,,
2026-08-17,LMTPB2,,"1046,803084","1046,803084","1,9759",,,
2026-08-17,LOGGB1,,"127,657331","127,657331","0,8982",,,
2026-08-17,LORTB2,,"1043,992999","1043,992999","1,2194",,,
2026-08-17,LVTC12,,"411,340851","411,340851","2,2446",,,
2026-08-17,LVTC22,,"658,21226","658,21226","5,8707",,,
2026-08-17,MATD12,,"1045,784913","1045,784913","0,6921",,,
2026-08-17,MATD13,,"1025,426437","1025,426437","0,7356",,,
2026-08-17,MDRO18,,"1033,382247","1033,382247","2,3894",,,
2026-08-17,MEAL14,,"595,922723","595,922723","4,5644",,,
2026-08-17,MGLUA0,,"524,80714","524,80714","1,7529",,,
2026-08-17,MILS18,,"1037,959643","1037,959643","0,9095",,,
2026-08-17,MILS19,,"1031,672364","1031,672364","0,8838",,,
2026-08-17,MILS29,,"1027,668904","1027,668904","1,2788",,,
2026-08-17,MILSA1,,"1073,882468","1073,882468","0,8587",,,
2026-08-17,MILSB0,,"1044,699795","1044,699795","1,0324",,,
2026-08-17,MNLT11,,"1053,723218","1053,723218","0,8538",,,
2026-08-17,MNRVA1,,"1051,331234","1051,331234","1,8098",,,
2026-08-17,MOTVA8,,"1037,775602","1037,775602","0,5235",,,
2026-08-17,MOVI17,,"535,499313","535,499313","1,5067",,,
2026-08-17,MOVI27,,"1082,561013","1082,561013","2,237",,,
2026-08-17,MOVI34,,"338,533027","338,533027","1,3187",,,
2026-08-17,MOVIA2,,"527,466199","527,466199","1,2078",,,
2026-08-17,MOVIA3,,"1076,95086","1076,95086","1,9415",,,
2026-08-17,MRFGA1,,"1045,062052","1045,062052","1,0348",,,
2026-08-17,MTRO12,,"219,110275","219,110275","0,9051",,,
2026-08-17,MULPA0,,"1057,25733","1057,25733","0,6761",,,
2026-08-17,MULPB1,,"1019,717485","1019,717485","0,6364",,,
2026-08-17,MULTA5,,"1048,345746","1048,345746","0,5394",,,
2026-08-17,MULTB5,,"1057,203378","1057,203378","0,6191",,,
2026-08-17,MVLV19,,"533,196119","533,196119","2,0983",,,
2026-08-17,MVLVA1,,"687,754801","687,754801","2,1625",,,
2026-08-17,MVLVA3,,"1006,247696","1006,247696","2,1549",,,
2026-08-17,NATUA3,,"1014,695616","1014,695616","1,6848",,,
2026-08-17,NIGP12,,"1091,417821","1091,417821","1,0489",,,
2026-08-17,NTSD16,,"186,673474","186,673474","0,7784",,,
2026-08-17,NTSD17,,"1028,06172","1028,06172","0,464",,,
2026-08-17,NTSD18,,"1038,344106","1038,344106","0,6699",,,
2026-08-17,NTSD26,,"1017,84964","1017,84964","0,8245",,,
2026-08-17,NTSD35,,"1097,436409","1097,436409","0,9837",,,
2026-08-17,NTSD36,,"1033,846347","1033,846347","0,9102",,,
2026-08-17,NTSDA0,,"1076,836968","1076,836968","0,7195",,,
2026-08-17,NTSDA2,,"1060,430981","1060,430981","0,6681",,,
2026-08-17,OMGE15,,"1028,510446","1028,510446","1,5803",,,
2026-08-17,OMGE16,,"1062,090092","1062,090092","1,1885",,,
2026-08-17,OMGE17,,"985,631838","985,631838","1,3183",,,
2026-08-17,OMGE26,,"1064,940872","1064,940872","1,2113",,,
2026-08-17,OMGE27,,N/D,N/D,--,,,
2026-08-17,ONCO19,,"636,001492","636,001492",--,,,
2026-08-17,ONCO29,,"636,42595","636,42595",--,,,
2026-08-17,ONCOA1,,N/D,N/D,--,,,
2026-08-17,OPCT16,,"1035,244587","1035,244587","1,3365",,,
2026-08-17,OPCT17,,"1024,86482","1024,86482","1,3226",,,
2026-08-17,ORMA16,,"1153,980576","1153,980576","1,25",,,
2026-08-17,ORMA17,,"1100,866358","1100,866358","1,4172",,,
2026-08-17,OVSAA3,,"713,093014","713,093014","2,1027",,,
2026-08-17,OVSAA8,,"1040,491079","1040,491079","2,2013",,,
2026-08-17,OVSAA9,,"1048,636214","1048,636214","2,1545",,,
2026-08-17,OVSAB0,,"1044,556337","1044,556337","2,0265",,,
2026-08-17,OVSAB1,,"1011,936909","1011,936909","2,3623",,,
2026-08-17,OZNH11,,"950,129469","950,129469","1,9287",,,
2026-08-17,PALFA4,,"367,645504","367,645504","0,3408",,,
2026-08-17,PALFA5,,"1027,017383","1027,017383","0,465",,,
2026-08-17,PALFA6,,"1002,438956","1002,438956","0,4909",,,
2026-08-17,PALFA8,,"1085,994891","1085,994891","0,2985",,,
2026-08-17,PASS12,,"1062,139566","1062,139566","0,9499",,,
2026-08-17,PASS13,,"1069,131485","1069,131485","0,7962",,,
2026-08-17,PASS14,,"1027,30688","1027,30688","0,7477",,,
2026-08-17,PASS24,,"1024,356397","1024,356397","0,8583",,,
2026-08-17,PEJA21,,"1009,777517","1009,777517","1,0134",,,
2026-08-17,PFOR15,,"1070,460639","1070,460639","1,3289",,,
2026-08-17,PFOR16,,"1018,017988","1018,017988","1,281",,,
2026-08-17,PFOR25,,"1069,072861","1069,072861","1,4989",,,
2026-08-17,PFOR26,,"1019,134047","1019,134047","1,4521",,,
2026-08-17,PGMN26,,"1052,474997","1052,474997","1,7676",,,
2026-08-17,PLSB2A,,"854,39696","854,39696","1,2656",,,
2026-08-17,PRLG17,,"1057,074682","1057,074682","1,0296",,,
2026-08-17,PSAN13,,"1066,881222","1066,881222","2,3",,,
2026-08-17,PSAN23,,"1080,322288","1080,322288","2,2764",,,
2026-08-17,QUAL16,,"255,878184","255,878184","2,9302",,,
2026-08-17,QUAL17,,"712,77318","712,77318","4,0805",,,
2026-08-17,QUAL18,,"1021,519919","1021,519919","4,4673",,,
2026-08-17,QUNT11,,"1044,425807","1044,425807","0,7634",,,
2026-08-17,QYAN11,,"1047,089302","1047,089302","0,7009",,,
2026-08-17,RADL15,,"1023,654113","1023,654113","0,6253",,,
2026-08-17,RADL19,,"1053,971546","1053,971546","0,4033",,,
2026-08-17,RADLA0,,"1054,770447","1054,770447","0,4252",,,
2026-08-17,RADLA1,,"1039,386134","1039,386134","0,4139",,,
2026-08-17,RAIZ14,,"518,938815","518,938815",--,,,
2026-08-17,RDORA5,,"1087,487037","1087,487037","1,1683",,,
2026-08-17,RDORB3,,"1071,527172","1071,527172","0,9901",,,
2026-08-17,RDORB5,,"1087,606485","1087,606485","1,0664",,,
2026-08-17,RDORB9,,"1105,877956","1105,877956","0,968",,,
2026-08-17,RDORC3,,"1070,176789","1070,176789","1,0281",,,
2026-08-17,RDORC4,,"1063,844488","1063,844488","0,3708",,,
2026-08-17,RDORC7,,"1027,425463","1027,425463","0,4839",,,
2026-08-17,RDORC9,,"1105,837127","1105,837127","0,9693",,,
2026-08-17,RDORD3,,"1074,123711","1074,123711","1,0705",,,
2026-08-17,RDORD4,,"1069,267857","1069,267857","0,9287",,,
2026-08-17,RDORD7,,"1093,68797","1093,68797","0,9937",,,
2026-08-17,RDORE4,,"1075,154229","1075,154229","1,0666",,,
2026-08-17,RDORF1,,"1022,07989","1022,07989","1,023",,,
2026-08-17,RDORF8,,"1040,817037","1040,817037","1,054",,,
2026-08-17,RDORG6,,"1073,104562","1073,104562","0,9879",,,
2026-08-17,RDORG9,,"1025,033583","1025,033583","1,0968",,,
2026-08-17,RDORH6,,"1076,255483","1076,255483","1,0901",,,
2026-08-17,RDORI6,,"1095,14372","1095,14372","1,2145",,,
2026-08-17,RECV12,,"1056,63572","1056,63572","0,8608",,,
2026-08-17,RECV13,,"1033,483996","1033,483996","0,644",,,
2026-08-17,RENTA5,,"1046,061518","1046,061518","1,2651",,,
2026-08-17,RENTC4,,"1046,701265","1046,701265","1,3077",,,
2026-08-17,RENTC8,,"1087,284797","1087,284797","1,2143",,,
2026-08-17,RENTD0,,"1045,322504","1045,322504","0,9873",,,
2026-08-17,RENTD5,,"1074,801158","1074,801158","1,0476",,,
2026-08-17,RENTD9,,"1069,035801","1069,035801","1,2561",,,
2026-08-17,RENTE2,,"1041,205327","1041,205327","1,0323",,,
2026-08-17,RENTE3,,"1017,055555","1017,055555","1,0338",,,
2026-08-17,RENTE4,,"1012,877382","1012,877382","1,0999",,,
2026-08-17,RENTE5,,"1070,213275","1070,213275","1,2958",,,
2026-08-17,RENTE9,,"1085,745885","1085,745885","1,3842",,,
2026-08-17,RENTF2,,"1044,738163","1044,738163","1,1987",,,
2026-08-17,RNDNA0,,"1039,749943","1039,749943","1,6371",,,
2026-08-17,RNDNA1,,"1009,449908","1009,449908","1,9862",,,
2026-08-17,RNDNA2,,"963,209282","963,209282","2,3676",,,
2026-08-17,RNDNB0,,"1036,66252","1036,66252","1,9196",,,
2026-08-17,RNDNB2,,"965,666545","965,666545","2,1905",,,
2026-08-17,RODB11,,"1479,731825","1479,731825","2,3593",,,
2026-08-17,RSAN15,,"1033,03358","1033,03358","2,2619",,,
2026-08-17,RSAN25,,"1039,856676","1039,856676","2,5544",,,
2026-08-17,SAELA4,,"1071,232102","1071,232102","0,6177",,,
2026-08-17,SAPRB1,,"506,690366","506,690366","0,763",,,
2026-08-17,SAPRB4,,"1025,905568","1025,905568","0,5866",,,
2026-08-17,SAPRC1,,"1064,873974","1064,873974","1,0974",,,
2026-08-17,SBFC13,,"352,037668","352,037668","0,8262",,,
2026-08-17,SBIOA4,,"1056,801614","1056,801614","0,7011",,,
2026-08-17,SBSPA1,,"1070,268925","1070,268925","0,4768",,,
2026-08-17,SBSPB1,,"1091,139293","1091,139293","0,5249",,,
2026-08-17,SBSPC1,,"1105,418631","1105,418631","0,5908",,,
2026-08-17,SBSPC3,,"346,818663","346,818663","0,4049",,,
2026-08-17,SBSPD2,,"1061,888602","1061,888602","0,182",,,
2026-08-17,SBSPD3,,"1013,012496","1013,012496","0,4984",,,
2026-08-17,SBSPD7,,"1041,200602","1041,200602","0,593",,,
2026-08-17,SBSPE7,,"1050,221642","1050,221642","0,6508",,,
2026-08-17,SBSPL8,,"1003,13","1003,13","0,5683",,,
2026-08-17,SBSPM8,,"1003,385715","1003,385715","0,6528",,,
2026-08-17,SIMH16,,"1014,321071","1014,321071","3,6675",,,
2026-08-17,SLFT13,,"825,506119","825,506119","2,0596",,,
2026-08-17,SMFT18,,"1064,639036","1064,639036","1,4736",,,
2026-08-17,SMFTA0,,"1020,999504","1020,999504","0,6388",,,
2026-08-17,SMFTA1,,"1047,217379","1047,217379","0,7129",,,
2026-08-17,SMFTA2,,"1063,857993","1063,857993","0,7209",,,
2026-08-17,SMFTA3,,"1045,615645","1045,615645","0,7474",,,
2026-08-17,SMFTB3,,"1042,052215","1042,052215","0,9027",,,
2026-08-17,SMFTC3,,"1049,068991","1049,068991","1,0071",,,
2026-08-17,SNGO10,,"279,275003","279,275003","0,2933",,,
2026-08-17,SNGOA1,,"713,437921","713,437921","0,4034",,,
2026-08-17,SNGOA2,,"975,741982","975,741982","0,522",,,
2026-08-17,SNGOA3,,"1001,277196","1001,277196","0,5809",,,
2026-08-17,STBP15,,"995,625979","995,625979","0,7249",,,
2026-08-17,STBP25,,"999,918578","999,918578","0,7024",,,
2026-08-17,SUMI39,,"1014,194282","1014,194282","3,9114",,,
2026-08-17,SUZBA1,,"1050,078728","1050,078728","0,4563",,,
2026-08-17,SUZBB1,,"1060,525739","1060,525739","0,5059",,,
2026-08-17,SVEA14,,"920,409936","920,409936","1,8468",,,
2026-08-17,SVEA15,,"1037,151632","1037,151632","1,8498",,,
2026-08-17,SVEA16,,"1053,720129","1053,720129","2,2519",,,
2026-08-17,TAEEA1,,"1059,649049","1059,649049","0,4216",,,
2026-08-17,TAEEA5,,"1065,291685","1065,291685","0,4314",,,
2026-08-17,TAEEA6,,"1064,598149","1064,598149","0,4325",,,
2026-08-17,TAEEA9,,"1046,789681","1046,789681","0,5608",,,
2026-08-17,TAEEC1,,"339,248923","339,248923","0,2895",,,
2026-08-17,TAEEE1,,"1057,941003","1057,941003","0,4532",,,
2026-08-17,TBSP12,,"1015,360987","1015,360987","0,4813",,,
2026-08-17,TBSP22,,"1019,80647","1019,80647","0,5792",,,
2026-08-17,TEPA14,,"1017,061433","1017,061433","4,15",,,
2026-08-17,TFLE19,,"1040,514266","1040,514266","1,0424",,,
2026-08-17,TFLEA3,,"1035,531722","1035,531722","1,287",,,
2026-08-17,TFLEA4,,"1018,889521","1018,889521","1,3742",,,
2026-08-17,TFLEA6,,"1040,475775","1040,475775","1,0578",,,
2026-08-17,TFLEA7,,"1014,702383","1014,702383","0,972",,,
2026-08-17,TFLEA8,,"1028,509742","1028,509742","1,0203",,,
2026-08-17,TFLEA9,,"1072,683499","1072,683499","1,0818",,,
2026-08-17,TFLEB5,,"1136,778671","1136,778671","1,0333",,,
2026-08-17,TFLEC0,,"1058,085027","1058,085027","1,0078",,,
2026-08-17,TFLED0,,"1062,588681","1062,588681","1,1327",,,
2026-08-17,TIET19,,"307,784269","307,784269","0,5838",,,
2026-08-17,TIGR12,,"1024,666821","1024,666821","1,368",,,
2026-08-17,TIGR21,,"1048,164086","1048,164086","1,2945",,,
2026-08-17,TLPP27,,"1018,645744","1018,645744","0,8682",,,
2026-08-17,TOTS15,,"1016,67101","1016,67101","0,7507",,,
2026-08-17,TRES11,,"1070,157744","1070,157744","1,5524",,,
2026-08-17,TRPLA3,,"1078,786369","1078,786369","1,0062",,,
2026-08-17,TRPLA5,,"1065,126164","1065,126164","0,5584",,,
2026-08-17,TRPLA6,,"1037,093537","1037,093537","0,7431",,,
2026-08-17,TRPLB5,,"1062,826266","1062,826266","0,7622",,,
2026-08-17,TSSG13,,"1033,472282","1033,472282","0,5336",,,
2026-08-17,TSSG14,,"832,158298","832,158298","0,4259",,,
2026-08-17,TUPW11,,"926,527086","926,527086","6,7283",,,
2026-08-17,TUPY15,,"956,335068","956,335068","3,2423",,,
2026-08-17,TUPY25,,"927,381744","927,381744","3,7136",,,
2026-08-17,TUPY35,,"913,683746","913,683746","3,5884",,,
2026-08-17,UNIP18,,"1069,125433","1069,125433","1,4729",,,
2026-08-17,UNIP19,,"1055,495741","1055,495741","1,2761",,,
2026-08-17,UNIP29,,"1059,964963","1059,964963","1,4352",,,
2026-08-17,UNIP39,,"1072,2205","1072,2205","1,5994",,,
2026-08-17,UNIPA0,,"989,449921","989,449921","1,58",,,
2026-08-17,UNIPB0,,"1002,920814","1002,920814","1,5343",,,
2026-08-17,UNIPC0,,"999,466613","999,466613","1,4549",,,
2026-08-17,UQFN14,,"98,851973","98,851973","0,9",,,
2026-08-17,UQFN15,,"1000,344793","1000,344793","2,1956",,,
2026-08-17,USIM28,,"1043,635083","1043,635083","1,2901",,,
2026-08-17,USIM29,,"1036,661617","1036,661617","1,3365",,,
2026-08-17,USIM39,,"1047,638987","1047,638987","1,4726",,,
2026-08-17,USIMA0,,"1063,954673","1063,954673","1,2784",,,
2026-08-17,USIMB0,,"1065,696026","1065,696026","1,4138",,,
2026-08-17,VAMO13,,"1024,071781","1024,071781","2,554",,,
2026-08-17,VAMO14,,"1041,989207","1041,989207","3,6242",,,
2026-08-17,VAMO17,,"501,634024","501,634024","3,7177",,,
2026-08-17,VAMO22,,"359,211621","359,211621","2,8279",,,
2026-08-17,VAMO23,,"1011,92751","1011,92751","3,3514",,,
2026-08-17,VAMO24,,"1022,096751","1022,096751","3,9445",,,
2026-08-17,VAMOA0,,"1054,890109","1054,890109","3,761",,,
2026-08-17,VAMOA1,,"1001,979063","1001,979063","3,4329",,,
2026-08-17,VBBR15,,"1067,433949","1067,433949","0,9766",,,
2026-08-17,VBBR16,,"1063,242753","1063,242753","0,7842",,,
2026-08-17,VBBR17,,"1040,046346","1040,046346","0,7543",,,
2026-08-17,VBBR18,,"1024,650901","1024,650901","0,7868",,,
2026-08-17,VBBR24,,"1142,35767","1142,35767","1,0821",,,
2026-08-17,VBBR26,,"1068,024798","1068,024798","0,9459",,,
2026-08-17,VEBMA6,,"1030,640343","1030,640343","1,2636",,,
2026-08-17,VEBMA8,,"1051,462606","1051,462606","0,5793",,,
2026-08-17,VEBMA9,,"1044,499169","1044,499169","0,5893",,,
2026-08-17,VERO14,,"891,893256","891,893256",--,,,
2026-08-17,VIVA11,,"1067,612338","1067,612338","0,7126",,,
2026-08-17,VIXL15,,"525,648434","525,648434","0,9774",,,
2026-08-17,VIXL18,,"1049,991441","1049,991441","1,0865",,,
2026-08-17,VIXL19,,"1050,886265","1050,886265","1,2365",,,
2026-08-17,VIXL25,,"1065,115453","1065,115453","1,1071",,,
2026-08-17,VIXL26,,"1043,298576","1043,298576","1,0887",,,
2026-08-17,VIXL35,,"525,62018","525,62018","1,0059",,,
2026-08-17,VIXL45,,"1065,128626","1065,128626","1,1059",,,
2026-08-17,VLIDA0,,"1056,66501","1056,66501","1,2941",,,
2026-08-17,VLIDA1,,"1012,59771","1012,59771","1,4948",,,
2026-08-17,VLIDB1,,"1014,992439","1014,992439","1,4974",,,
2026-08-17,VLME11,,"777,641991","777,641991",--,,,
2026-08-17,VLME12,,"874,628227","874,628227",--,,,
2026-08-17,VVEO15,,"679,016077","679,016077",--,,,
2026-08-17,VVEO16,,"679,016077","679,016077",--,,,
2026-08-17,WIZC12,,"1008,62852","1008,62852","1,8995",,,
2026-08-17,YDUQ17,,"1033,543982","1033,543982","0,5774",,,
2026-08-17,YDUQ18,,"1058,967916","1058,967916","0,8435",,,
2026-08-17,YDUQA0,,"1063,215307","1063,215307","0,6722",,,
2026-08-17,YDUQA1,,"1038,909009","1038,909009","0,8465",,,
2026-08-17,YDUQA2,,"1020,126973","1020,126973","0,7588",,,
2026-08-17,BHIAA0,,"0,391906","0,391906",--,,,
2026-08-17,BHIAC0,,"0,383269","0,383269",--,,,
2026-08-17,KLBNA2,,"10872,700142","10872,700142","102,8721",,,
2026-08-17,RADL14,,"513,92269","513,92269","103,7093",,,
2026-08-17,UNDAC3,,"1064,003156","1064,003156","107,9027",,,
2026-08-17,CVRDA6,,N/D,N/D,--,,,
2026-08-17,ACRC21,,"1092,150887","1092,150887","8,9405",,,
2026-08-17,AEAB11,,"1131,424188","1131,424188","8,2407",,,
2026-08-17,AESLA5,,"1080,924072","1080,924072","7,7408",,,
2026-08-17,AESLA7,,"1043,783785","1043,783785","7,7599",,,
2026-08-17,AESLA9,,"1020,95508","1020,95508","7,7668",,,
2026-08-17,AESLB0,,"1022,951624","1022,951624","7,7046",,,
2026-08-17,AESLB7,,"1017,291378","1017,291378","7,6098",,,
2026-08-17,AESLC2,,"987,714229","987,714229","7,821",,,
2026-08-17,AESLD2,,"971,220034","971,220034","7,7871",,,
2026-08-17,AESOA1,,"1054,79119","1054,79119","8,1374",,,
2026-08-17,AGEO15,,"1052,75469","1052,75469","7,7397",,,
2026-08-17,AGIZ11,,"1018,587346","1018,587346","8,4733",,,
2026-08-17,AHGD13,,"0,974601","0,974601","8,8695",,,
2026-08-17,ALGAB1,,"1160,269617","1160,269617","8,9544",,,
2026-08-17,ALGAC2,,"1123,036935","1123,036935","8,9113",,,
2026-08-17,ALGE16,,"974,291132","974,291132","7,7853",,,
2026-08-17,ALGTA4,,"1028,285708","1028,285708","8,9623",,,
2026-08-17,ALIG12,,"645,055518","645,055518","7,7914",,,
2026-08-17,ALIG13,,"813,402382","813,402382","7,6862",,,
2026-08-17,ALIG15,,"973,154553","973,154553","7,7652",,,
2026-08-17,ALUP18,,"1057,881864","1057,881864","7,4984",,,
2026-08-17,ANET11,,"561,366726","561,366726",--,,,
2026-08-17,ANET12,,"1068,947007","1068,947007",--,,,
2026-08-17,ANHBB6,,"1004,645547","1004,645547","7,7985",,,
2026-08-17,APFD19,,"1128,100306","1128,100306","7,9649",,,
2026-08-17,APPSA2,,"1084,531811","1084,531811","9,0435",,,
2026-08-17,APRB18,,"1234,077338","1234,077338","9,2832",,,
2026-08-17,ARTR19,,"1398,904449","1398,904449","10,0676",,,
2026-08-17,ARTRA7,,"941,681738","941,681738","10,1304",,,
2026-08-17,ARTRA8,,"994,411087","994,411087","10,0413",,,
2026-08-17,ASAB11,,"779,418202","779,418202","11,609",,,
2026-08-17,ASCP13,,"979,181411","979,181411","8,2658",,,
2026-08-17,ASCP23,,"1187,63443","1187,63443","8,3565",,,
2026-08-17,ASER12,,"937,485119","937,485119","12,4192",,,
2026-08-17,ASSR21,,"833,522185","833,522185","9,1459",,,
2026-08-17,ATHT11,,"0,97432","0,97432","8,8753",,,
2026-08-17,ATII12,,"0,974411","0,974411","8,8734",,,
2026-08-17,AURE12,,"1036,483713","1036,483713","8,1174",,,
2026-08-17,AURP12,,"1044,330876","1044,330876","8,1208",,,
2026-08-17,AURP13,,"969,763207","969,763207","8,1179",,,
2026-08-17,AXIA18,,"978,032385","978,032385","7,8212",,,
2026-08-17,AXIA19,,"1022,661937","1022,661937","7,8081",,,
2026-08-17,AXIA28,,"956,504002","956,504002","7,8117",,,
2026-08-17,AXIA38,,"950,636555","950,636555","7,6168",,,
2026-08-17,BARU11,,"1251,244691","1251,244691","8,1357",,,
2026-08-17,BCPSA5,,"1101,239688","1101,239688","7,4356",,,
2026-08-17,BCPSA7,,"1006,247289","1006,247289","7,5694",,,
2026-08-17,BHSA11,,"1021,45351","1021,45351","8,2165",,,
2026-08-17,BION17,,"1049,564531","1049,564531","10,9356",,,
2026-08-17,BLMN12,,"998,656449","998,656449","7,589",,,
2026-08-17,BRKP28,,"1193,209949","1193,209949","9,6833",,,
2026-08-17,BRST11,,"778,806364","778,806364","7,4542",,,
2026-08-17,BRST15,,"1030,360987","1030,360987","8,5347",,,
2026-08-17,BTCL12,,"1074,309659","1074,309659","10,6469",,,
2026-08-17,BTEL23,,"1003,950985","1003,950985","10,2223",,,
2026-08-17,BTEL33,,"963,396201","963,396201","10,7373",,,
2026-08-17,CAEC12,,"1117,881865","1117,881865","8,2119",,,
2026-08-17,CAJS11,,"1026,637136","1026,637136","8,6276",,,
2026-08-17,CAJS12,,"977,96229","977,96229","8,6827",,,
2026-08-17,CART13,,"11186,227615","11186,227615","8,5949",,,
2026-08-17,CASN23,,"1135,954372","1135,954372","8,9395",,,
2026-08-17,CASN24,,"1124,972957","1124,972957","8,8597",,,
2026-08-17,CASN34,,"1173,667494","1173,667494","8,8725",,,
2026-08-17,CBAN12,,"1420,774818","1420,774818","7,9701",,,
2026-08-17,CBAN32,,"1437,712215","1437,712215","7,9881",,,
2026-08-17,CBAN52,,"1437,750533","1437,750533","7,9874",,,
2026-08-17,CBAN72,,"1437,673902","1437,673902","7,9888",,,
2026-08-17,CCLS11,,"1078,311543","1078,311543","11,6556",,,
2026-08-17,CCPV11,,"1179,03977","1179,03977","7,8984",,,
2026-08-17,CCROA5,,"927,646651","927,646651","7,8372",,,
2026-08-17,CCROB4,,"816,865757","816,865757","6,8343",,,
2026-08-17,CCROB6,,"1167,033201","1167,033201","7,8115",,,
2026-08-17,CDES11,,"1099,878523","1099,878523","8,0206",,,
2026-08-17,CEAD11,,"702,822208","702,822208","8,4807",,,
2026-08-17,CEAL12,,"988,522524","988,522524","8,1914",,,
2026-08-17,CEAL21,,"1123,610334","1123,610334","8,2024",,,
2026-08-17,CEAM11,,"81,540315","81,540315","10,9644",,,
2026-08-17,CEAP12,,"1104,751131","1104,751131","8,0726",,,
2026-08-17,CEAP14,,"1072,636793","1072,636793","8,1603",,,
2026-08-17,CEAP17,,"1083,094883","1083,094883","8,1363",,,
2026-08-17,CEAP19,,"987,452374","987,452374","8,1972",,,
2026-08-17,CEEBB6,,"1090,562458","1090,562458","7,9916",,,
2026-08-17,CEEBB7,,"1046,348103","1046,348103","8,1211",,,
2026-08-17,CEEBC3,,"1211,822146","1211,822146","8,0002",,,
2026-08-17,CEEBC4,,"1157,645985","1157,645985","8,0498",,,
2026-08-17,CEEBD2,,"941,386796","941,386796","8,0616",,,
2026-08-17,CEEBE3,,"1011,505022","1011,505022","8,0255",,,
2026-08-17,CEED12,,"1176,190778","1176,190778","7,964",,,
2026-08-17,CEED13,,"1102,092967","1102,092967","8,1538",,,
2026-08-17,CEED15,,"1020,412812","1020,412812","8,2005",,,
2026-08-17,CEED17,,"1029,856147","1029,856147","8,1465",,,
2026-08-17,CEED19,,"988,157134","988,157134","8,1858",,,
2026-08-17,CEED21,,"1240,624607","1240,624607","7,9452",,,
2026-08-17,CEPEA7,,"1023,971852","1023,971852","7,7965",,,
2026-08-17,CEPEA8,,"1011,016262","1011,016262","8,0388",,,
2026-08-17,CEPEB3,,"1046,318433","1046,318433","8,1217",,,
2026-08-17,CEPEB7,,"951,027748","951,027748","7,8937",,,
2026-08-17,CEPEC1,,"1214,850403","1214,850403","7,9867",,,
2026-08-17,CEPEC2,,"1156,319756","1156,319756","8,0811",,,
2026-08-17,CEROA4,,"1007,45135","1007,45135","8,1851",,,
2026-08-17,CEROB4,,"997,737152","997,737152","7,9921",,,
2026-08-17,CERR18,,"1026,49604","1026,49604","9,6345",,,
2026-08-17,CERT11,,"1192,266482","1192,266482","8,3333",,,
2026-08-17,CESE32,,"1165,87365","1165,87365","7,908",,,
2026-08-17,CESPA2,,"1300,170808","1300,170808","7,9677",,,
2026-08-17,CESPA3,,"1030,495923","1030,495923","8,1208",,,
2026-08-17,CGASA1,,"1007,243531","1007,243531","8,0029",,,
2026-08-17,CGASA2,,"1052,555883","1052,555883","7,7663",,,
2026-08-17,CGASA4,,"996,555828","996,555828","7,8034",,,
2026-08-17,CGASB1,,"993,905786","993,905786","7,8428",,,
2026-08-17,CGASB4,,"963,347852","963,347852","7,892",,,
2026-08-17,CGEE13,,"804,054724","804,054724","14,2908",,,
2026-08-17,CGEE23,,"803,130808","803,130808","14,315",,,
2026-08-17,CGMG18,,"891,632499","891,632499","7,7228",,,
2026-08-17,CGOS13,,"1146,805338","1146,805338","8,083",,,
2026-08-17,CGOS16,,"1019,184144","1019,184144","8,1538",,,
2026-08-17,CGOS24,,"1104,234659","1104,234659","8,0636",,,
2026-08-17,CGOS28,,"1030,366214","1030,366214","8,1345",,,
2026-08-17,CGOS34,,"1073,62064","1073,62064","8,192",,,
2026-08-17,CGOSA0,,"991,011619","991,011619","8,152",,,
2026-08-17,CGOSA2,,"937,53379","937,53379","8,0557",,,
2026-08-17,CGOSB0,,"989,235529","989,235529","8,1801",,,
2026-08-17,CHSF13,,"1078,138949","1078,138949","7,7185",,,
2026-08-17,CJEN13,,"1166,291993","1166,291993","7,976",,,
2026-08-17,CLAG13,,"838,530827","838,530827","9,4119",,,
2026-08-17,CLAG15,,"988,959254","988,959254","9,1762",,,
2026-08-17,CLCD26,,"1125,368791","1125,368791","7,5819",,,
2026-08-17,CLCD27,,"1066,055434","1066,055434","7,7203",,,
2026-08-17,CLIS13,,"1091,73471","1091,73471","8,1459",,,
2026-08-17,CLNG11,,"271,619284","271,619284","7,0697",,,
2026-08-17,CLTM14,,"1018,906209","1018,906209","9,0883",,,
2026-08-17,CMGD28,,"1162,797523","1162,797523","7,8038",,,
2026-08-17,CMGDA4,,"997,320044","997,320044","7,7273",,,
2026-08-17,CMGDB0,,"1025,235468","1025,235468","7,8386",,,
2026-08-17,CMGDB1,,"1039,529301","1039,529301","7,8144",,,
2026-08-17,CMGDB2,,"1081,977126","1081,977126","7,713",,,
2026-08-17,CMGDB4,,"976,293881","976,293881","7,6954",,,
2026-08-17,CMGTA1,,"998,229588","998,229588","7,7137",,,
2026-08-17,CMGTB1,,"974,80437","974,80437","7,7146",,,
2026-08-17,CMIN11,,"878,847599","878,847599","15,3654",,,
2026-08-17,CMIN12,,"827,252524","827,252524","15,5237",,,
2026-08-17,CMIN21,,"737,051974","737,051974","14,8383",,,
2026-08-17,CMIN22,,"744,843561","744,843561","14,8397",,,
2026-08-17,CMTR29,,"1203,431906","1203,431906","7,6679",,,
2026-08-17,CNRD12,,"984,798792","984,798792","8,8064",,,
2026-08-17,COCE18,,"1091,939425","1091,939425","9,0716",,,
2026-08-17,COCEB2,,"1031,683701","1031,683701","9,1988",,,
2026-08-17,COMR14,,"1014,42403","1014,42403","9,5559",,,
2026-08-17,COMR15,,"923,88717","923,88717","9,3647",,,
2026-08-17,COMT11,,"1030,544327","1030,544327","7,7872",,,
2026-08-17,CONF11,,"1108,610623","1108,610623","8,4658",,,
2026-08-17,CONX12,,"824,344558","824,344558","12,7657",,,
2026-08-17,CPFGA2,,"1152,098878","1152,098878","7,7562",,,
2026-08-17,CPFPA2,,"1216,986684","1216,986684","7,7251",,,
2026-08-17,CPFPA5,,"1076,327587","1076,327587","7,8321",,,
2026-08-17,CPFPA7,,"1047,113856","1047,113856","7,825",,,
2026-08-17,CPFPA9,,"1062,311663","1062,311663","7,811",,,
2026-08-17,CPFPB0,,"1017,113412","1017,113412","7,8351",,,
2026-08-17,CPFPB1,,"1019,36666","1019,36666","7,7668",,,
2026-08-17,CPFPB7,,"1025,332062","1025,332062","7,6285",,,
2026-08-17,CPGT27,,"1213,369566","1213,369566","7,6886",,,
2026-08-17,CPGT28,,"1123,696589","1123,696589","7,8327",,,
2026-08-17,CPGTA1,,"1001,777799","1001,777799","7,7715",,,
2026-08-17,CPGTC0,,"1047,413087","1047,413087","7,7817",,,
2026-08-17,CPIS13,,"1037,937487","1037,937487","8,1948",,,
2026-08-17,CPIS14,,"990,929356","990,929356","8,1533",,,
2026-08-17,CPIS15,,"1007,951158","1007,951158","8,2006",,,
2026-08-17,CPIS16,,"936,845719","936,845719","8,0667",,,
2026-08-17,CPLD15,,"966,794384","966,794384","6,8158",,,
2026-08-17,CPLD26,,"1217,190766","1217,190766","7,6864",,,
2026-08-17,CPLD29,,"1038,276805","1038,276805","7,7686",,,
2026-08-17,CPLD37,,"1141,969657","1141,969657","7,7539",,,
2026-08-17,CPLDA1,,"1000,947991","1000,947991","7,7847",,,
2026-08-17,CPLDC0,,"1001,297507","1001,297507","7,7863",,,
2026-08-17,CRCF12,,"1150,53242","1150,53242","8,9427",,,
2026-08-17,CRMG15,,"817,23974","817,23974","7,9024",,,
2026-08-17,CRNP13,,"1031,42866","1031,42866","8,7158",,,
2026-08-17,CRNP23,,"1036,910418","1036,910418","8,6489",,,
2026-08-17,CRTA12,,"1012,714968","1012,714968","8,8035",,,
2026-08-17,CRTR12,,"987,722294","987,722294","9,0232",,,
2026-08-17,CSAN33,,"1117,9361","1117,9361","10,719",,,
2026-08-17,CSMGA6,,"968,351315","968,351315","7,6135",,,
2026-08-17,CSMGB8,,"1126,461019","1126,461019","8,7303",,,
2026-08-17,CSMGB9,,"1038,104001","1038,104001","9,2696",,,
2026-08-17,CSMGC0,,"1023,617878","1023,617878","8,9109",,,
2026-08-17,CSMGE1,,"1020,389718","1020,389718","8,9871",,,
2026-08-17,CSMGE2,,"1007,491758","1007,491758","9,2933",,,
2026-08-17,CSNAA4,,"583,725779","583,725779","30,4517",,,
2026-08-17,CSNAA5,,"589,047401","589,047401","21,8962",,,
2026-08-17,CSNAA6,,"540,302837","540,302837","22,1753",,,
2026-08-17,CSNAB4,,"619,980689","619,980689","22,0534",,,
2026-08-17,CSNAB5,,"573,732053","573,732053","17,7928",,,
2026-08-17,CSNAB6,,"613,341494","613,341494","16,9048",,,
2026-08-17,CSNAC4,,"585,163231","585,163231","17,8865",,,
2026-08-17,CSNP12,,"1136,576593","1136,576593","8,3021",,,
2026-08-17,CSRN29,,"1418,156627","1418,156627","7,9676",,,
2026-08-17,CSRNA1,,"1134,333762","1134,333762","7,9686",,,
2026-08-17,CSRNA4,,"1011,130154","1011,130154","8,0357",,,
2026-08-17,CSRNB2,,"1031,747699","1031,747699","8,1306",,,
2026-08-17,CSRNB3,,"941,908083","941,908083","8,0529",,,
2026-08-17,CSRNC0,,"1162,324041","1162,324041","7,9425",,,
2026-08-17,CTEE18,,"1342,039599","1342,039599","7,5853",,,
2026-08-17,CTEE1B,,"1209,773581","1209,773581","7,6114",,,
2026-08-17,CTEE29,,"987,409671","987,409671","7,6725",,,
2026-08-17,CTEE2B,,"1147,191938","1147,191938","7,4818",,,
2026-08-17,CTGE11,,"1366,328383","1366,328383","6,812",,,
2026-08-17,CTGE13,,"1388,044074","1388,044074","7,5902",,,
2026-08-17,CTGE15,,"1079,666126","1079,666126","7,7043",,,
2026-08-17,CTNSA3,,"1019,497808","1019,497808","8,1799",,,
2026-08-17,CTNSA5,,"928,012675","928,012675","8,1741",,,
2026-08-17,CTRR11,,"682,082363","682,082363","7,6375",,,
2026-08-17,CUTI11,,"800,597448","800,597448","7,9198",,,
2026-08-17,CYAR11,,"81,506795","81,506795","10,9485",,,
2026-08-17,DESK17,,"1097,585153","1097,585153","8,0222",,,
2026-08-17,DESK18,,"1060,871398","1060,871398","7,9863",,,
2026-08-17,DESK19,,"1080,530839","1080,530839","7,9973",,,
2026-08-17,EBAS13,,"1162,402298","1162,402298","8,6364",,,
2026-08-17,EBENA8,,"1050,758654","1050,758654","7,948",,,
2026-08-17,ECER12,,"1358,859951","1358,859951","7,3859",,,
2026-08-17,ECHP11,,"965,003387","965,003387","8,2282",,,
2026-08-17,ECHP12,,"885,162202","885,162202","8,3841",,,
2026-08-17,ECHP22,,"888,29442","888,29442","8,1679",,,
2026-08-17,ECOV16,,"1010,290824","1010,290824","8,6464",,,
2026-08-17,ECPN11,,"1077,048961","1077,048961","9,8255",,,
2026-08-17,ECRD14,,"1084,330241","1084,330241","8,7072",,,
2026-08-17,EDFT11,,"1159,176057","1159,176057","8,534",,,
2026-08-17,EDPA11,,"1392,474958","1392,474958","7,8455",,,
2026-08-17,EDPT11,,"832,885549","832,885549","7,9736",,,
2026-08-17,EDTE12,,"1007,709877","1007,709877","7,6508",,,
2026-08-17,EDVP17,,"1168,658301","1168,658301","8,007",,,
2026-08-17,EEELA0,,"1078,771052","1078,771052","7,7835",,,
2026-08-17,EEELA1,,"1036,388657","1036,388657","7,8474",,,
2026-08-17,EEELA4,,"1062,237175","1062,237175","7,8123",,,
2026-08-17,EEELB1,,"1010,58775","1010,58775","7,6405",,,
2026-08-17,EEELB5,,"1017,876811","1017,876811","7,8215",,,
2026-08-17,EGIE27,,"1005,847141","1005,847141","6,8108",,,
2026-08-17,EGIE29,,"1377,557965","1377,557965","7,7108",,,
2026-08-17,EGIE49,,"1372,447929","1372,447929","7,7472",,,
2026-08-17,EGIEA0,,"1068,446323","1068,446323","7,5462",,,
2026-08-17,EGIEA1,,"1093,108818","1093,108818","7,6603",,,
2026-08-17,EGIEA6,,"958,491469","958,491469","7,5179",,,
2026-08-17,EGIEB1,,"1067,282288","1067,282288","7,5112",,,
2026-08-17,EGIEB2,,"1068,945719","1068,945719","7,6255",,,
2026-08-17,EGIEB4,,"1181,029759","1181,029759","7,5224",,,
2026-08-17,EGIEB5,,"1081,423927","1081,423927","7,563",,,
2026-08-17,EGVG11,,"557,601676","557,601676","7,8631",,,
2026-08-17,EGVG21,,"567,595556","567,595556","7,907",,,
2026-08-17,EKTRA6,,"1024,642219","1024,642219","7,8284",,,
2026-08-17,EKTRA8,,"1010,773836","1010,773836","8,0454",,,
2026-08-17,EKTRB3,,"1032,229067","1032,229067","8,1304",,,
2026-08-17,EKTRB6,,"952,294963","952,294963","7,8999",,,
2026-08-17,EKTRC0,,"1209,256357","1209,256357","8,0022",,,
2026-08-17,EKTRC1,,"1165,763334","1165,763334","7,7996",,,
2026-08-17,EKTT11,,"1170,581526","1170,581526","8,1256",,,
2026-08-17,ELDC15,,"990,222309","990,222309","9,1521",,,
2026-08-17,ELET14,,"1123,881522","1123,881522","7,6704",,,
2026-08-17,ELET16,,"1069,76087","1069,76087","7,7574",,,
2026-08-17,ELET23,,"1228,412697","1228,412697","7,6935",,,
2026-08-17,ELET42,,"1431,661254","1431,661254","7,7823",,,
2026-08-17,ELPLA5,,"1081,75076","1081,75076","11,9125",,,
2026-08-17,ELPLA7,,"994,196349","994,196349","11,9102",,,
2026-08-17,ELPLC8,,"1103,128568","1103,128568","10,2056",,,
2026-08-17,ELTE12,,"921,522532","921,522532","7,6588",,,
2026-08-17,ELTN15,,"1079,462692","1079,462692","7,7094",,,
2026-08-17,ELTN27,,"1028,969187","1028,969187","7,8403",,,
2026-08-17,ELTN37,,"1018,12261","1018,12261","7,7607",,,
2026-08-17,ENAT11,,"1069,588787","1069,588787","9,0539",,,
2026-08-17,ENAT12,,"1136,905935","1136,905935","9,1488",,,
2026-08-17,ENAT13,,"1087,930296","1087,930296","9,0366",,,
2026-08-17,ENAT14,,"1087,8623","1087,8623","9,022",,,
2026-08-17,ENAT24,,"1079,145058","1079,145058","9,0505",,,
2026-08-17,ENAT33,,"1078,174831","1078,174831","9,0701",,,
2026-08-17,ENERA1,,"1056,38665","1056,38665","8,0399",,,
2026-08-17,ENERB4,,"1018,527931","1018,527931","8,1449",,,
2026-08-17,ENERB7,,"1004,772797","1004,772797","8,1522",,,
2026-08-17,ENERC7,,"990,680684","990,680684","7,9857",,,
2026-08-17,ENEV13,,"955,421676","955,421676","6,9702",,,
2026-08-17,ENEV15,,"1373,54458","1373,54458","7,8387",,,
2026-08-17,ENEV16,,"1311,755291","1311,755291","7,866",,,
2026-08-17,ENEV18,,"1127,193191","1127,193191","8,0072",,,
2026-08-17,ENEV19,,"1182,122489","1182,122489","7,9992",,,
2026-08-17,ENEV26,,"1165,789498","1165,789498","8,033",,,
2026-08-17,ENEV28,,"1097,550384","1097,550384","7,8327",,,
2026-08-17,ENEV29,,"1156,100326","1156,100326","7,9912",,,
2026-08-17,ENEV32,,"1423,464185","1423,464185","7,967",,,
2026-08-17,ENEV39,,"1165,152535","1165,152535","7,8142",,,
2026-08-17,ENEVA0,,"1054,991813","1054,991813","8,044",,,
2026-08-17,ENEVA4,,"953,930209","953,930209","7,9925",,,
2026-08-17,ENEVB0,,"1040,240571","1040,240571","7,8518",,,
2026-08-17,ENEVB4,,"945,549952","945,549952","7,7886",,,
2026-08-17,ENGI39,,"1602,534176","1602,534176","7,2217",,,
2026-08-17,ENGIA4,,"1391,366161","1391,366161","7,1696",,,
2026-08-17,ENGIA5,,"1221,577774","1221,577774","8,0669",,,
2026-08-17,ENGIA6,,"1193,77028","1193,77028","8,0615",,,
2026-08-17,ENGIA9,,"1108,127548","1108,127548","8,0568",,,
2026-08-17,ENGIB0,,"1057,276027","1057,276027","8,0476",,,
2026-08-17,ENGIB2,,"1019,401904","1019,401904","8,1298",,,
2026-08-17,ENGIB4,,"1310,096584","1310,096584","7,8578",,,
2026-08-17,ENGIB6,,"1148,179016","1148,179016","8,0745",,,
2026-08-17,ENGIB9,,"1083,680738","1083,680738","8,1732",,,
2026-08-17,ENGIC0,,"1006,861437","1006,861437","7,9995",,,
2026-08-17,ENJG21,,"343,32013","343,32013","6,8307",,,
2026-08-17,ENMI21,,"393,157208","393,157208","6,6511",,,
2026-08-17,ENMTA3,,"1391,487275","1391,487275","7,1613",,,
2026-08-17,ENMTA4,,"1221,48007","1221,48007","8,0693",,,
2026-08-17,ENMTA5,,"1194,049561","1194,049561","8,045",,,
2026-08-17,ENMTA7,,"1055,923331","1055,923331","8,0532",,,
2026-08-17,ENMTB3,,"1312,137262","1312,137262","7,7995",,,
2026-08-17,ENMTB5,,"1147,506563","1147,506563","8,0905",,,
2026-08-17,ENMTC5,,"1007,64164","1007,64164","8,1654",,,
2026-08-17,ENMTC6,,"992,224997","992,224997","8,0047",,,
2026-08-17,ENMTD2,,"1025,477881","1025,477881","8,1719",,,
2026-08-17,ENMTD5,,"986,877731","986,877731","8,0355",,,
2026-08-17,ENMTE6,,"1004,220394","1004,220394","8,1787",,,
2026-08-17,ENMTF8,,"928,423878","928,423878","8,1673",,,
2026-08-17,ENMTG8,,"907,271251","907,271251","8,0061",,,
2026-08-17,ENSEA1,,"1236,863113","1236,863113","7,15",,,
2026-08-17,ENSEA5,,"928,805066","928,805066","8,161",,,
2026-08-17,ENSEB4,,"1012,140303","1012,140303","8,1518",,,
2026-08-17,ENSEB5,,"906,638573","906,638573","8,0146",,,
2026-08-17,ENSEC4,,"996,95017","996,95017","7,9042",,,
2026-08-17,ENTV12,,"1439,056739","1439,056739","8,0508",,,
2026-08-17,ENTV13,,"1112,287946","1112,287946","8,2593",,,
2026-08-17,EPRL12,,"1020,541275","1020,541275","8,8533",,,
2026-08-17,EQMAA0,,"1076,781905","1076,781905","8,1148",,,
2026-08-17,EQMAA2,,"1030,769154","1030,769154","8,1314",,,
2026-08-17,EQPA18,,"1073,82365","1073,82365","8,1133",,,
2026-08-17,EQPA19,,"990,852689","990,852689","8,1423",,,
2026-08-17,EQPAA1,,"938,573454","938,573454","8,0391",,,
2026-08-17,EQSP11,,"957,911932","957,911932","8,1237",,,
2026-08-17,EQSP21,,"846,983789","846,983789","8,1688",,,
2026-08-17,EQTC11,,"1166,731355","1166,731355","8,2062",,,
2026-08-17,EQTN11,,"957,818776","957,818776","8,1408",,,
2026-08-17,EQTR11,,"1167,111741","1167,111741","8,2003",,,
2026-08-17,EQTR21,,"1167,10529","1167,10529","8,2004",,,
2026-08-17,EQTS11,,"956,007908","956,007908","8,1275",,,
2026-08-17,EQUA11,,"1015,714177","1015,714177","8,1096",,,
2026-08-17,ERDVA4,,"1042,956007","1042,956007","8,6353",,,
2026-08-17,ERDVB4,,"1030,895502","1030,895502","8,7341",,,
2026-08-17,ERDVC3,,"1066,831876","1066,831876","8,7735",,,
2026-08-17,ERDVC4,,"1017,801549","1017,801549","8,5974",,,
2026-08-17,ESAM14,,"761,254641","761,254641","7,9974",,,
2026-08-17,ESCEA5,,"1051,688822","1051,688822","7,9339",,,
2026-08-17,ESSDA4,,"1019,713534","1019,713534","8,176",,,
2026-08-17,ESSDA5,,"1004,631651","1004,631651","8,172",,,
2026-08-17,ESSDB5,,"993,581846","993,581846","7,9871",,,
2026-08-17,ESULA6,,"1221,317259","1221,317259","8,0733",,,
2026-08-17,ETBA12,,"1034,802334","1034,802334","7,7192",,,
2026-08-17,ETEN12,,"1391,153165","1391,153165","7,1842",,,
2026-08-17,ETEN21,,"1480,078315","1480,078315","7,1757",,,
2026-08-17,ETEN22,,"1306,419072","1306,419072","7,9632",,,
2026-08-17,ETSP12,,"1166,699127","1166,699127","8,2067",,,
2026-08-17,EUBE11,,"821,751737","821,751737","7,5798",,,
2026-08-17,EXTZ11,,"605,079711","605,079711","7,4587",,,
2026-08-17,FBRI13,,"1129,345926","1129,345926","7,5435",,,
2026-08-17,FEPS11,,"1051,164136","1051,164136","9,0145",,,
2026-08-17,FGEN13,,"513,476137","513,476137","6,6695",,,
2026-08-17,FLCLA9,,"1005,239761","1005,239761","8,1621",,,
2026-08-17,FLCLB9,,"989,902993","989,902993","8,0349",,,
2026-08-17,FRAG14,,"1064,890355","1064,890355","8,9884",,,
2026-08-17,FRAG16,,"1052,454883","1052,454883","9,0377",,,
2026-08-17,FSII14,,"981,392958","981,392958","10,2763",,,
2026-08-17,FURN21,,"1199,429261","1199,429261","7,7429",,,
2026-08-17,GASC15,,"985,918027","985,918027","8,4286",,,
2026-08-17,GASC16,,"996,792038","996,792038","8,4105",,,
2026-08-17,GASC17,,"943,248247","943,248247","8,3082",,,
2026-08-17,GASC18,,"1026,280963","1026,280963","8,4471",,,
2026-08-17,GASC19,,"936,898518","936,898518","8,1846",,,
2026-08-17,GASC22,,"1192,550905","1192,550905","8,5122",,,
2026-08-17,GASC23,,"1123,789638","1123,789638","8,5452",,,
2026-08-17,GASC25,,"957,54246","957,54246","8,2635",,,
2026-08-17,GASC26,,"985,532544","985,532544","8,1766",,,
2026-08-17,GASC27,,"941,054213","941,054213","8,3435",,,
2026-08-17,GASC28,,"1037,383163","1037,383163","8,2311",,,
2026-08-17,GASP19,,"1185,398401","1185,398401","7,9916",,,
2026-08-17,GASP29,,"1081,722232","1081,722232","8,0263",,,
2026-08-17,GSTS14,,"1060,605155","1060,605155","10,2125",,,
2026-08-17,GSTS24,,"974,037033","974,037033","10,6394",,,
2026-08-17,HARG11,,"1067,685166","1067,685166","8,8059",,,
2026-08-17,HBSA11,,"1242,710873","1242,710873","8,2591",,,
2026-08-17,HBSA21,,"1203,812301","1203,812301","8,2437",,,
2026-08-17,HGLB23,,"1041,160376","1041,160376","11,0435",,,
2026-08-17,HSBH11,,"1007,287897","1007,287897","9,1187",,,
2026-08-17,HVSP11,,"1186,290183","1186,290183","9,3488",,,
2026-08-17,HZTC14,,"1072,930213","1072,930213","8,3874",,,
2026-08-17,IBPB11,,"1133,910016","1133,910016","8,3538",,,
2026-08-17,IGSN15,,"978,272481","978,272481","11,3295",,,
2026-08-17,IPIPA5,,"1025,216794","1025,216794","7,618",,,
2026-08-17,IRJS14,,"1136,962002","1136,962002","10,843",,,
2026-08-17,IRJS15,,"994,626529","994,626529","10,851",,,
2026-08-17,ISAEA8,,"1060,727018","1060,727018","7,6846",,,
2026-08-17,ISAEA9,,"1054,573421","1054,573421","7,5102",,,
2026-08-17,ISAEB0,,"1001,212039","1001,212039","7,4823",,,
2026-08-17,ISAEB2,,"954,617184","954,617184","7,4675",,,
2026-08-17,ISAEB8,,"1080,507009","1080,507009","7,6726",,,
2026-08-17,ISAEC0,,"989,233244","989,233244","7,5041",,,
2026-08-17,ISAEC2,,"951,748983","951,748983","7,5027",,,
2026-08-17,ITPE13,,"1065,468987","1065,468987","9,6397",,,
2026-08-17,ITPO14,,"1397,871025","1397,871025","8,0856",,,
2026-08-17,ITPO15,,"1031,432279","1031,432279","8,0943",,,
2026-08-17,IVIAA0,,"988,077785","988,077785","9,3008",,,
2026-08-17,JALL11,,"1194,431158","1194,431158","8,4737",,,
2026-08-17,JALL13,,"1134,637159","1134,637159","8,755",,,
2026-08-17,JALL14,,"1105,836211","1105,836211","8,7659",,,
2026-08-17,JALL15,,"1009,531023","1009,531023","8,7861",,,
2026-08-17,JALL21,,"1142,935657","1142,935657","8,7187",,,
2026-08-17,JALL24,,"1088,932565","1088,932565","8,7794",,,
2026-08-17,JSMLB5,,"1143,216257","1143,216257","13,6424",,,
2026-08-17,JTEE11,,"889,594866","889,594866","7,691",,,
2026-08-17,JTEE12,,"1294,24034","1294,24034","7,6526",,,
2026-08-17,KLBNA5,,"994,291401","994,291401","7,2939",,,
2026-08-17,LCAMD1,,"1197,076006","1197,076006","9,8625",,,
2026-08-17,LCAMD3,,"1162,75366","1162,75366","9,9009",,,
2026-08-17,LGEN11,,"822,158677","822,158677","7,0497",,,
2026-08-17,LIGH1B,,"76,966204","76,966204",--,,,
2026-08-17,LIGHB4,,"75,483891","75,483891",--,,,
2026-08-17,LIGHB6,,"76,966204","76,966204",--,,,
2026-08-17,LIGHB7,,"76,016004","76,016004",--,,,
2026-08-17,LIGHC3,,"76,396084","76,396084",--,,,
2026-08-17,LIGHD3,,N/D,N/D,--,,,
2026-08-17,LORTA7,,"1196,175673","1196,175673","9,8565",,,
2026-08-17,LTTE15,,"1102,268982","1102,268982","7,9486",,,
2026-08-17,MGPRA0,,"1043,925254","1043,925254","8,7834",,,
2026-08-17,MGSP12,,"1120,872431","1120,872431","7,9704",,,
2026-08-17,MOTVB9,,"992,412794","992,412794","7,6576",,,
2026-08-17,MOVI18,,"1075,114948","1075,114948","13,1028",,,
2026-08-17,MOVI37,,"1113,412632","1113,412632","13,7315",,,
2026-08-17,MRSAA1,,"1082,553171","1082,553171","7,7524",,,
2026-08-17,MRSAA2,,"1048,857902","1048,857902","7,749",,,
2026-08-17,MRSAA3,,"1030,845989","1030,845989","7,7522",,,
2026-08-17,MRSAA4,,"931,700846","931,700846","7,5751",,,
2026-08-17,MRSAB1,,"1080,987889","1080,987889","7,7478",,,
2026-08-17,MRSAB2,,"1042,614337","1042,614337","7,7749",,,
2026-08-17,MRSAB3,,"995,111428","995,111428","7,5494",,,
2026-08-17,MRSAC1,,"1079,317328","1079,317328","7,5976",,,
2026-08-17,MRSAC2,,"1044,814225","1044,814225","7,5564",,,
2026-08-17,MSGT12,,"822,956374","822,956374","7,9349",,,
2026-08-17,MSGT13,,"953,921696","953,921696","9,0154",,,
2026-08-17,MSGT23,,"1060,196431","1060,196431","7,9576",,,
2026-08-17,MSGT33,,"1011,716088","1011,716088","7,8807",,,
2026-08-17,MVLV26,,N/D,N/D,--,,,
2026-08-17,NEOE16,,"1386,87318","1386,87318","7,9654",,,
2026-08-17,NEOE26,,"834,130221","834,130221","7,9653",,,
2026-08-17,NMCH11,,"1133,488171","1133,488171","8,0991",,,
2026-08-17,NNAE12,,"1305,59789","1305,59789","8,792",,,
2026-08-17,NRTB11,,"158,042893","158,042893","12,7765",,,
2026-08-17,NRTB21,,"187,669545","187,669545","12,793",,,
2026-08-17,NTEN11,,"950,653773","950,653773","13,3875",,,
2026-08-17,NTSD19,,"992,32894","992,32894","7,4317",,,
2026-08-17,NTSDA1,,"959,139461","959,139461","7,4299",,,
2026-08-17,ODYA11,,"819,915216","819,915216","8,3205",,,
2026-08-17,OMGE12,,"1339,070226","1339,070226","8,8816",,,
2026-08-17,OMGE22,,"1370,13821","1370,13821","8,8341",,,
2026-08-17,OMGE41,,"1460,475742","1460,475742","7,8203",,,
2026-08-17,OMNG12,,"652,15743","652,15743","8,5065",,,
2026-08-17,ONZE21,,"1070,791083","1070,791083","8,5371",,,
2026-08-17,ORIG11,,"1015,939755","1015,939755","11,127",,,
2026-08-17,ORIG12,,"1007,948923","1007,948923","11,2446",,,
2026-08-17,ORVR16,,"1019,086145","1019,086145","8,4336",,,
2026-08-17,PALF38,,"1060,427374","1060,427374","6,9481",,,
2026-08-17,PALFA3,,"1078,982565","1078,982565","7,7793",,,
2026-08-17,PALFA7,,"1017,976519","1017,976519","7,791",,,
2026-08-17,PALFB3,,"1058,157868","1058,157868","7,7856",,,
2026-08-17,PALFB6,,"1060,78318","1060,78318","7,8377",,,
2026-08-17,PASN12,,"574,463951","574,463951","9,147",,,
2026-08-17,PAXA12,,"1250,529988","1250,529988","9,121",,,
2026-08-17,PEJA11,,"1175,030053","1175,030053","8,0213",,,
2026-08-17,PEJA22,,"1028,583961","1028,583961","8,1996",,,
2026-08-17,PEJA23,,"1045,50161","1045,50161","8,23",,,
2026-08-17,PETR17,,"1355,019535","1355,019535","6,9926",,,
2026-08-17,PETR18,,"1013,314687","1013,314687","7,104",,,
2026-08-17,PETR26,,"1415,690968","1415,690968","6,9746",,,
2026-08-17,PETR27,,"1208,400206","1208,400206","7,1374",,,
2026-08-17,PETR28,,"1034,55281","1034,55281","6,9647",,,
2026-08-17,PETR38,,"1051,141421","1051,141421","6,9409",,,
2026-08-17,PLSB1A,,"1119,345476","1119,345476","9,8043",,,
2026-08-17,POTE11,,"1032,927313","1032,927313","8,3873",,,
2026-08-17,POTE12,,"88,914","88,914","8,3845",,,
2026-08-17,PRAS11,,"927,928736","927,928736","8,0345",,,
2026-08-17,PRPO12,,"926,065781","926,065781","8,2546",,,
2026-08-17,PRSS11,,"1172,906626","1172,906626","9,0353",,,
2026-08-17,PRTE12,,"425,485567","425,485567","6,9537",,,
2026-08-17,PTAZ11,,"1097,623133","1097,623133","7,9516",,,
2026-08-17,QMCT14,,"1075,086263","1075,086263","9,0449",,,
2026-08-17,QUAT13,,"1024,422438","1024,422438","9,1253",,,
2026-08-17,RAIZ13,,"549,087153","549,087153",--,,,
2026-08-17,RAIZ23,,"536,873209","536,873209",--,,,
2026-08-17,RALM11,,"1138,398037","1138,398037","9,0152",,,
2026-08-17,RALM21,,"1062,303134","1062,303134","9,0299",,,
2026-08-17,RATL11,,"1171,151582","1171,151582","7,8121",,,
2026-08-17,RDOE18,,"1074,983124","1074,983124","7,781",,,
2026-08-17,RDVE11,,"1093,505821","1093,505821","7,8551",,,
2026-08-17,RECV11,,"1096,927021","1096,927021","8,2542",,,
2026-08-17,RECV14,,"1028,943629","1028,943629","7,9094",,,
2026-08-17,RECV24,,"980,345078","980,345078","8,4574",,,
2026-08-17,RENTD1,,"1181,621716","1181,621716","9,9001",,,
2026-08-17,RESA14,,"705,237044","705,237044",--,,,
2026-08-17,RESA15,,"699,637295","699,637295",--,,,
2026-08-17,RESA17,,"612,364242","612,364242",--,,,
2026-08-17,RESA27,,"611,039846","611,039846",--,,,
2026-08-17,RIGEA1,,N/D,N/D,--,,,
2026-08-17,RIGEA3,,"1174,346069","1174,346069","7,75",,,
2026-08-17,RIPR22,,"1213,599834","1213,599834","7,7401",,,
2026-08-17,RIS412,,"9,533448","9,533448","12,0542",,,
2026-08-17,RIS414,,"0,958799","0,958799","11,8784",,,
2026-08-17,RIS422,,"8,59318","8,59318","11,2902",,,
2026-08-17,RIS424,,"0,898882","0,898882","11,1582",,,
2026-08-17,RISP12,,"9,592967","9,592967","11,8798",,,
2026-08-17,RISP14,,"0,958759","0,958759","11,8795",,,
2026-08-17,RISP22,,"8,628611","8,628611","11,2295",,,
2026-08-17,RISP24,,"0,897332","0,897332","11,1841",,,
2026-08-17,RLMS13,,"1017,301881","1017,301881","8,636",,,
2026-08-17,RMSA12,,"1217,620724","1217,620724","9,8135",,,
2026-08-17,ROTY13,,"1012,185114","1012,185114","7,8554",,,
2026-08-17,RPTA14,,"1123,15465","1123,15465","8,698",,,
2026-08-17,RRRP13,,"1146,398278","1146,398278","9,0708",,,
2026-08-17,RSAN16,,"995,831444","995,831444","9,4708",,,
2026-08-17,RSAN26,,"981,355172","981,355172","9,3986",,,
2026-08-17,RSAN34,,"653,694141","653,694141","8,754",,,
2026-08-17,RSAN44,,"880,851877","880,851877","9,4375",,,
2026-08-17,RUMOA2,,"1411,584775","1411,584775","8,4931",,,
2026-08-17,RUMOA3,,"1385,021388","1385,021388","8,4991",,,
2026-08-17,RUMOA4,,"1417,796355","1417,796355","8,3717",,,
2026-08-17,RUMOA5,,"1200,059678","1200,059678","8,478",,,
2026-08-17,RUMOA6,,"1170,435701","1170,435701","8,6533",,,
2026-08-17,RUMOA7,,"1074,157306","1074,157306","8,2521",,,
2026-08-17,RUMOB3,,"1360,767782","1360,767782","8,5215",,,
2026-08-17,RUMOB5,,"1037,115232","1037,115232","8,4116",,,
2026-08-17,RUMOB6,,"1034,554835","1034,554835","8,3954",,,
2026-08-17,RUMOB7,,"1033,821536","1033,821536","8,5038",,,
2026-08-17,SABP12,,"1093,868779","1093,868779","11,2182",,,
2026-08-17,SAELA1,,"1192,226677","1192,226677","7,9686",,,
2026-08-17,SAELA3,,"1056,090607","1056,090607","8,078",,,
2026-08-17,SAELA7,,"1005,282776","1005,282776","8,1614",,,
2026-08-17,SAELB3,,"1003,48004","1003,48004","8,0452",,,
2026-08-17,SAELB7,,"993,018738","993,018738","7,9944",,,
2026-08-17,SAELB8,,"928,272672","928,272672","8,1698",,,
2026-08-17,SAPR10,,"14414,723356","14414,723356","7,1386",,,
2026-08-17,SAPRA2,,"1281,046373","1281,046373","7,6123",,,
2026-08-17,SAPRA3,,"1232,172872","1232,172872","7,5188",,,
2026-08-17,SAPRB3,,"1159,994349","1159,994349","7,6389",,,
2026-08-17,SAUC16,,"1093,859499","1093,859499","12,5489",,,
2026-08-17,SAVI13,,"646,113537","646,113537","8,5475",,,
2026-08-17,SBSPB6,,"1418,563086","1418,563086","6,6735",,,
2026-08-17,SBSPC6,,"1352,530128","1352,530128","7,4909",,,
2026-08-17,SBSPD4,,"1366,539596","1366,539596","7,6408",,,
2026-08-17,SBSPE3,,"1120,784048","1120,784048","7,5941",,,
2026-08-17,SBSPE9,,"1201,7621","1201,7621","7,5497",,,
2026-08-17,SBSPF3,,"1116,3707","1116,3707","7,4588",,,
2026-08-17,SBSPF9,,"1124,613511","1124,613511","7,6402",,,
2026-08-17,SBSPI8,,"939,011352","939,011352","7,6219",,,
2026-08-17,SBSPJ8,,"942,234453","942,234453","7,4718",,,
2026-08-17,SBSPK8,,"925,851712","925,851712","7,4566",,,
2026-08-17,SDOM12,,N/D,N/D,--,,,
2026-08-17,SERI11,,"942,383668","942,383668","8,7943",,,
2026-08-17,SMTO14,,"1104,097536","1104,097536","8,5527",,,
2026-08-17,SMTO15,,"1221,889163","1221,889163","8,1799",,,
2026-08-17,SMTO24,,"1051,520559","1051,520559","8,5225",,,
2026-08-17,SPRZ11,,"711,676936","711,676936","7,6113",,,
2026-08-17,SRBS11,,"1006,426869","1006,426869","7,6541",,,
2026-08-17,SRNA11,,"1040,728662","1040,728662","9,2975",,,
2026-08-17,SRTI11,,"736,049689","736,049689","8,3042",,,
2026-08-17,STBP35,,"1025,994609","1025,994609","7,6875",,,
2026-08-17,STBP45,,"1006,834505","1006,834505","7,6591",,,
2026-08-17,STRZ11,,"1036,814001","1036,814001","8,2003",,,
2026-08-17,SUMI17,,"897,66932","897,66932","13,9902",,,
2026-08-17,SUMI18,,"909,380129","909,380129","14,6835",,,
2026-08-17,SUMI19,,"929,166692","929,166692","13,8089",,,
2026-08-17,SUMI37,,"819,439195","819,439195","14,5096",,,
2026-08-17,SUZB19,,"1111,460794","1111,460794","7,3923",,,
2026-08-17,SUZB29,,"1088,455942","1088,455942","7,4999",,,
2026-08-17,SUZBA0,,"1078,169542","1078,169542","7,3556",,,
2026-08-17,SUZBC1,,"1030,566044","1030,566044","7,5032",,,
2026-08-17,TAEE17,,"1458,523794","1458,523794","7,6473",,,
2026-08-17,TAEE18,,"1113,349102","1113,349102","7,6643",,,
2026-08-17,TAEE26,,"1259,596572","1259,596572","7,4617",,,
2026-08-17,TAEEA2,,"1122,369459","1122,369459","7,6599",,,
2026-08-17,TAEEA4,,"1063,876416","1063,876416","7,6934",,,
2026-08-17,TAEEA7,,"1171,502281","1171,502281","7,5202",,,
2026-08-17,TAEEA8,,"1097,10853","1097,10853","7,7415",,,
2026-08-17,TAEEB0,,"979,344327","979,344327","7,3521",,,
2026-08-17,TAEEB2,,"1172,442041","1172,442041","7,5033",,,
2026-08-17,TAEEB4,,"1059,929461","1059,929461","7,6473",,,
2026-08-17,TAEEB8,,"1090,313038","1090,313038","7,5939",,,
2026-08-17,TAEEC2,,"1142,156288","1142,156288","7,6134",,,
2026-08-17,TAEEC4,,"1071,634008","1071,634008","7,5176",,,
2026-08-17,TAEED2,,"1085,9382","1085,9382","7,6295",,,
2026-08-17,TBEG11,,"925,864457","925,864457","9,128",,,
2026-08-17,TCII11,,"1127,199585","1127,199585","8,1768",,,
2026-08-17,TEPA11,,"1033,483469","1033,483469","19,2837",,,
2026-08-17,TEPA12,,"927,476585","927,476585","18,4735",,,
2026-08-17,TEPA13,,"993,828231","993,828231","15,4798",,,
2026-08-17,TIET18,,"762,233564","762,233564","8,0995",,,
2026-08-17,TIET29,,"1439,862555","1439,862555","8,0157",,,
2026-08-17,TIET39,,"1437,914781","1437,914781","8,0645",,,
2026-08-17,TIMS12,,"867,927588","867,927588","6,4982",,,
2026-08-17,TNHL11,,"1098,82877","1098,82877","8,1191",,,
2026-08-17,TPEN11,,"1048,951463","1048,951463","7,7201",,,
2026-08-17,TPNO12,,"621,121875","621,121875","7,7537",,,
2026-08-17,TPNO13,,"1071,569213","1071,569213","7,6284",,,
2026-08-17,TRCC11,,"1047,695899","1047,695899","7,8015",,,
2026-08-17,TRGO11,,"1015,753491","1015,753491","8,207",,,
2026-08-17,TRGP13,,"1027,616227","1027,616227","7,5315",,,
2026-08-17,TRPLA4,,"1081,719799","1081,719799","7,7416",,,
2026-08-17,TRPLA7,,"1147,35908","1147,35908","7,4775",,,
2026-08-17,TRPLB4,,"1077,919245","1077,919245","7,5055",,,
2026-08-17,TRPLB7,,"1039,00422","1039,00422","7,5275",,,
2026-08-17,TRRG12,,"1064,35881","1064,35881","7,8908",,,
2026-08-17,TSSG21,,"1061,129416","1061,129416","7,5993",,,
2026-08-17,TUPW21,,"916,768283","916,768283","12,0024",,,
2026-08-17,TVVH11,,"822,039907","822,039907","8,356",,,
2026-08-17,UHSM12,,"1175,796097","1175,796097","7,56",,,
2026-08-17,ULFT14,,"987,324063","987,324063","7,9427",,,
2026-08-17,UNEG11,,"1140,709663","1140,709663","8,7152",,,
2026-08-17,UNTE11,,"450,791679","450,791679","7,8456",,,
2026-08-17,USAS11,,"675,133004","675,133004","8,1209",,,
2026-08-17,USAS12,,"1040,931434","1040,931434","9,0966",,,
2026-08-17,USAS22,,"1025,383242","1025,383242","9,1761",,,
2026-08-17,USNA13,,"1030,376842","1030,376842","9,6078",,,
2026-08-17,UTPS11,,"642,35849","642,35849","8,0563",,,
2026-08-17,UTPS12,,"619,199824","619,199824","8,0549",,,
2026-08-17,UTPS21,,"1356,524725","1356,524725","9,0874",,,
2026-08-17,UTPS22,,"1220,366991","1220,366991","8,9998",,,
2026-08-17,VALE48,,"1031,579944","1031,579944","7,2334",,,
2026-08-17,VALEA0,,"1064,741695","1064,741695","7,1344",,,
2026-08-17,VALEB0,,"1073,249942","1073,249942","6,964",,,
2026-08-17,VALEB1,,"1054,307297","1054,307297","7,1868",,,
2026-08-17,VALEC0,,"1052,687392","1052,687392","7,0967",,,
2026-08-17,VALEC1,,"1046,001349","1046,001349","7,0996",,,
2026-08-17,VALED1,,"1049,743639","1049,743639","7,037",,,
2026-08-17,VAMO33,,"1062,005921","1062,005921","14,1331",,,
2026-08-17,VAMO34,,"1071,485957","1071,485957","14,0019",,,
2026-08-17,VBBRA0,,"997,093511","997,093511","8,2191",,,
2026-08-17,VBRR11,,"1178,915698","1178,915698","11,0464",,,
2026-08-17,VDBF12,,"1054,910606","1054,910606","8,4392",,,
2026-08-17,VERO12,,"1007,778913","1007,778913",--,,,
2026-08-17,VERO13,,"962,688742","962,688742",--,,,
2026-08-17,VERO24,,"935,155002","935,155002",--,,,
2026-08-17,VERO25,,"875,723041","875,723041",--,,,
2026-08-17,VERO35,,"869,597371","869,597371",--,,,
2026-08-17,VERO44,,"926,055092","926,055092",--,,,
2026-08-17,VIALA5,,"1018,43055","1018,43055","7,7885",,,
2026-08-17,VLIM13,,"1219,240521","1219,240521","7,7885",,,
2026-08-17,VLIM14,,"1134,252982","1134,252982","7,7877",,,
2026-08-17,VLIM15,,"1065,815086","1065,815086","7,8196",,,
2026-08-17,VLIM16,,"1041,709824","1041,709824","7,9444",,,
2026-08-17,VLIM17,,"1018,385135","1018,385135","7,9234",,,
2026-08-17,VLIM18,,"988,750011","988,750011","7,9175",,,
2026-08-17,VLIM19,,"956,031306","956,031306","7,8249",,,
2026-08-17,VLIM26,,"1017,723427","1017,723427","7,9693",,,
2026-08-17,VLIM27,,"1010,786498","1010,786498","7,8038",,,
2026-08-17,VLIM28,,"982,797798","982,797798","7,8194",,,
2026-08-17,VLIM29,,"941,919629","941,919629","7,7811",,,
2026-08-17,VPLT12,,"216,260978","216,260978","8,1365",,,
2026-08-17,VRDN12,,"1171,123575","1171,123575","8,7358",,,
2026-08-17,WDPR11,,"709,926699","709,926699","7,5028",,,
2026-08-17,WNTY12,,"996,524643","996,524643","9,6979",,,
2026-08-17,XNGU17,,"1036,817817","1036,817817","7,5321",,,
2026-08-17,AEGPA8,,"988,622654","988,622654","17,245",,,
2026-08-17,BTEL13,,"1014,191447","1014,191447","16,1196",,,
2026-08-17,CEEBD1,,"920,113366","920,113366","14,5192",,,
2026-08-17,CEPEA6,,"1009,425769","1009,425769","14,4578",,,
2026-08-17,CEROA3,,"1002,981148","1002,981148","14,5538",,,
2026-08-17,EGIEA2,,"989,172478","989,172478","13,9284",,,
2026-08-17,EGIEA4,,"1221,384296","1221,384296","14,0144",,,
2026-08-17,EGIEA5,,"1084,359954","1084,359954","14,1209",,,
2026-08-17,EGIEC1,,"1246,498323","1246,498323","13,7757",,,
2026-08-17,EKTRA5,,"1010,315113","1010,315113","14,4324",,,
2026-08-17,ELTN17,,"978,422029","978,422029","14,1377",,,
2026-08-17,ENAT23,,"968,152065","968,152065","15,6598",,,
2026-08-17,ENAT32,,"1021,158383","1021,158383","15,5544",,,
2026-08-17,ENERB6,,"1002,580613","1002,580613","14,5652",,,
2026-08-17,ENMTC4,,"999,755575","999,755575","14,6458",,,
2026-08-17,ORIG21,,"898,92886","898,92886","17,6942",,,
2026-08-17,ORIG22,,"946,44629","946,44629","17,9149",,,
2026-08-17,PEJA12,,N/D,N/D,--,,,
2026-08-17,PEJA13,,N/D,N/D,--,,,
2026-08-17,RECV21,,"983,462101","983,462101","14,7415",,,
2026-08-17,TEPA23,,"1046,137849","1046,137849","19,4903",,,
2026-08-17,VLIM25,,N/D,N/D,--,,,
